run,model,protocol,seed,stage,split,metric,value,ci_low,ci_high,status
bscan_controlled__P1__seed42,bscan_controlled,P1,42,B,validation,n,2998.0,,,placeholder
bscan_controlled__P1__seed42,bscan_controlled,P1,42,B,validation,n_spoof,1499.0,,,placeholder
bscan_controlled__P1__seed42,bscan_controlled,P1,42,B,validation,n_bonafide,1499.0,,,placeholder
bscan_controlled__P1__seed42,bscan_controlled,P1,42,B,validation,threshold,0.47883464568717676,,,placeholder
bscan_controlled__P1__seed42,bscan_controlled,P1,42,B,validation,accuracy,0.6647765176784523,0.6481240901020862,0.6831255749606787,placeholder
bscan_controlled__P1__seed42,bscan_controlled,P1,42,B,validation,balanced_accuracy,0.6647765176784524,,,placeholder
bscan_controlled__P1__seed42,bscan_controlled,P1,42,B,validation,precision_spoof,0.664886515353805,,,placeholder
bscan_controlled__P1__seed42,bscan_controlled,P1,42,B,validation,recall_spoof_sensitivity,0.6644429619746498,,,placeholder
bscan_controlled__P1__seed42,bscan_controlled,P1,42,B,validation,specificity_bonafide_recall,0.6651100733822548,,,placeholder
bscan_controlled__P1__seed42,bscan_controlled,P1,42,B,validation,f1_spoof,0.6646646646646646,,,placeholder
bscan_controlled__P1__seed42,bscan_controlled,P1,42,B,validation,f1_macro,0.664776480381682,0.6480882612345438,0.6829670942211288,placeholder
bscan_controlled__P1__seed42,bscan_controlled,P1,42,B,validation,auc,0.7407379881005838,0.7236353791367753,0.7607434638725817,placeholder
bscan_controlled__P1__seed42,bscan_controlled,P1,42,B,validation,eer,0.3355570380253502,0.31312357182439127,0.3498430219431501,placeholder
bscan_controlled__P1__seed42,bscan_controlled,P1,42,B,validation,fpr,0.33488992661774514,,,placeholder
bscan_controlled__P1__seed42,bscan_controlled,P1,42,B,validation,fnr,0.33555703802535025,,,placeholder
bscan_controlled__P1__seed42,bscan_controlled,P1,42,B,validation,tp,996.0,,,placeholder
bscan_controlled__P1__seed42,bscan_controlled,P1,42,B,validation,tn,997.0,,,placeholder
bscan_controlled__P1__seed42,bscan_controlled,P1,42,B,validation,fp,502.0,,,placeholder
bscan_controlled__P1__seed42,bscan_controlled,P1,42,B,validation,fn,503.0,,,placeholder
bscan_controlled__P1__seed42,bscan_controlled,P1,42,B,validation,brier,0.2150543012330325,,,placeholder
bscan_controlled__P1__seed42,bscan_controlled,P1,42,B,validation,ece,0.09335509407995496,,,placeholder
bscan_controlled__P1__seed42,bscan_controlled,P1,42,B,validation,n_clusters,1495.0,,,placeholder
bscan_controlled__P1__seed42,bscan_controlled,P1,42,B,internal_test,n,2998.0,,,placeholder
bscan_controlled__P1__seed42,bscan_controlled,P1,42,B,internal_test,n_spoof,1499.0,,,placeholder
bscan_controlled__P1__seed42,bscan_controlled,P1,42,B,internal_test,n_bonafide,1499.0,,,placeholder
bscan_controlled__P1__seed42,bscan_controlled,P1,42,B,internal_test,threshold,0.47883464568717676,,,placeholder
bscan_controlled__P1__seed42,bscan_controlled,P1,42,B,internal_test,accuracy,0.747498332221481,0.7319753655497884,0.7635883451323419,placeholder
bscan_controlled__P1__seed42,bscan_controlled,P1,42,B,internal_test,balanced_accuracy,0.747498332221481,,,placeholder
bscan_controlled__P1__seed42,bscan_controlled,P1,42,B,internal_test,precision_spoof,0.7270501835985312,,,placeholder
bscan_controlled__P1__seed42,bscan_controlled,P1,42,B,internal_test,recall_spoof_sensitivity,0.7925283522348232,,,placeholder
bscan_controlled__P1__seed42,bscan_controlled,P1,42,B,internal_test,specificity_bonafide_recall,0.7024683122081388,,,placeholder
bscan_controlled__P1__seed42,bscan_controlled,P1,42,B,internal_test,f1_spoof,0.7583785509096712,,,placeholder
bscan_controlled__P1__seed42,bscan_controlled,P1,42,B,internal_test,f1_macro,0.7469852936176019,0.731629270704766,0.7631423689225297,placeholder
bscan_controlled__P1__seed42,bscan_controlled,P1,42,B,internal_test,auc,0.8294072855330283,0.8143661307760838,0.8465710869523504,placeholder
bscan_controlled__P1__seed42,bscan_controlled,P1,42,B,internal_test,eer,0.25216811207471646,0.232661623246493,0.26735772303595207,placeholder
bscan_controlled__P1__seed42,bscan_controlled,P1,42,B,internal_test,fpr,0.29753168779186123,,,placeholder
bscan_controlled__P1__seed42,bscan_controlled,P1,42,B,internal_test,fnr,0.2074716477651768,,,placeholder
bscan_controlled__P1__seed42,bscan_controlled,P1,42,B,internal_test,tp,1188.0,,,placeholder
bscan_controlled__P1__seed42,bscan_controlled,P1,42,B,internal_test,tn,1053.0,,,placeholder
bscan_controlled__P1__seed42,bscan_controlled,P1,42,B,internal_test,fp,446.0,,,placeholder
bscan_controlled__P1__seed42,bscan_controlled,P1,42,B,internal_test,fn,311.0,,,placeholder
bscan_controlled__P1__seed42,bscan_controlled,P1,42,B,internal_test,brier,0.18860288818135362,,,placeholder
bscan_controlled__P1__seed42,bscan_controlled,P1,42,B,internal_test,ece,0.12704525192696492,,,placeholder
bscan_controlled__P1__seed42,bscan_controlled,P1,42,B,internal_test,n_clusters,1494.0,,,placeholder
bscan_controlled__P1__seed42,bscan_controlled,P1,42,B,external_BF-MOZ,n,5594.0,,,placeholder
bscan_controlled__P1__seed42,bscan_controlled,P1,42,B,external_BF-MOZ,n_spoof,2797.0,,,placeholder
bscan_controlled__P1__seed42,bscan_controlled,P1,42,B,external_BF-MOZ,n_bonafide,2797.0,,,placeholder
bscan_controlled__P1__seed42,bscan_controlled,P1,42,B,external_BF-MOZ,threshold,0.47883464568717676,,,placeholder
bscan_controlled__P1__seed42,bscan_controlled,P1,42,B,external_BF-MOZ,accuracy,0.8130139435109045,0.8024490525563104,0.8242983553807651,placeholder
bscan_controlled__P1__seed42,bscan_controlled,P1,42,B,external_BF-MOZ,balanced_accuracy,0.8130139435109045,,,placeholder
bscan_controlled__P1__seed42,bscan_controlled,P1,42,B,external_BF-MOZ,precision_spoof,0.748792270531401,,,placeholder
bscan_controlled__P1__seed42,bscan_controlled,P1,42,B,external_BF-MOZ,recall_spoof_sensitivity,0.9420808008580622,,,placeholder
bscan_controlled__P1__seed42,bscan_controlled,P1,42,B,external_BF-MOZ,specificity_bonafide_recall,0.6839470861637469,,,placeholder
bscan_controlled__P1__seed42,bscan_controlled,P1,42,B,external_BF-MOZ,f1_spoof,0.8343888537048766,,,placeholder
bscan_controlled__P1__seed42,bscan_controlled,P1,42,B,external_BF-MOZ,f1_macro,0.8098463151939819,0.7990208282794921,0.8217204111545175,placeholder
bscan_controlled__P1__seed42,bscan_controlled,P1,42,B,external_BF-MOZ,auc,0.9279450414785031,0.9207170740293402,0.9358303958132781,placeholder
bscan_controlled__P1__seed42,bscan_controlled,P1,42,B,external_BF-MOZ,eer,0.15051841258491241,0.1415266356810869,0.16161065427243473,placeholder
bscan_controlled__P1__seed42,bscan_controlled,P1,42,B,external_BF-MOZ,fpr,0.3160529138362531,,,placeholder
bscan_controlled__P1__seed42,bscan_controlled,P1,42,B,external_BF-MOZ,fnr,0.05791919914193779,,,placeholder
bscan_controlled__P1__seed42,bscan_controlled,P1,42,B,external_BF-MOZ,tp,2635.0,,,placeholder
bscan_controlled__P1__seed42,bscan_controlled,P1,42,B,external_BF-MOZ,tn,1913.0,,,placeholder
bscan_controlled__P1__seed42,bscan_controlled,P1,42,B,external_BF-MOZ,fp,884.0,,,placeholder
bscan_controlled__P1__seed42,bscan_controlled,P1,42,B,external_BF-MOZ,fn,162.0,,,placeholder
bscan_controlled__P1__seed42,bscan_controlled,P1,42,B,external_BF-MOZ,brier,0.1641586575779882,,,placeholder
bscan_controlled__P1__seed42,bscan_controlled,P1,42,B,external_BF-MOZ,ece,0.18763076972921208,,,placeholder
bscan_controlled__P1__seed42,bscan_controlled,P1,42,B,external_BF-MOZ,n_clusters,2797.0,,,placeholder
bscan_controlled__P1__seed42,bscan_controlled,P1,42,B,external_MEN,n,4500.0,,,placeholder
bscan_controlled__P1__seed42,bscan_controlled,P1,42,B,external_MEN,n_spoof,2250.0,,,placeholder
bscan_controlled__P1__seed42,bscan_controlled,P1,42,B,external_MEN,n_bonafide,2250.0,,,placeholder
bscan_controlled__P1__seed42,bscan_controlled,P1,42,B,external_MEN,threshold,0.47883464568717676,,,placeholder
bscan_controlled__P1__seed42,bscan_controlled,P1,42,B,external_MEN,accuracy,0.8111111111111111,0.7997722222222222,0.8202333333333333,placeholder
bscan_controlled__P1__seed42,bscan_controlled,P1,42,B,external_MEN,balanced_accuracy,0.8111111111111111,,,placeholder
bscan_controlled__P1__seed42,bscan_controlled,P1,42,B,external_MEN,precision_spoof,0.7470007057163021,,,placeholder
bscan_controlled__P1__seed42,bscan_controlled,P1,42,B,external_MEN,recall_spoof_sensitivity,0.9408888888888889,,,placeholder
bscan_controlled__P1__seed42,bscan_controlled,P1,42,B,external_MEN,specificity_bonafide_recall,0.6813333333333333,,,placeholder
bscan_controlled__P1__seed42,bscan_controlled,P1,42,B,external_MEN,f1_spoof,0.8328088119590873,,,placeholder
bscan_controlled__P1__seed42,bscan_controlled,P1,42,B,external_MEN,f1_macro,0.8078752946414436,0.7958134920284391,0.8171842754634022,placeholder
bscan_controlled__P1__seed42,bscan_controlled,P1,42,B,external_MEN,auc,0.9189027160493828,0.911442661728395,0.9267799506172839,placeholder
bscan_controlled__P1__seed42,bscan_controlled,P1,42,B,external_MEN,eer,0.15777777777777777,0.14755555555555555,0.1680111111111111,placeholder
bscan_controlled__P1__seed42,bscan_controlled,P1,42,B,external_MEN,fpr,0.31866666666666665,,,placeholder
bscan_controlled__P1__seed42,bscan_controlled,P1,42,B,external_MEN,fnr,0.059111111111111114,,,placeholder
bscan_controlled__P1__seed42,bscan_controlled,P1,42,B,external_MEN,tp,2117.0,,,placeholder
bscan_controlled__P1__seed42,bscan_controlled,P1,42,B,external_MEN,tn,1533.0,,,placeholder
bscan_controlled__P1__seed42,bscan_controlled,P1,42,B,external_MEN,fp,717.0,,,placeholder
bscan_controlled__P1__seed42,bscan_controlled,P1,42,B,external_MEN,fn,133.0,,,placeholder
bscan_controlled__P1__seed42,bscan_controlled,P1,42,B,external_MEN,brier,0.1678284708954643,,,placeholder
bscan_controlled__P1__seed42,bscan_controlled,P1,42,B,external_MEN,ece,0.17985918038992701,,,placeholder
bscan_controlled__P1__seed42,bscan_controlled,P1,42,B,external_MEN,n_clusters,75.0,,,placeholder
bscan_controlled__P1__seed42,bscan_controlled,P1,42,B,external_BF-NEWS,n,1000.0,,,placeholder
bscan_controlled__P1__seed42,bscan_controlled,P1,42,B,external_BF-NEWS,n_spoof,0.0,,,placeholder
bscan_controlled__P1__seed42,bscan_controlled,P1,42,B,external_BF-NEWS,n_bonafide,1000.0,,,placeholder
bscan_controlled__P1__seed42,bscan_controlled,P1,42,B,external_BF-NEWS,threshold,0.47883464568717676,,,placeholder
bscan_controlled__P1__seed42,bscan_controlled,P1,42,B,external_BF-NEWS,accuracy,0.665,,,placeholder
bscan_controlled__P1__seed42,bscan_controlled,P1,42,B,external_BF-NEWS,balanced_accuracy,,,,placeholder
bscan_controlled__P1__seed42,bscan_controlled,P1,42,B,external_BF-NEWS,precision_spoof,0.0,,,placeholder
bscan_controlled__P1__seed42,bscan_controlled,P1,42,B,external_BF-NEWS,recall_spoof_sensitivity,,,,placeholder
bscan_controlled__P1__seed42,bscan_controlled,P1,42,B,external_BF-NEWS,specificity_bonafide_recall,0.665,,,placeholder
bscan_controlled__P1__seed42,bscan_controlled,P1,42,B,external_BF-NEWS,f1_spoof,,,,placeholder
bscan_controlled__P1__seed42,bscan_controlled,P1,42,B,external_BF-NEWS,f1_macro,,,,placeholder
bscan_controlled__P1__seed42,bscan_controlled,P1,42,B,external_BF-NEWS,auc,,,,placeholder
bscan_controlled__P1__seed42,bscan_controlled,P1,42,B,external_BF-NEWS,eer,,,,placeholder
bscan_controlled__P1__seed42,bscan_controlled,P1,42,B,external_BF-NEWS,fpr,0.335,,,placeholder
bscan_controlled__P1__seed42,bscan_controlled,P1,42,B,external_BF-NEWS,fnr,,,,placeholder
bscan_controlled__P1__seed42,bscan_controlled,P1,42,B,external_BF-NEWS,tp,0.0,,,placeholder
bscan_controlled__P1__seed42,bscan_controlled,P1,42,B,external_BF-NEWS,tn,665.0,,,placeholder
bscan_controlled__P1__seed42,bscan_controlled,P1,42,B,external_BF-NEWS,fp,335.0,,,placeholder
bscan_controlled__P1__seed42,bscan_controlled,P1,42,B,external_BF-NEWS,fn,0.0,,,placeholder
bscan_controlled__P1__seed42,bscan_controlled,P1,42,B,external_BF-NEWS,frac_pred_spoof,0.335,0.3072996246246246,0.3654062312312312,placeholder
bscan_controlled__P1__seed42,bscan_controlled,P1,42,B,external_BF-NEWS,n_clusters,997.0,,,placeholder
bscan_orig6s__P1__seed42,bscan_orig6s,P1,42,B,validation,n,2998.0,,,placeholder
bscan_orig6s__P1__seed42,bscan_orig6s,P1,42,B,validation,n_spoof,1499.0,,,placeholder
bscan_orig6s__P1__seed42,bscan_orig6s,P1,42,B,validation,n_bonafide,1499.0,,,placeholder
bscan_orig6s__P1__seed42,bscan_orig6s,P1,42,B,validation,threshold,1.2213985456774725,,,placeholder
bscan_orig6s__P1__seed42,bscan_orig6s,P1,42,B,validation,accuracy,0.8949299533022015,0.8841769709869227,0.9090621398872123,placeholder
bscan_orig6s__P1__seed42,bscan_orig6s,P1,42,B,validation,balanced_accuracy,0.8949299533022015,,,placeholder
bscan_orig6s__P1__seed42,bscan_orig6s,P1,42,B,validation,precision_spoof,0.8951935914552737,,,placeholder
bscan_orig6s__P1__seed42,bscan_orig6s,P1,42,B,validation,recall_spoof_sensitivity,0.8945963975983989,,,placeholder
bscan_orig6s__P1__seed42,bscan_orig6s,P1,42,B,validation,specificity_bonafide_recall,0.895263509006004,,,placeholder
bscan_orig6s__P1__seed42,bscan_orig6s,P1,42,B,validation,f1_spoof,0.8948948948948949,,,placeholder
bscan_orig6s__P1__seed42,bscan_orig6s,P1,42,B,validation,f1_macro,0.8949299416121691,0.8841756412729014,0.9090620450450861,placeholder
bscan_orig6s__P1__seed42,bscan_orig6s,P1,42,B,validation,auc,0.9627970793070408,0.9561065194396765,0.9686853889545544,placeholder
bscan_orig6s__P1__seed42,bscan_orig6s,P1,42,B,validation,eer,0.104736490993996,0.08992785406079969,0.11416697691652027,placeholder
bscan_orig6s__P1__seed42,bscan_orig6s,P1,42,B,validation,fpr,0.104736490993996,,,placeholder
bscan_orig6s__P1__seed42,bscan_orig6s,P1,42,B,validation,fnr,0.10540360240160107,,,placeholder
bscan_orig6s__P1__seed42,bscan_orig6s,P1,42,B,validation,tp,1341.0,,,placeholder
bscan_orig6s__P1__seed42,bscan_orig6s,P1,42,B,validation,tn,1342.0,,,placeholder
bscan_orig6s__P1__seed42,bscan_orig6s,P1,42,B,validation,fp,157.0,,,placeholder
bscan_orig6s__P1__seed42,bscan_orig6s,P1,42,B,validation,fn,158.0,,,placeholder
bscan_orig6s__P1__seed42,bscan_orig6s,P1,42,B,validation,brier,0.154532913722428,,,placeholder
bscan_orig6s__P1__seed42,bscan_orig6s,P1,42,B,validation,ece,0.21241059564347034,,,placeholder
bscan_orig6s__P1__seed42,bscan_orig6s,P1,42,B,validation,n_clusters,1495.0,,,placeholder
bscan_orig6s__P1__seed42,bscan_orig6s,P1,42,B,internal_test,n,2998.0,,,placeholder
bscan_orig6s__P1__seed42,bscan_orig6s,P1,42,B,internal_test,n_spoof,1499.0,,,placeholder
bscan_orig6s__P1__seed42,bscan_orig6s,P1,42,B,internal_test,n_bonafide,1499.0,,,placeholder
bscan_orig6s__P1__seed42,bscan_orig6s,P1,42,B,internal_test,threshold,1.2213985456774725,,,placeholder
bscan_orig6s__P1__seed42,bscan_orig6s,P1,42,B,internal_test,accuracy,0.875917278185457,0.865576421070011,0.8877774240068923,placeholder
bscan_orig6s__P1__seed42,bscan_orig6s,P1,42,B,internal_test,balanced_accuracy,0.875917278185457,,,placeholder
bscan_orig6s__P1__seed42,bscan_orig6s,P1,42,B,internal_test,precision_spoof,0.8888888888888888,,,placeholder
bscan_orig6s__P1__seed42,bscan_orig6s,P1,42,B,internal_test,recall_spoof_sensitivity,0.8592394929953302,,,placeholder
bscan_orig6s__P1__seed42,bscan_orig6s,P1,42,B,internal_test,specificity_bonafide_recall,0.8925950633755837,,,placeholder
bscan_orig6s__P1__seed42,bscan_orig6s,P1,42,B,internal_test,f1_spoof,0.8738127544097694,,,placeholder
bscan_orig6s__P1__seed42,bscan_orig6s,P1,42,B,internal_test,f1_macro,0.8758827551576406,0.8655071213266582,0.8877722677601095,placeholder
bscan_orig6s__P1__seed42,bscan_orig6s,P1,42,B,internal_test,auc,0.9526475511136844,0.946060178591482,0.9588282828373078,placeholder
bscan_orig6s__P1__seed42,bscan_orig6s,P1,42,B,internal_test,eer,0.12074716477651767,0.10761493624983505,0.13018807153144377,placeholder
bscan_orig6s__P1__seed42,bscan_orig6s,P1,42,B,internal_test,fpr,0.10740493662441628,,,placeholder
bscan_orig6s__P1__seed42,bscan_orig6s,P1,42,B,internal_test,fnr,0.14076050700466977,,,placeholder
bscan_orig6s__P1__seed42,bscan_orig6s,P1,42,B,internal_test,tp,1288.0,,,placeholder
bscan_orig6s__P1__seed42,bscan_orig6s,P1,42,B,internal_test,tn,1338.0,,,placeholder
bscan_orig6s__P1__seed42,bscan_orig6s,P1,42,B,internal_test,fp,161.0,,,placeholder
bscan_orig6s__P1__seed42,bscan_orig6s,P1,42,B,internal_test,fn,211.0,,,placeholder
bscan_orig6s__P1__seed42,bscan_orig6s,P1,42,B,internal_test,brier,0.15821095709040287,,,placeholder
bscan_orig6s__P1__seed42,bscan_orig6s,P1,42,B,internal_test,ece,0.20909367863100584,,,placeholder
bscan_orig6s__P1__seed42,bscan_orig6s,P1,42,B,internal_test,n_clusters,1494.0,,,placeholder
bscan_orig6s__P1__seed42,bscan_orig6s,P1,42,B,external_BF-MOZ,n,5594.0,,,placeholder
bscan_orig6s__P1__seed42,bscan_orig6s,P1,42,B,external_BF-MOZ,n_spoof,2797.0,,,placeholder
bscan_orig6s__P1__seed42,bscan_orig6s,P1,42,B,external_BF-MOZ,n_bonafide,2797.0,,,placeholder
bscan_orig6s__P1__seed42,bscan_orig6s,P1,42,B,external_BF-MOZ,threshold,1.2213985456774725,,,placeholder
bscan_orig6s__P1__seed42,bscan_orig6s,P1,42,B,external_BF-MOZ,accuracy,0.5693600286020737,0.5604174115123346,0.5795584554880229,placeholder
bscan_orig6s__P1__seed42,bscan_orig6s,P1,42,B,external_BF-MOZ,balanced_accuracy,0.5693600286020737,,,placeholder
bscan_orig6s__P1__seed42,bscan_orig6s,P1,42,B,external_BF-MOZ,precision_spoof,0.6967545638945233,,,placeholder
bscan_orig6s__P1__seed42,bscan_orig6s,P1,42,B,external_BF-MOZ,recall_spoof_sensitivity,0.24562030747229174,,,placeholder
bscan_orig6s__P1__seed42,bscan_orig6s,P1,42,B,external_BF-MOZ,specificity_bonafide_recall,0.8930997497318556,,,placeholder
bscan_orig6s__P1__seed42,bscan_orig6s,P1,42,B,external_BF-MOZ,f1_spoof,0.3632038065027756,,,placeholder
bscan_orig6s__P1__seed42,bscan_orig6s,P1,42,B,external_BF-MOZ,f1_macro,0.5189415386328868,0.5066309133837857,0.5318551017086262,placeholder
bscan_orig6s__P1__seed42,bscan_orig6s,P1,42,B,external_BF-MOZ,auc,0.6487010637195044,0.6356734014136655,0.6632124458134763,placeholder
bscan_orig6s__P1__seed42,bscan_orig6s,P1,42,B,external_BF-MOZ,eer,0.39542366821594566,0.383973900607794,0.4086878798712907,placeholder
bscan_orig6s__P1__seed42,bscan_orig6s,P1,42,B,external_BF-MOZ,fpr,0.10690025026814444,,,placeholder
bscan_orig6s__P1__seed42,bscan_orig6s,P1,42,B,external_BF-MOZ,fnr,0.7543796925277083,,,placeholder
bscan_orig6s__P1__seed42,bscan_orig6s,P1,42,B,external_BF-MOZ,tp,687.0,,,placeholder
bscan_orig6s__P1__seed42,bscan_orig6s,P1,42,B,external_BF-MOZ,tn,2498.0,,,placeholder
bscan_orig6s__P1__seed42,bscan_orig6s,P1,42,B,external_BF-MOZ,fp,299.0,,,placeholder
bscan_orig6s__P1__seed42,bscan_orig6s,P1,42,B,external_BF-MOZ,fn,2110.0,,,placeholder
bscan_orig6s__P1__seed42,bscan_orig6s,P1,42,B,external_BF-MOZ,brier,0.24267740837894983,,,placeholder
bscan_orig6s__P1__seed42,bscan_orig6s,P1,42,B,external_BF-MOZ,ece,0.08460600034497545,,,placeholder
bscan_orig6s__P1__seed42,bscan_orig6s,P1,42,B,external_BF-MOZ,n_clusters,2797.0,,,placeholder
bscan_orig6s__P1__seed42,bscan_orig6s,P1,42,B,external_MEN,n,4500.0,,,placeholder
bscan_orig6s__P1__seed42,bscan_orig6s,P1,42,B,external_MEN,n_spoof,2250.0,,,placeholder
bscan_orig6s__P1__seed42,bscan_orig6s,P1,42,B,external_MEN,n_bonafide,2250.0,,,placeholder
bscan_orig6s__P1__seed42,bscan_orig6s,P1,42,B,external_MEN,threshold,1.2213985456774725,,,placeholder
bscan_orig6s__P1__seed42,bscan_orig6s,P1,42,B,external_MEN,accuracy,0.604,0.5913166666666667,0.6178,placeholder
bscan_orig6s__P1__seed42,bscan_orig6s,P1,42,B,external_MEN,balanced_accuracy,0.6040000000000001,,,placeholder
bscan_orig6s__P1__seed42,bscan_orig6s,P1,42,B,external_MEN,precision_spoof,0.74375,,,placeholder
bscan_orig6s__P1__seed42,bscan_orig6s,P1,42,B,external_MEN,recall_spoof_sensitivity,0.31733333333333336,,,placeholder
bscan_orig6s__P1__seed42,bscan_orig6s,P1,42,B,external_MEN,specificity_bonafide_recall,0.8906666666666667,,,placeholder
bscan_orig6s__P1__seed42,bscan_orig6s,P1,42,B,external_MEN,f1_spoof,0.44485981308411215,,,placeholder
bscan_orig6s__P1__seed42,bscan_orig6s,P1,42,B,external_MEN,f1_macro,0.5685438961793619,0.5535988911438233,0.5852966937621457,placeholder
bscan_orig6s__P1__seed42,bscan_orig6s,P1,42,B,external_MEN,auc,0.7016112592592592,0.6843775604938271,0.7152937037037037,placeholder
bscan_orig6s__P1__seed42,bscan_orig6s,P1,42,B,external_MEN,eer,0.356,0.3422111111111111,0.37022222222222223,placeholder
bscan_orig6s__P1__seed42,bscan_orig6s,P1,42,B,external_MEN,fpr,0.10933333333333334,,,placeholder
bscan_orig6s__P1__seed42,bscan_orig6s,P1,42,B,external_MEN,fnr,0.6826666666666666,,,placeholder
bscan_orig6s__P1__seed42,bscan_orig6s,P1,42,B,external_MEN,tp,714.0,,,placeholder
bscan_orig6s__P1__seed42,bscan_orig6s,P1,42,B,external_MEN,tn,2004.0,,,placeholder
bscan_orig6s__P1__seed42,bscan_orig6s,P1,42,B,external_MEN,fp,246.0,,,placeholder
bscan_orig6s__P1__seed42,bscan_orig6s,P1,42,B,external_MEN,fn,1536.0,,,placeholder
bscan_orig6s__P1__seed42,bscan_orig6s,P1,42,B,external_MEN,brier,0.22641169987485635,,,placeholder
bscan_orig6s__P1__seed42,bscan_orig6s,P1,42,B,external_MEN,ece,0.07905237538259184,,,placeholder
bscan_orig6s__P1__seed42,bscan_orig6s,P1,42,B,external_MEN,n_clusters,75.0,,,placeholder
bscan_orig6s__P1__seed42,bscan_orig6s,P1,42,B,external_BF-NEWS,n,1000.0,,,placeholder
bscan_orig6s__P1__seed42,bscan_orig6s,P1,42,B,external_BF-NEWS,n_spoof,0.0,,,placeholder
bscan_orig6s__P1__seed42,bscan_orig6s,P1,42,B,external_BF-NEWS,n_bonafide,1000.0,,,placeholder
bscan_orig6s__P1__seed42,bscan_orig6s,P1,42,B,external_BF-NEWS,threshold,1.2213985456774725,,,placeholder
bscan_orig6s__P1__seed42,bscan_orig6s,P1,42,B,external_BF-NEWS,accuracy,0.896,,,placeholder
bscan_orig6s__P1__seed42,bscan_orig6s,P1,42,B,external_BF-NEWS,balanced_accuracy,,,,placeholder
bscan_orig6s__P1__seed42,bscan_orig6s,P1,42,B,external_BF-NEWS,precision_spoof,0.0,,,placeholder
bscan_orig6s__P1__seed42,bscan_orig6s,P1,42,B,external_BF-NEWS,recall_spoof_sensitivity,,,,placeholder
bscan_orig6s__P1__seed42,bscan_orig6s,P1,42,B,external_BF-NEWS,specificity_bonafide_recall,0.896,,,placeholder
bscan_orig6s__P1__seed42,bscan_orig6s,P1,42,B,external_BF-NEWS,f1_spoof,,,,placeholder
bscan_orig6s__P1__seed42,bscan_orig6s,P1,42,B,external_BF-NEWS,f1_macro,,,,placeholder
bscan_orig6s__P1__seed42,bscan_orig6s,P1,42,B,external_BF-NEWS,auc,,,,placeholder
bscan_orig6s__P1__seed42,bscan_orig6s,P1,42,B,external_BF-NEWS,eer,,,,placeholder
bscan_orig6s__P1__seed42,bscan_orig6s,P1,42,B,external_BF-NEWS,fpr,0.104,,,placeholder
bscan_orig6s__P1__seed42,bscan_orig6s,P1,42,B,external_BF-NEWS,fnr,,,,placeholder
bscan_orig6s__P1__seed42,bscan_orig6s,P1,42,B,external_BF-NEWS,tp,0.0,,,placeholder
bscan_orig6s__P1__seed42,bscan_orig6s,P1,42,B,external_BF-NEWS,tn,896.0,,,placeholder
bscan_orig6s__P1__seed42,bscan_orig6s,P1,42,B,external_BF-NEWS,fp,104.0,,,placeholder
bscan_orig6s__P1__seed42,bscan_orig6s,P1,42,B,external_BF-NEWS,fn,0.0,,,placeholder
bscan_orig6s__P1__seed42,bscan_orig6s,P1,42,B,external_BF-NEWS,frac_pred_spoof,0.104,0.08508295795795795,0.12490639990639991,placeholder
bscan_orig6s__P1__seed42,bscan_orig6s,P1,42,B,external_BF-NEWS,n_clusters,997.0,,,placeholder
mel_only__P1__seed42,mel_only,P1,42,C,validation,n,2998.0,,,placeholder
mel_only__P1__seed42,mel_only,P1,42,C,validation,n_spoof,1499.0,,,placeholder
mel_only__P1__seed42,mel_only,P1,42,C,validation,n_bonafide,1499.0,,,placeholder
mel_only__P1__seed42,mel_only,P1,42,C,validation,threshold,0.26880572590908297,,,placeholder
mel_only__P1__seed42,mel_only,P1,42,C,validation,accuracy,0.5983989326217478,0.5809666666666666,0.616750883922615,placeholder
mel_only__P1__seed42,mel_only,P1,42,C,validation,balanced_accuracy,0.5983989326217478,,,placeholder
mel_only__P1__seed42,mel_only,P1,42,C,validation,precision_spoof,0.5983989326217478,,,placeholder
mel_only__P1__seed42,mel_only,P1,42,C,validation,recall_spoof_sensitivity,0.5983989326217478,,,placeholder
mel_only__P1__seed42,mel_only,P1,42,C,validation,specificity_bonafide_recall,0.5983989326217478,,,placeholder
mel_only__P1__seed42,mel_only,P1,42,C,validation,f1_spoof,0.5983989326217478,,,placeholder
mel_only__P1__seed42,mel_only,P1,42,C,validation,f1_macro,0.5983989326217478,0.5809456659236139,0.6166864792934581,placeholder
mel_only__P1__seed42,mel_only,P1,42,C,validation,auc,0.6434318453796861,0.6225125935604393,0.6625346112001,placeholder
mel_only__P1__seed42,mel_only,P1,42,C,validation,eer,0.4016010673782522,0.3834040663047242,0.4191397058823529,placeholder
mel_only__P1__seed42,mel_only,P1,42,C,validation,fpr,0.4016010673782522,,,placeholder
mel_only__P1__seed42,mel_only,P1,42,C,validation,fnr,0.4016010673782522,,,placeholder
mel_only__P1__seed42,mel_only,P1,42,C,validation,tp,897.0,,,placeholder
mel_only__P1__seed42,mel_only,P1,42,C,validation,tn,897.0,,,placeholder
mel_only__P1__seed42,mel_only,P1,42,C,validation,fp,602.0,,,placeholder
mel_only__P1__seed42,mel_only,P1,42,C,validation,fn,602.0,,,placeholder
mel_only__P1__seed42,mel_only,P1,42,C,validation,brier,0.24393204582145692,,,placeholder
mel_only__P1__seed42,mel_only,P1,42,C,validation,ece,0.09226184102877563,,,placeholder
mel_only__P1__seed42,mel_only,P1,42,C,validation,n_clusters,1495.0,,,placeholder
mel_only__P1__seed42,mel_only,P1,42,C,internal_test,n,2998.0,,,placeholder
mel_only__P1__seed42,mel_only,P1,42,C,internal_test,n_spoof,1499.0,,,placeholder
mel_only__P1__seed42,mel_only,P1,42,C,internal_test,n_bonafide,1499.0,,,placeholder
mel_only__P1__seed42,mel_only,P1,42,C,internal_test,threshold,0.26880572590908297,,,placeholder
mel_only__P1__seed42,mel_only,P1,42,C,internal_test,accuracy,0.8042028018679119,0.7912511747734174,0.8145461196353124,placeholder
mel_only__P1__seed42,mel_only,P1,42,C,internal_test,balanced_accuracy,0.8042028018679119,,,placeholder
mel_only__P1__seed42,mel_only,P1,42,C,internal_test,precision_spoof,0.7207163601161665,,,placeholder
mel_only__P1__seed42,mel_only,P1,42,C,internal_test,recall_spoof_sensitivity,0.9933288859239493,,,placeholder
mel_only__P1__seed42,mel_only,P1,42,C,internal_test,specificity_bonafide_recall,0.6150767178118746,,,placeholder
mel_only__P1__seed42,mel_only,P1,42,C,internal_test,f1_spoof,0.835343618513324,,,placeholder
mel_only__P1__seed42,mel_only,P1,42,C,internal_test,f1_macro,0.7969396002891589,0.7825487448639077,0.8083175482975825,placeholder
mel_only__P1__seed42,mel_only,P1,42,C,internal_test,auc,0.9666653463883639,0.9612004229901246,0.9709017454480241,placeholder
mel_only__P1__seed42,mel_only,P1,42,C,internal_test,eer,0.0980653769179453,0.08895727586506946,0.10926962239077692,placeholder
mel_only__P1__seed42,mel_only,P1,42,C,internal_test,fpr,0.38492328218812544,,,placeholder
mel_only__P1__seed42,mel_only,P1,42,C,internal_test,fnr,0.0066711140760507,,,placeholder
mel_only__P1__seed42,mel_only,P1,42,C,internal_test,tp,1489.0,,,placeholder
mel_only__P1__seed42,mel_only,P1,42,C,internal_test,tn,922.0,,,placeholder
mel_only__P1__seed42,mel_only,P1,42,C,internal_test,fp,577.0,,,placeholder
mel_only__P1__seed42,mel_only,P1,42,C,internal_test,fn,10.0,,,placeholder
mel_only__P1__seed42,mel_only,P1,42,C,internal_test,brier,0.1516978178488363,,,placeholder
mel_only__P1__seed42,mel_only,P1,42,C,internal_test,ece,0.21193228728761537,,,placeholder
mel_only__P1__seed42,mel_only,P1,42,C,internal_test,n_clusters,1494.0,,,placeholder
mel_only__P1__seed42,mel_only,P1,42,C,external_BF-MOZ,n,5594.0,,,placeholder
mel_only__P1__seed42,mel_only,P1,42,C,external_BF-MOZ,n_spoof,2797.0,,,placeholder
mel_only__P1__seed42,mel_only,P1,42,C,external_BF-MOZ,n_bonafide,2797.0,,,placeholder
mel_only__P1__seed42,mel_only,P1,42,C,external_BF-MOZ,threshold,0.26880572590908297,,,placeholder
mel_only__P1__seed42,mel_only,P1,42,C,external_BF-MOZ,accuracy,0.7949588845191277,0.7856542724347515,0.805349481587415,placeholder
mel_only__P1__seed42,mel_only,P1,42,C,external_BF-MOZ,balanced_accuracy,0.7949588845191277,,,placeholder
mel_only__P1__seed42,mel_only,P1,42,C,external_BF-MOZ,precision_spoof,0.7158555729984302,,,placeholder
mel_only__P1__seed42,mel_only,P1,42,C,external_BF-MOZ,recall_spoof_sensitivity,0.978190918841616,,,placeholder
mel_only__P1__seed42,mel_only,P1,42,C,external_BF-MOZ,specificity_bonafide_recall,0.6117268501966393,,,placeholder
mel_only__P1__seed42,mel_only,P1,42,C,external_BF-MOZ,f1_spoof,0.8267109835322557,,,placeholder
mel_only__P1__seed42,mel_only,P1,42,C,external_BF-MOZ,f1_macro,0.7878356843684478,0.7773564465552798,0.799494911418695,placeholder
mel_only__P1__seed42,mel_only,P1,42,C,external_BF-MOZ,auc,0.9461741339135896,0.9410708796096332,0.9507691281160967,placeholder
mel_only__P1__seed42,mel_only,P1,42,C,external_BF-MOZ,eer,0.12513407222023595,0.11798355380765102,0.1344386843046121,placeholder
mel_only__P1__seed42,mel_only,P1,42,C,external_BF-MOZ,fpr,0.38827314980336075,,,placeholder
mel_only__P1__seed42,mel_only,P1,42,C,external_BF-MOZ,fnr,0.021809081158383984,,,placeholder
mel_only__P1__seed42,mel_only,P1,42,C,external_BF-MOZ,tp,2736.0,,,placeholder
mel_only__P1__seed42,mel_only,P1,42,C,external_BF-MOZ,tn,1711.0,,,placeholder
mel_only__P1__seed42,mel_only,P1,42,C,external_BF-MOZ,fp,1086.0,,,placeholder
mel_only__P1__seed42,mel_only,P1,42,C,external_BF-MOZ,fn,61.0,,,placeholder
mel_only__P1__seed42,mel_only,P1,42,C,external_BF-MOZ,brier,0.15918244052882555,,,placeholder
mel_only__P1__seed42,mel_only,P1,42,C,external_BF-MOZ,ece,0.1976274941425624,,,placeholder
mel_only__P1__seed42,mel_only,P1,42,C,external_BF-MOZ,n_clusters,2797.0,,,placeholder
mel_only__P1__seed42,mel_only,P1,42,C,external_MEN,n,4500.0,,,placeholder
mel_only__P1__seed42,mel_only,P1,42,C,external_MEN,n_spoof,2250.0,,,placeholder
mel_only__P1__seed42,mel_only,P1,42,C,external_MEN,n_bonafide,2250.0,,,placeholder
mel_only__P1__seed42,mel_only,P1,42,C,external_MEN,threshold,0.26880572590908297,,,placeholder
mel_only__P1__seed42,mel_only,P1,42,C,external_MEN,accuracy,0.5991111111111111,0.5862055555555555,0.6117833333333333,placeholder
mel_only__P1__seed42,mel_only,P1,42,C,external_MEN,balanced_accuracy,0.5991111111111111,,,placeholder
mel_only__P1__seed42,mel_only,P1,42,C,external_MEN,precision_spoof,0.5995535714285715,,,placeholder
mel_only__P1__seed42,mel_only,P1,42,C,external_MEN,recall_spoof_sensitivity,0.5968888888888889,,,placeholder
mel_only__P1__seed42,mel_only,P1,42,C,external_MEN,specificity_bonafide_recall,0.6013333333333334,,,placeholder
mel_only__P1__seed42,mel_only,P1,42,C,external_MEN,f1_spoof,0.5982182628062361,,,placeholder
mel_only__P1__seed42,mel_only,P1,42,C,external_MEN,f1_macro,0.5991091314031181,0.5861990178450412,0.6117750899019578,placeholder
mel_only__P1__seed42,mel_only,P1,42,C,external_MEN,auc,0.6384497777777778,0.6221402518518518,0.6523799358024691,placeholder
mel_only__P1__seed42,mel_only,P1,42,C,external_MEN,eer,0.4013333333333333,0.388,0.41517777777777776,placeholder
mel_only__P1__seed42,mel_only,P1,42,C,external_MEN,fpr,0.39866666666666667,,,placeholder
mel_only__P1__seed42,mel_only,P1,42,C,external_MEN,fnr,0.4031111111111111,,,placeholder
mel_only__P1__seed42,mel_only,P1,42,C,external_MEN,tp,1343.0,,,placeholder
mel_only__P1__seed42,mel_only,P1,42,C,external_MEN,tn,1353.0,,,placeholder
mel_only__P1__seed42,mel_only,P1,42,C,external_MEN,fp,897.0,,,placeholder
mel_only__P1__seed42,mel_only,P1,42,C,external_MEN,fn,907.0,,,placeholder
mel_only__P1__seed42,mel_only,P1,42,C,external_MEN,brier,0.24593452632035548,,,placeholder
mel_only__P1__seed42,mel_only,P1,42,C,external_MEN,ece,0.09362745322270345,,,placeholder
mel_only__P1__seed42,mel_only,P1,42,C,external_MEN,n_clusters,75.0,,,placeholder
mel_only__P1__seed42,mel_only,P1,42,C,external_BF-NEWS,n,1000.0,,,placeholder
mel_only__P1__seed42,mel_only,P1,42,C,external_BF-NEWS,n_spoof,0.0,,,placeholder
mel_only__P1__seed42,mel_only,P1,42,C,external_BF-NEWS,n_bonafide,1000.0,,,placeholder
mel_only__P1__seed42,mel_only,P1,42,C,external_BF-NEWS,threshold,0.26880572590908297,,,placeholder
mel_only__P1__seed42,mel_only,P1,42,C,external_BF-NEWS,accuracy,0.62,,,placeholder
mel_only__P1__seed42,mel_only,P1,42,C,external_BF-NEWS,balanced_accuracy,,,,placeholder
mel_only__P1__seed42,mel_only,P1,42,C,external_BF-NEWS,precision_spoof,0.0,,,placeholder
mel_only__P1__seed42,mel_only,P1,42,C,external_BF-NEWS,recall_spoof_sensitivity,,,,placeholder
mel_only__P1__seed42,mel_only,P1,42,C,external_BF-NEWS,specificity_bonafide_recall,0.62,,,placeholder
mel_only__P1__seed42,mel_only,P1,42,C,external_BF-NEWS,f1_spoof,,,,placeholder
mel_only__P1__seed42,mel_only,P1,42,C,external_BF-NEWS,f1_macro,,,,placeholder
mel_only__P1__seed42,mel_only,P1,42,C,external_BF-NEWS,auc,,,,placeholder
mel_only__P1__seed42,mel_only,P1,42,C,external_BF-NEWS,eer,,,,placeholder
mel_only__P1__seed42,mel_only,P1,42,C,external_BF-NEWS,fpr,0.38,,,placeholder
mel_only__P1__seed42,mel_only,P1,42,C,external_BF-NEWS,fnr,,,,placeholder
mel_only__P1__seed42,mel_only,P1,42,C,external_BF-NEWS,tp,0.0,,,placeholder
mel_only__P1__seed42,mel_only,P1,42,C,external_BF-NEWS,tn,620.0,,,placeholder
mel_only__P1__seed42,mel_only,P1,42,C,external_BF-NEWS,fp,380.0,,,placeholder
mel_only__P1__seed42,mel_only,P1,42,C,external_BF-NEWS,fn,0.0,,,placeholder
mel_only__P1__seed42,mel_only,P1,42,C,external_BF-NEWS,frac_pred_spoof,0.38,0.34733099833300235,0.40702499999999997,placeholder
mel_only__P1__seed42,mel_only,P1,42,C,external_BF-NEWS,n_clusters,997.0,,,placeholder
lfcc_only__P1__seed42,lfcc_only,P1,42,C,validation,n,2998.0,,,placeholder
lfcc_only__P1__seed42,lfcc_only,P1,42,C,validation,n_spoof,1499.0,,,placeholder
lfcc_only__P1__seed42,lfcc_only,P1,42,C,validation,n_bonafide,1499.0,,,placeholder
lfcc_only__P1__seed42,lfcc_only,P1,42,C,validation,threshold,1.2412872462075384,,,placeholder
lfcc_only__P1__seed42,lfcc_only,P1,42,C,validation,accuracy,0.8919279519679787,0.880824432576769,0.9039067878808391,placeholder
lfcc_only__P1__seed42,lfcc_only,P1,42,C,validation,balanced_accuracy,0.8919279519679787,,,placeholder
lfcc_only__P1__seed42,lfcc_only,P1,42,C,validation,precision_spoof,0.8919279519679787,,,placeholder
lfcc_only__P1__seed42,lfcc_only,P1,42,C,validation,recall_spoof_sensitivity,0.8919279519679787,,,placeholder
lfcc_only__P1__seed42,lfcc_only,P1,42,C,validation,specificity_bonafide_recall,0.8919279519679787,,,placeholder
lfcc_only__P1__seed42,lfcc_only,P1,42,C,validation,f1_spoof,0.8919279519679787,,,placeholder
lfcc_only__P1__seed42,lfcc_only,P1,42,C,validation,f1_macro,0.8919279519679787,0.8808241074839177,0.9039067499377301,placeholder
lfcc_only__P1__seed42,lfcc_only,P1,42,C,validation,auc,0.9623769637841728,0.9565670757949898,0.9685603015540167,placeholder
lfcc_only__P1__seed42,lfcc_only,P1,42,C,validation,eer,0.1080720480320213,0.09586507206078168,0.11949265687583444,placeholder
lfcc_only__P1__seed42,lfcc_only,P1,42,C,validation,fpr,0.10807204803202135,,,placeholder
lfcc_only__P1__seed42,lfcc_only,P1,42,C,validation,fnr,0.10807204803202135,,,placeholder
lfcc_only__P1__seed42,lfcc_only,P1,42,C,validation,tp,1337.0,,,placeholder
lfcc_only__P1__seed42,lfcc_only,P1,42,C,validation,tn,1337.0,,,placeholder
lfcc_only__P1__seed42,lfcc_only,P1,42,C,validation,fp,162.0,,,placeholder
lfcc_only__P1__seed42,lfcc_only,P1,42,C,validation,fn,162.0,,,placeholder
lfcc_only__P1__seed42,lfcc_only,P1,42,C,validation,brier,0.15714320541451648,,,placeholder
lfcc_only__P1__seed42,lfcc_only,P1,42,C,validation,ece,0.21932862645245338,,,placeholder
lfcc_only__P1__seed42,lfcc_only,P1,42,C,validation,n_clusters,1495.0,,,placeholder
lfcc_only__P1__seed42,lfcc_only,P1,42,C,internal_test,n,2998.0,,,placeholder
lfcc_only__P1__seed42,lfcc_only,P1,42,C,internal_test,n_spoof,1499.0,,,placeholder
lfcc_only__P1__seed42,lfcc_only,P1,42,C,internal_test,n_bonafide,1499.0,,,placeholder
lfcc_only__P1__seed42,lfcc_only,P1,42,C,internal_test,threshold,1.2412872462075384,,,placeholder
lfcc_only__P1__seed42,lfcc_only,P1,42,C,internal_test,accuracy,0.8652434956637759,0.8534237077373429,0.8764319666684938,placeholder
lfcc_only__P1__seed42,lfcc_only,P1,42,C,internal_test,balanced_accuracy,0.8652434956637758,,,placeholder
lfcc_only__P1__seed42,lfcc_only,P1,42,C,internal_test,precision_spoof,0.8924731182795699,,,placeholder
lfcc_only__P1__seed42,lfcc_only,P1,42,C,internal_test,recall_spoof_sensitivity,0.8305537024683122,,,placeholder
lfcc_only__P1__seed42,lfcc_only,P1,42,C,internal_test,specificity_bonafide_recall,0.8999332888592395,,,placeholder
lfcc_only__P1__seed42,lfcc_only,P1,42,C,internal_test,f1_spoof,0.8604008293020041,,,placeholder
lfcc_only__P1__seed42,lfcc_only,P1,42,C,internal_test,f1_macro,0.8650811367657667,0.8533192613659302,0.8763552226545581,placeholder
lfcc_only__P1__seed42,lfcc_only,P1,42,C,internal_test,auc,0.941107280326088,0.9324961074515576,0.9485917449659046,placeholder
lfcc_only__P1__seed42,lfcc_only,P1,42,C,internal_test,eer,0.13208805870580387,0.12055495225405284,0.1460093479707252,placeholder
lfcc_only__P1__seed42,lfcc_only,P1,42,C,internal_test,fpr,0.1000667111407605,,,placeholder
lfcc_only__P1__seed42,lfcc_only,P1,42,C,internal_test,fnr,0.1694462975316878,,,placeholder
lfcc_only__P1__seed42,lfcc_only,P1,42,C,internal_test,tp,1245.0,,,placeholder
lfcc_only__P1__seed42,lfcc_only,P1,42,C,internal_test,tn,1349.0,,,placeholder
lfcc_only__P1__seed42,lfcc_only,P1,42,C,internal_test,fp,150.0,,,placeholder
lfcc_only__P1__seed42,lfcc_only,P1,42,C,internal_test,fn,254.0,,,placeholder
lfcc_only__P1__seed42,lfcc_only,P1,42,C,internal_test,brier,0.161512931708724,,,placeholder
lfcc_only__P1__seed42,lfcc_only,P1,42,C,internal_test,ece,0.19775365826075086,,,placeholder
lfcc_only__P1__seed42,lfcc_only,P1,42,C,internal_test,n_clusters,1494.0,,,placeholder
lfcc_only__P1__seed42,lfcc_only,P1,42,C,external_BF-MOZ,n,5594.0,,,placeholder
lfcc_only__P1__seed42,lfcc_only,P1,42,C,external_BF-MOZ,n_spoof,2797.0,,,placeholder
lfcc_only__P1__seed42,lfcc_only,P1,42,C,external_BF-MOZ,n_bonafide,2797.0,,,placeholder
lfcc_only__P1__seed42,lfcc_only,P1,42,C,external_BF-MOZ,threshold,1.2412872462075384,,,placeholder
lfcc_only__P1__seed42,lfcc_only,P1,42,C,external_BF-MOZ,accuracy,0.5613156953879156,0.5507597425813372,0.5720593493028244,placeholder
lfcc_only__P1__seed42,lfcc_only,P1,42,C,external_BF-MOZ,balanced_accuracy,0.5613156953879156,,,placeholder
lfcc_only__P1__seed42,lfcc_only,P1,42,C,external_BF-MOZ,precision_spoof,0.6955530216647663,,,placeholder
lfcc_only__P1__seed42,lfcc_only,P1,42,C,external_BF-MOZ,recall_spoof_sensitivity,0.21809081158383983,,,placeholder
lfcc_only__P1__seed42,lfcc_only,P1,42,C,external_BF-MOZ,specificity_bonafide_recall,0.9045405791919914,,,placeholder
lfcc_only__P1__seed42,lfcc_only,P1,42,C,external_BF-MOZ,f1_spoof,0.33206314643440393,,,placeholder
lfcc_only__P1__seed42,lfcc_only,P1,42,C,external_BF-MOZ,f1_macro,0.5027363908908778,0.48878911963104993,0.5155478269976819,placeholder
lfcc_only__P1__seed42,lfcc_only,P1,42,C,external_BF-MOZ,auc,0.621531905896928,0.6096625310662159,0.6347164060170193,placeholder
lfcc_only__P1__seed42,lfcc_only,P1,42,C,external_BF-MOZ,eer,0.4140150160886664,0.4022166607079013,0.4233285663210583,placeholder
lfcc_only__P1__seed42,lfcc_only,P1,42,C,external_BF-MOZ,fpr,0.09545942080800858,,,placeholder
lfcc_only__P1__seed42,lfcc_only,P1,42,C,external_BF-MOZ,fnr,0.7819091884161602,,,placeholder
lfcc_only__P1__seed42,lfcc_only,P1,42,C,external_BF-MOZ,tp,610.0,,,placeholder
lfcc_only__P1__seed42,lfcc_only,P1,42,C,external_BF-MOZ,tn,2530.0,,,placeholder
lfcc_only__P1__seed42,lfcc_only,P1,42,C,external_BF-MOZ,fp,267.0,,,placeholder
lfcc_only__P1__seed42,lfcc_only,P1,42,C,external_BF-MOZ,fn,2187.0,,,placeholder
lfcc_only__P1__seed42,lfcc_only,P1,42,C,external_BF-MOZ,brier,0.2515164073335324,,,placeholder
lfcc_only__P1__seed42,lfcc_only,P1,42,C,external_BF-MOZ,ece,0.10575092296381312,,,placeholder
lfcc_only__P1__seed42,lfcc_only,P1,42,C,external_BF-MOZ,n_clusters,2797.0,,,placeholder
lfcc_only__P1__seed42,lfcc_only,P1,42,C,external_MEN,n,4500.0,,,placeholder
lfcc_only__P1__seed42,lfcc_only,P1,42,C,external_MEN,n_spoof,2250.0,,,placeholder
lfcc_only__P1__seed42,lfcc_only,P1,42,C,external_MEN,n_bonafide,2250.0,,,placeholder
lfcc_only__P1__seed42,lfcc_only,P1,42,C,external_MEN,threshold,1.2412872462075384,,,placeholder
lfcc_only__P1__seed42,lfcc_only,P1,42,C,external_MEN,accuracy,0.7406666666666667,0.7304388888888889,0.7504500000000001,placeholder
lfcc_only__P1__seed42,lfcc_only,P1,42,C,external_MEN,balanced_accuracy,0.7406666666666666,,,placeholder
lfcc_only__P1__seed42,lfcc_only,P1,42,C,external_MEN,precision_spoof,0.8460063897763578,,,placeholder
lfcc_only__P1__seed42,lfcc_only,P1,42,C,external_MEN,recall_spoof_sensitivity,0.5884444444444444,,,placeholder
lfcc_only__P1__seed42,lfcc_only,P1,42,C,external_MEN,specificity_bonafide_recall,0.8928888888888888,,,placeholder
lfcc_only__P1__seed42,lfcc_only,P1,42,C,external_MEN,f1_spoof,0.6941022280471821,,,placeholder
lfcc_only__P1__seed42,lfcc_only,P1,42,C,external_MEN,f1_macro,0.7345149520178051,0.7238231926152624,0.7450016965882328,placeholder
lfcc_only__P1__seed42,lfcc_only,P1,42,C,external_MEN,auc,0.8522824691358024,0.844417249382716,0.8616913975308641,placeholder
lfcc_only__P1__seed42,lfcc_only,P1,42,C,external_MEN,eer,0.23244444444444445,0.21866666666666668,0.24356666666666663,placeholder
lfcc_only__P1__seed42,lfcc_only,P1,42,C,external_MEN,fpr,0.10711111111111112,,,placeholder
lfcc_only__P1__seed42,lfcc_only,P1,42,C,external_MEN,fnr,0.41155555555555556,,,placeholder
lfcc_only__P1__seed42,lfcc_only,P1,42,C,external_MEN,tp,1324.0,,,placeholder
lfcc_only__P1__seed42,lfcc_only,P1,42,C,external_MEN,tn,2009.0,,,placeholder
lfcc_only__P1__seed42,lfcc_only,P1,42,C,external_MEN,fp,241.0,,,placeholder
lfcc_only__P1__seed42,lfcc_only,P1,42,C,external_MEN,fn,926.0,,,placeholder
lfcc_only__P1__seed42,lfcc_only,P1,42,C,external_MEN,brier,0.1824910456033359,,,placeholder
lfcc_only__P1__seed42,lfcc_only,P1,42,C,external_MEN,ece,0.13574786475540757,,,placeholder
lfcc_only__P1__seed42,lfcc_only,P1,42,C,external_MEN,n_clusters,75.0,,,placeholder
lfcc_only__P1__seed42,lfcc_only,P1,42,C,external_BF-NEWS,n,1000.0,,,placeholder
lfcc_only__P1__seed42,lfcc_only,P1,42,C,external_BF-NEWS,n_spoof,0.0,,,placeholder
lfcc_only__P1__seed42,lfcc_only,P1,42,C,external_BF-NEWS,n_bonafide,1000.0,,,placeholder
lfcc_only__P1__seed42,lfcc_only,P1,42,C,external_BF-NEWS,threshold,1.2412872462075384,,,placeholder
lfcc_only__P1__seed42,lfcc_only,P1,42,C,external_BF-NEWS,accuracy,0.888,,,placeholder
lfcc_only__P1__seed42,lfcc_only,P1,42,C,external_BF-NEWS,balanced_accuracy,,,,placeholder
lfcc_only__P1__seed42,lfcc_only,P1,42,C,external_BF-NEWS,precision_spoof,0.0,,,placeholder
lfcc_only__P1__seed42,lfcc_only,P1,42,C,external_BF-NEWS,recall_spoof_sensitivity,,,,placeholder
lfcc_only__P1__seed42,lfcc_only,P1,42,C,external_BF-NEWS,specificity_bonafide_recall,0.888,,,placeholder
lfcc_only__P1__seed42,lfcc_only,P1,42,C,external_BF-NEWS,f1_spoof,,,,placeholder
lfcc_only__P1__seed42,lfcc_only,P1,42,C,external_BF-NEWS,f1_macro,,,,placeholder
lfcc_only__P1__seed42,lfcc_only,P1,42,C,external_BF-NEWS,auc,,,,placeholder
lfcc_only__P1__seed42,lfcc_only,P1,42,C,external_BF-NEWS,eer,,,,placeholder
lfcc_only__P1__seed42,lfcc_only,P1,42,C,external_BF-NEWS,fpr,0.112,,,placeholder
lfcc_only__P1__seed42,lfcc_only,P1,42,C,external_BF-NEWS,fnr,,,,placeholder
lfcc_only__P1__seed42,lfcc_only,P1,42,C,external_BF-NEWS,tp,0.0,,,placeholder
lfcc_only__P1__seed42,lfcc_only,P1,42,C,external_BF-NEWS,tn,888.0,,,placeholder
lfcc_only__P1__seed42,lfcc_only,P1,42,C,external_BF-NEWS,fp,112.0,,,placeholder
lfcc_only__P1__seed42,lfcc_only,P1,42,C,external_BF-NEWS,fn,0.0,,,placeholder
lfcc_only__P1__seed42,lfcc_only,P1,42,C,external_BF-NEWS,frac_pred_spoof,0.112,0.092,0.13013665621489093,placeholder
lfcc_only__P1__seed42,lfcc_only,P1,42,C,external_BF-NEWS,n_clusters,997.0,,,placeholder
mfcc_only__P1__seed42,mfcc_only,P1,42,C,validation,n,2998.0,,,placeholder
mfcc_only__P1__seed42,mfcc_only,P1,42,C,validation,n_spoof,1499.0,,,placeholder
mfcc_only__P1__seed42,mfcc_only,P1,42,C,validation,n_bonafide,1499.0,,,placeholder
mfcc_only__P1__seed42,mfcc_only,P1,42,C,validation,threshold,0.8449788477450405,,,placeholder
mfcc_only__P1__seed42,mfcc_only,P1,42,C,validation,accuracy,0.7918612408272181,0.7776072455067954,0.8067352295409181,placeholder
mfcc_only__P1__seed42,mfcc_only,P1,42,C,validation,balanced_accuracy,0.7918612408272181,,,placeholder
mfcc_only__P1__seed42,mfcc_only,P1,42,C,validation,precision_spoof,0.7918612408272181,,,placeholder
mfcc_only__P1__seed42,mfcc_only,P1,42,C,validation,recall_spoof_sensitivity,0.7918612408272181,,,placeholder
mfcc_only__P1__seed42,mfcc_only,P1,42,C,validation,specificity_bonafide_recall,0.7918612408272181,,,placeholder
mfcc_only__P1__seed42,mfcc_only,P1,42,C,validation,f1_spoof,0.7918612408272181,,,placeholder
mfcc_only__P1__seed42,mfcc_only,P1,42,C,validation,f1_macro,0.7918612408272181,0.7775819505254125,0.8067339935482577,placeholder
mfcc_only__P1__seed42,mfcc_only,P1,42,C,validation,auc,0.8779769123378228,0.8640258212553591,0.8906039181660322,placeholder
mfcc_only__P1__seed42,mfcc_only,P1,42,C,validation,eer,0.2081387591727819,0.19294041916167665,0.22306787584960758,placeholder
mfcc_only__P1__seed42,mfcc_only,P1,42,C,validation,fpr,0.20813875917278185,,,placeholder
mfcc_only__P1__seed42,mfcc_only,P1,42,C,validation,fnr,0.20813875917278185,,,placeholder
mfcc_only__P1__seed42,mfcc_only,P1,42,C,validation,tp,1187.0,,,placeholder
mfcc_only__P1__seed42,mfcc_only,P1,42,C,validation,tn,1187.0,,,placeholder
mfcc_only__P1__seed42,mfcc_only,P1,42,C,validation,fp,312.0,,,placeholder
mfcc_only__P1__seed42,mfcc_only,P1,42,C,validation,fn,312.0,,,placeholder
mfcc_only__P1__seed42,mfcc_only,P1,42,C,validation,brier,0.17698201129983912,,,placeholder
mfcc_only__P1__seed42,mfcc_only,P1,42,C,validation,ece,0.15414015938689224,,,placeholder
mfcc_only__P1__seed42,mfcc_only,P1,42,C,validation,n_clusters,1495.0,,,placeholder
mfcc_only__P1__seed42,mfcc_only,P1,42,C,internal_test,n,2998.0,,,placeholder
mfcc_only__P1__seed42,mfcc_only,P1,42,C,internal_test,n_spoof,1499.0,,,placeholder
mfcc_only__P1__seed42,mfcc_only,P1,42,C,internal_test,n_bonafide,1499.0,,,placeholder
mfcc_only__P1__seed42,mfcc_only,P1,42,C,internal_test,threshold,0.8449788477450405,,,placeholder
mfcc_only__P1__seed42,mfcc_only,P1,42,C,internal_test,accuracy,0.7861907938625751,0.7725729948150509,0.8010199700199867,placeholder
mfcc_only__P1__seed42,mfcc_only,P1,42,C,internal_test,balanced_accuracy,0.786190793862575,,,placeholder
mfcc_only__P1__seed42,mfcc_only,P1,42,C,internal_test,precision_spoof,0.7875335120643432,,,placeholder
mfcc_only__P1__seed42,mfcc_only,P1,42,C,internal_test,recall_spoof_sensitivity,0.7838559039359573,,,placeholder
mfcc_only__P1__seed42,mfcc_only,P1,42,C,internal_test,specificity_bonafide_recall,0.7885256837891927,,,placeholder
mfcc_only__P1__seed42,mfcc_only,P1,42,C,internal_test,f1_spoof,0.7856904045469743,,,placeholder
mfcc_only__P1__seed42,mfcc_only,P1,42,C,internal_test,f1_macro,0.7861896282302259,0.7725633163502472,0.8009990913445649,placeholder
mfcc_only__P1__seed42,mfcc_only,P1,42,C,internal_test,auc,0.8670143003941698,0.8545362661855764,0.8793361462678477,placeholder
mfcc_only__P1__seed42,mfcc_only,P1,42,C,internal_test,eer,0.21280853902601735,0.1985242548996688,0.2300038358905937,placeholder
mfcc_only__P1__seed42,mfcc_only,P1,42,C,internal_test,fpr,0.2114743162108072,,,placeholder
mfcc_only__P1__seed42,mfcc_only,P1,42,C,internal_test,fnr,0.2161440960640427,,,placeholder
mfcc_only__P1__seed42,mfcc_only,P1,42,C,internal_test,tp,1175.0,,,placeholder
mfcc_only__P1__seed42,mfcc_only,P1,42,C,internal_test,tn,1182.0,,,placeholder
mfcc_only__P1__seed42,mfcc_only,P1,42,C,internal_test,fp,317.0,,,placeholder
mfcc_only__P1__seed42,mfcc_only,P1,42,C,internal_test,fn,324.0,,,placeholder
mfcc_only__P1__seed42,mfcc_only,P1,42,C,internal_test,brier,0.18342077053469927,,,placeholder
mfcc_only__P1__seed42,mfcc_only,P1,42,C,internal_test,ece,0.1549353697453,,,placeholder
mfcc_only__P1__seed42,mfcc_only,P1,42,C,internal_test,n_clusters,1494.0,,,placeholder
mfcc_only__P1__seed42,mfcc_only,P1,42,C,external_BF-MOZ,n,5594.0,,,placeholder
mfcc_only__P1__seed42,mfcc_only,P1,42,C,external_BF-MOZ,n_spoof,2797.0,,,placeholder
mfcc_only__P1__seed42,mfcc_only,P1,42,C,external_BF-MOZ,n_bonafide,2797.0,,,placeholder
mfcc_only__P1__seed42,mfcc_only,P1,42,C,external_BF-MOZ,threshold,0.8449788477450405,,,placeholder
mfcc_only__P1__seed42,mfcc_only,P1,42,C,external_BF-MOZ,accuracy,0.6800143010368251,0.6682114765820522,0.6914551304969611,placeholder
mfcc_only__P1__seed42,mfcc_only,P1,42,C,external_BF-MOZ,balanced_accuracy,0.6800143010368251,,,placeholder
mfcc_only__P1__seed42,mfcc_only,P1,42,C,external_BF-MOZ,precision_spoof,0.7385125532922785,,,placeholder
mfcc_only__P1__seed42,mfcc_only,P1,42,C,external_BF-MOZ,recall_spoof_sensitivity,0.557382910260994,,,placeholder
mfcc_only__P1__seed42,mfcc_only,P1,42,C,external_BF-MOZ,specificity_bonafide_recall,0.8026456918126564,,,placeholder
mfcc_only__P1__seed42,mfcc_only,P1,42,C,external_BF-MOZ,f1_spoof,0.6352893235533823,,,placeholder
mfcc_only__P1__seed42,mfcc_only,P1,42,C,external_BF-MOZ,f1_macro,0.6751287382098121,0.6631106854025429,0.687085755751322,placeholder
mfcc_only__P1__seed42,mfcc_only,P1,42,C,external_BF-MOZ,auc,0.7612241984075845,0.7502464461834013,0.7731344611910534,placeholder
mfcc_only__P1__seed42,mfcc_only,P1,42,C,external_BF-MOZ,eer,0.3074722917411512,0.2945834823024669,0.3189131212012871,placeholder
mfcc_only__P1__seed42,mfcc_only,P1,42,C,external_BF-MOZ,fpr,0.1973543081873436,,,placeholder
mfcc_only__P1__seed42,mfcc_only,P1,42,C,external_BF-MOZ,fnr,0.4426170897390061,,,placeholder
mfcc_only__P1__seed42,mfcc_only,P1,42,C,external_BF-MOZ,tp,1559.0,,,placeholder
mfcc_only__P1__seed42,mfcc_only,P1,42,C,external_BF-MOZ,tn,2245.0,,,placeholder
mfcc_only__P1__seed42,mfcc_only,P1,42,C,external_BF-MOZ,fp,552.0,,,placeholder
mfcc_only__P1__seed42,mfcc_only,P1,42,C,external_BF-MOZ,fn,1238.0,,,placeholder
mfcc_only__P1__seed42,mfcc_only,P1,42,C,external_BF-MOZ,brier,0.20853691640160754,,,placeholder
mfcc_only__P1__seed42,mfcc_only,P1,42,C,external_BF-MOZ,ece,0.09597856177105282,,,placeholder
mfcc_only__P1__seed42,mfcc_only,P1,42,C,external_BF-MOZ,n_clusters,2797.0,,,placeholder
mfcc_only__P1__seed42,mfcc_only,P1,42,C,external_MEN,n,4500.0,,,placeholder
mfcc_only__P1__seed42,mfcc_only,P1,42,C,external_MEN,n_spoof,2250.0,,,placeholder
mfcc_only__P1__seed42,mfcc_only,P1,42,C,external_MEN,n_bonafide,2250.0,,,placeholder
mfcc_only__P1__seed42,mfcc_only,P1,42,C,external_MEN,threshold,0.8449788477450405,,,placeholder
mfcc_only__P1__seed42,mfcc_only,P1,42,C,external_MEN,accuracy,0.8373333333333334,0.8259888888888889,0.8493555555555556,placeholder
mfcc_only__P1__seed42,mfcc_only,P1,42,C,external_MEN,balanced_accuracy,0.8373333333333333,,,placeholder
mfcc_only__P1__seed42,mfcc_only,P1,42,C,external_MEN,precision_spoof,0.8165137614678899,,,placeholder
mfcc_only__P1__seed42,mfcc_only,P1,42,C,external_MEN,recall_spoof_sensitivity,0.8702222222222222,,,placeholder
mfcc_only__P1__seed42,mfcc_only,P1,42,C,external_MEN,specificity_bonafide_recall,0.8044444444444444,,,placeholder
mfcc_only__P1__seed42,mfcc_only,P1,42,C,external_MEN,f1_spoof,0.842512908777969,,,placeholder
mfcc_only__P1__seed42,mfcc_only,P1,42,C,external_MEN,f1_macro,0.8371571896831022,0.8256067059088021,0.8492468538744843,placeholder
mfcc_only__P1__seed42,mfcc_only,P1,42,C,external_MEN,auc,0.9170660740740741,0.9085696049382715,0.924973688888889,placeholder
mfcc_only__P1__seed42,mfcc_only,P1,42,C,external_MEN,eer,0.16,0.1497777777777778,0.1711222222222222,placeholder
mfcc_only__P1__seed42,mfcc_only,P1,42,C,external_MEN,fpr,0.19555555555555557,,,placeholder
mfcc_only__P1__seed42,mfcc_only,P1,42,C,external_MEN,fnr,0.12977777777777777,,,placeholder
mfcc_only__P1__seed42,mfcc_only,P1,42,C,external_MEN,tp,1958.0,,,placeholder
mfcc_only__P1__seed42,mfcc_only,P1,42,C,external_MEN,tn,1810.0,,,placeholder
mfcc_only__P1__seed42,mfcc_only,P1,42,C,external_MEN,fp,440.0,,,placeholder
mfcc_only__P1__seed42,mfcc_only,P1,42,C,external_MEN,fn,292.0,,,placeholder
mfcc_only__P1__seed42,mfcc_only,P1,42,C,external_MEN,brier,0.16639590257846365,,,placeholder
mfcc_only__P1__seed42,mfcc_only,P1,42,C,external_MEN,ece,0.17901086656712403,,,placeholder
mfcc_only__P1__seed42,mfcc_only,P1,42,C,external_MEN,n_clusters,75.0,,,placeholder
mfcc_only__P1__seed42,mfcc_only,P1,42,C,external_BF-NEWS,n,1000.0,,,placeholder
mfcc_only__P1__seed42,mfcc_only,P1,42,C,external_BF-NEWS,n_spoof,0.0,,,placeholder
mfcc_only__P1__seed42,mfcc_only,P1,42,C,external_BF-NEWS,n_bonafide,1000.0,,,placeholder
mfcc_only__P1__seed42,mfcc_only,P1,42,C,external_BF-NEWS,threshold,0.8449788477450405,,,placeholder
mfcc_only__P1__seed42,mfcc_only,P1,42,C,external_BF-NEWS,accuracy,0.805,,,placeholder
mfcc_only__P1__seed42,mfcc_only,P1,42,C,external_BF-NEWS,balanced_accuracy,,,,placeholder
mfcc_only__P1__seed42,mfcc_only,P1,42,C,external_BF-NEWS,precision_spoof,0.0,,,placeholder
mfcc_only__P1__seed42,mfcc_only,P1,42,C,external_BF-NEWS,recall_spoof_sensitivity,,,,placeholder
mfcc_only__P1__seed42,mfcc_only,P1,42,C,external_BF-NEWS,specificity_bonafide_recall,0.805,,,placeholder
mfcc_only__P1__seed42,mfcc_only,P1,42,C,external_BF-NEWS,f1_spoof,,,,placeholder
mfcc_only__P1__seed42,mfcc_only,P1,42,C,external_BF-NEWS,f1_macro,,,,placeholder
mfcc_only__P1__seed42,mfcc_only,P1,42,C,external_BF-NEWS,auc,,,,placeholder
mfcc_only__P1__seed42,mfcc_only,P1,42,C,external_BF-NEWS,eer,,,,placeholder
mfcc_only__P1__seed42,mfcc_only,P1,42,C,external_BF-NEWS,fpr,0.195,,,placeholder
mfcc_only__P1__seed42,mfcc_only,P1,42,C,external_BF-NEWS,fnr,,,,placeholder
mfcc_only__P1__seed42,mfcc_only,P1,42,C,external_BF-NEWS,tp,0.0,,,placeholder
mfcc_only__P1__seed42,mfcc_only,P1,42,C,external_BF-NEWS,tn,805.0,,,placeholder
mfcc_only__P1__seed42,mfcc_only,P1,42,C,external_BF-NEWS,fp,195.0,,,placeholder
mfcc_only__P1__seed42,mfcc_only,P1,42,C,external_BF-NEWS,fn,0.0,,,placeholder
mfcc_only__P1__seed42,mfcc_only,P1,42,C,external_BF-NEWS,frac_pred_spoof,0.195,0.17360279441117765,0.21923873873873875,placeholder
mfcc_only__P1__seed42,mfcc_only,P1,42,C,external_BF-NEWS,n_clusters,997.0,,,placeholder
mel_mfcc__P1__seed42,mel_mfcc,P1,42,C,validation,n,2998.0,,,placeholder
mel_mfcc__P1__seed42,mel_mfcc,P1,42,C,validation,n_spoof,1499.0,,,placeholder
mel_mfcc__P1__seed42,mel_mfcc,P1,42,C,validation,n_bonafide,1499.0,,,placeholder
mel_mfcc__P1__seed42,mel_mfcc,P1,42,C,validation,threshold,0.8053184129889042,,,placeholder
mel_mfcc__P1__seed42,mel_mfcc,P1,42,C,validation,accuracy,0.8138759172781854,0.8001984723327137,0.8272319508065457,placeholder
mel_mfcc__P1__seed42,mel_mfcc,P1,42,C,validation,balanced_accuracy,0.8138759172781855,,,placeholder
mel_mfcc__P1__seed42,mel_mfcc,P1,42,C,validation,precision_spoof,0.8142952571810287,,,placeholder
mel_mfcc__P1__seed42,mel_mfcc,P1,42,C,validation,recall_spoof_sensitivity,0.8132088058705804,,,placeholder
mel_mfcc__P1__seed42,mel_mfcc,P1,42,C,validation,specificity_bonafide_recall,0.8145430286857905,,,placeholder
mel_mfcc__P1__seed42,mel_mfcc,P1,42,C,validation,f1_spoof,0.8137516688918558,,,placeholder
mel_mfcc__P1__seed42,mel_mfcc,P1,42,C,validation,f1_macro,0.8138758344459279,0.8001942377608455,0.8272311081872162,placeholder
mel_mfcc__P1__seed42,mel_mfcc,P1,42,C,validation,auc,0.891381445758146,0.8814961097150783,0.903931439164152,placeholder
mel_mfcc__P1__seed42,mel_mfcc,P1,42,C,validation,eer,0.18679119412941958,0.17340179389731114,0.20004663557628244,placeholder
mel_mfcc__P1__seed42,mel_mfcc,P1,42,C,validation,fpr,0.18545697131420946,,,placeholder
mel_mfcc__P1__seed42,mel_mfcc,P1,42,C,validation,fnr,0.1867911941294196,,,placeholder
mel_mfcc__P1__seed42,mel_mfcc,P1,42,C,validation,tp,1219.0,,,placeholder
mel_mfcc__P1__seed42,mel_mfcc,P1,42,C,validation,tn,1221.0,,,placeholder
mel_mfcc__P1__seed42,mel_mfcc,P1,42,C,validation,fp,278.0,,,placeholder
mel_mfcc__P1__seed42,mel_mfcc,P1,42,C,validation,fn,280.0,,,placeholder
mel_mfcc__P1__seed42,mel_mfcc,P1,42,C,validation,brier,0.17203820841426395,,,placeholder
mel_mfcc__P1__seed42,mel_mfcc,P1,42,C,validation,ece,0.16331241515443407,,,placeholder
mel_mfcc__P1__seed42,mel_mfcc,P1,42,C,validation,n_clusters,1495.0,,,placeholder
mel_mfcc__P1__seed42,mel_mfcc,P1,42,C,internal_test,n,2998.0,,,placeholder
mel_mfcc__P1__seed42,mel_mfcc,P1,42,C,internal_test,n_spoof,1499.0,,,placeholder
mel_mfcc__P1__seed42,mel_mfcc,P1,42,C,internal_test,n_bonafide,1499.0,,,placeholder
mel_mfcc__P1__seed42,mel_mfcc,P1,42,C,internal_test,threshold,0.8053184129889042,,,placeholder
mel_mfcc__P1__seed42,mel_mfcc,P1,42,C,internal_test,accuracy,0.5813875917278185,0.5669789228723404,0.5993483288770054,placeholder
mel_mfcc__P1__seed42,mel_mfcc,P1,42,C,internal_test,balanced_accuracy,0.5813875917278185,,,placeholder
mel_mfcc__P1__seed42,mel_mfcc,P1,42,C,internal_test,precision_spoof,0.6448931116389549,,,placeholder
mel_mfcc__P1__seed42,mel_mfcc,P1,42,C,internal_test,recall_spoof_sensitivity,0.36224149432955305,,,placeholder
mel_mfcc__P1__seed42,mel_mfcc,P1,42,C,internal_test,specificity_bonafide_recall,0.800533689126084,,,placeholder
mel_mfcc__P1__seed42,mel_mfcc,P1,42,C,internal_test,f1_spoof,0.46390431439555746,,,placeholder
mel_mfcc__P1__seed42,mel_mfcc,P1,42,C,internal_test,f1_macro,0.560269530658791,0.5423229951095266,0.5799377501422558,placeholder
mel_mfcc__P1__seed42,mel_mfcc,P1,42,C,internal_test,auc,0.6267829876355195,0.6078666979279459,0.6488905371356397,placeholder
mel_mfcc__P1__seed42,mel_mfcc,P1,42,C,internal_test,eer,0.41561040693795864,0.3969212229603893,0.4348057816528112,placeholder
mel_mfcc__P1__seed42,mel_mfcc,P1,42,C,internal_test,fpr,0.19946631087391595,,,placeholder
mel_mfcc__P1__seed42,mel_mfcc,P1,42,C,internal_test,fnr,0.637758505670447,,,placeholder
mel_mfcc__P1__seed42,mel_mfcc,P1,42,C,internal_test,tp,543.0,,,placeholder
mel_mfcc__P1__seed42,mel_mfcc,P1,42,C,internal_test,tn,1200.0,,,placeholder
mel_mfcc__P1__seed42,mel_mfcc,P1,42,C,internal_test,fp,299.0,,,placeholder
mel_mfcc__P1__seed42,mel_mfcc,P1,42,C,internal_test,fn,956.0,,,placeholder
mel_mfcc__P1__seed42,mel_mfcc,P1,42,C,internal_test,brier,0.24883053483168688,,,placeholder
mel_mfcc__P1__seed42,mel_mfcc,P1,42,C,internal_test,ece,0.09413136200756601,,,placeholder
mel_mfcc__P1__seed42,mel_mfcc,P1,42,C,internal_test,n_clusters,1494.0,,,placeholder
mel_mfcc__P1__seed42,mel_mfcc,P1,42,C,external_BF-MOZ,n,5594.0,,,placeholder
mel_mfcc__P1__seed42,mel_mfcc,P1,42,C,external_BF-MOZ,n_spoof,2797.0,,,placeholder
mel_mfcc__P1__seed42,mel_mfcc,P1,42,C,external_BF-MOZ,n_bonafide,2797.0,,,placeholder
mel_mfcc__P1__seed42,mel_mfcc,P1,42,C,external_BF-MOZ,threshold,0.8053184129889042,,,placeholder
mel_mfcc__P1__seed42,mel_mfcc,P1,42,C,external_BF-MOZ,accuracy,0.6905613156953879,0.6785618519842689,0.7020334286735788,placeholder
mel_mfcc__P1__seed42,mel_mfcc,P1,42,C,external_BF-MOZ,balanced_accuracy,0.6905613156953879,,,placeholder
mel_mfcc__P1__seed42,mel_mfcc,P1,42,C,external_BF-MOZ,precision_spoof,0.7387992831541219,,,placeholder
mel_mfcc__P1__seed42,mel_mfcc,P1,42,C,external_BF-MOZ,recall_spoof_sensitivity,0.589560243117626,,,placeholder
mel_mfcc__P1__seed42,mel_mfcc,P1,42,C,external_BF-MOZ,specificity_bonafide_recall,0.7915623882731498,,,placeholder
mel_mfcc__P1__seed42,mel_mfcc,P1,42,C,external_BF-MOZ,f1_spoof,0.6557963809902566,,,placeholder
mel_mfcc__P1__seed42,mel_mfcc,P1,42,C,external_BF-MOZ,f1_macro,0.687372131069897,0.6747901685359421,0.6984884224640487,placeholder
mel_mfcc__P1__seed42,mel_mfcc,P1,42,C,external_BF-MOZ,auc,0.7719467804068638,0.7583680718487772,0.7840728050343536,placeholder
mel_mfcc__P1__seed42,mel_mfcc,P1,42,C,external_BF-MOZ,eer,0.29781909188416156,0.28528780836610657,0.30854486950303894,placeholder
mel_mfcc__P1__seed42,mel_mfcc,P1,42,C,external_BF-MOZ,fpr,0.20843761172685019,,,placeholder
mel_mfcc__P1__seed42,mel_mfcc,P1,42,C,external_BF-MOZ,fnr,0.410439756882374,,,placeholder
mel_mfcc__P1__seed42,mel_mfcc,P1,42,C,external_BF-MOZ,tp,1649.0,,,placeholder
mel_mfcc__P1__seed42,mel_mfcc,P1,42,C,external_BF-MOZ,tn,2214.0,,,placeholder
mel_mfcc__P1__seed42,mel_mfcc,P1,42,C,external_BF-MOZ,fp,583.0,,,placeholder
mel_mfcc__P1__seed42,mel_mfcc,P1,42,C,external_BF-MOZ,fn,1148.0,,,placeholder
mel_mfcc__P1__seed42,mel_mfcc,P1,42,C,external_BF-MOZ,brier,0.20600265018517758,,,placeholder
mel_mfcc__P1__seed42,mel_mfcc,P1,42,C,external_BF-MOZ,ece,0.10296436363837046,,,placeholder
mel_mfcc__P1__seed42,mel_mfcc,P1,42,C,external_BF-MOZ,n_clusters,2797.0,,,placeholder
mel_mfcc__P1__seed42,mel_mfcc,P1,42,C,external_MEN,n,4500.0,,,placeholder
mel_mfcc__P1__seed42,mel_mfcc,P1,42,C,external_MEN,n_spoof,2250.0,,,placeholder
mel_mfcc__P1__seed42,mel_mfcc,P1,42,C,external_MEN,n_bonafide,2250.0,,,placeholder
mel_mfcc__P1__seed42,mel_mfcc,P1,42,C,external_MEN,threshold,0.8053184129889042,,,placeholder
mel_mfcc__P1__seed42,mel_mfcc,P1,42,C,external_MEN,accuracy,0.7737777777777778,0.7644277777777778,0.7829055555555555,placeholder
mel_mfcc__P1__seed42,mel_mfcc,P1,42,C,external_MEN,balanced_accuracy,0.7737777777777778,,,placeholder
mel_mfcc__P1__seed42,mel_mfcc,P1,42,C,external_MEN,precision_spoof,0.7851851851851852,,,placeholder
mel_mfcc__P1__seed42,mel_mfcc,P1,42,C,external_MEN,recall_spoof_sensitivity,0.7537777777777778,,,placeholder
mel_mfcc__P1__seed42,mel_mfcc,P1,42,C,external_MEN,specificity_bonafide_recall,0.7937777777777778,,,placeholder
mel_mfcc__P1__seed42,mel_mfcc,P1,42,C,external_MEN,f1_spoof,0.7691609977324264,,,placeholder
mel_mfcc__P1__seed42,mel_mfcc,P1,42,C,external_MEN,f1_macro,0.7736872526788494,0.7642562126195697,0.782771519209601,placeholder
mel_mfcc__P1__seed42,mel_mfcc,P1,42,C,external_MEN,auc,0.8501432098765431,0.8390902172839506,0.8599280839506173,placeholder
mel_mfcc__P1__seed42,mel_mfcc,P1,42,C,external_MEN,eer,0.23022222222222222,0.22087777777777778,0.2413333333333333,placeholder
mel_mfcc__P1__seed42,mel_mfcc,P1,42,C,external_MEN,fpr,0.20622222222222222,,,placeholder
mel_mfcc__P1__seed42,mel_mfcc,P1,42,C,external_MEN,fnr,0.24622222222222223,,,placeholder
mel_mfcc__P1__seed42,mel_mfcc,P1,42,C,external_MEN,tp,1696.0,,,placeholder
mel_mfcc__P1__seed42,mel_mfcc,P1,42,C,external_MEN,tn,1786.0,,,placeholder
mel_mfcc__P1__seed42,mel_mfcc,P1,42,C,external_MEN,fp,464.0,,,placeholder
mel_mfcc__P1__seed42,mel_mfcc,P1,42,C,external_MEN,fn,554.0,,,placeholder
mel_mfcc__P1__seed42,mel_mfcc,P1,42,C,external_MEN,brier,0.18571848448620518,,,placeholder
mel_mfcc__P1__seed42,mel_mfcc,P1,42,C,external_MEN,ece,0.14332739206412887,,,placeholder
mel_mfcc__P1__seed42,mel_mfcc,P1,42,C,external_MEN,n_clusters,75.0,,,placeholder
mel_mfcc__P1__seed42,mel_mfcc,P1,42,C,external_BF-NEWS,n,1000.0,,,placeholder
mel_mfcc__P1__seed42,mel_mfcc,P1,42,C,external_BF-NEWS,n_spoof,0.0,,,placeholder
mel_mfcc__P1__seed42,mel_mfcc,P1,42,C,external_BF-NEWS,n_bonafide,1000.0,,,placeholder
mel_mfcc__P1__seed42,mel_mfcc,P1,42,C,external_BF-NEWS,threshold,0.8053184129889042,,,placeholder
mel_mfcc__P1__seed42,mel_mfcc,P1,42,C,external_BF-NEWS,accuracy,0.794,,,placeholder
mel_mfcc__P1__seed42,mel_mfcc,P1,42,C,external_BF-NEWS,balanced_accuracy,,,,placeholder
mel_mfcc__P1__seed42,mel_mfcc,P1,42,C,external_BF-NEWS,precision_spoof,0.0,,,placeholder
mel_mfcc__P1__seed42,mel_mfcc,P1,42,C,external_BF-NEWS,recall_spoof_sensitivity,,,,placeholder
mel_mfcc__P1__seed42,mel_mfcc,P1,42,C,external_BF-NEWS,specificity_bonafide_recall,0.794,,,placeholder
mel_mfcc__P1__seed42,mel_mfcc,P1,42,C,external_BF-NEWS,f1_spoof,,,,placeholder
mel_mfcc__P1__seed42,mel_mfcc,P1,42,C,external_BF-NEWS,f1_macro,,,,placeholder
mel_mfcc__P1__seed42,mel_mfcc,P1,42,C,external_BF-NEWS,auc,,,,placeholder
mel_mfcc__P1__seed42,mel_mfcc,P1,42,C,external_BF-NEWS,eer,,,,placeholder
mel_mfcc__P1__seed42,mel_mfcc,P1,42,C,external_BF-NEWS,fpr,0.206,,,placeholder
mel_mfcc__P1__seed42,mel_mfcc,P1,42,C,external_BF-NEWS,fnr,,,,placeholder
mel_mfcc__P1__seed42,mel_mfcc,P1,42,C,external_BF-NEWS,tp,0.0,,,placeholder
mel_mfcc__P1__seed42,mel_mfcc,P1,42,C,external_BF-NEWS,tn,794.0,,,placeholder
mel_mfcc__P1__seed42,mel_mfcc,P1,42,C,external_BF-NEWS,fp,206.0,,,placeholder
mel_mfcc__P1__seed42,mel_mfcc,P1,42,C,external_BF-NEWS,fn,0.0,,,placeholder
mel_mfcc__P1__seed42,mel_mfcc,P1,42,C,external_BF-NEWS,frac_pred_spoof,0.206,0.18477438477438476,0.22768527861306198,placeholder
mel_mfcc__P1__seed42,mel_mfcc,P1,42,C,external_BF-NEWS,n_clusters,997.0,,,placeholder
dual_no_se__P1__seed42,dual_no_se,P1,42,C,validation,n,2998.0,,,placeholder
dual_no_se__P1__seed42,dual_no_se,P1,42,C,validation,n_spoof,1499.0,,,placeholder
dual_no_se__P1__seed42,dual_no_se,P1,42,C,validation,n_bonafide,1499.0,,,placeholder
dual_no_se__P1__seed42,dual_no_se,P1,42,C,validation,threshold,0.4424690367863767,,,placeholder
dual_no_se__P1__seed42,dual_no_se,P1,42,C,validation,accuracy,0.6817878585723816,0.667761819020048,0.696522781588435,placeholder
dual_no_se__P1__seed42,dual_no_se,P1,42,C,validation,balanced_accuracy,0.6817878585723816,,,placeholder
dual_no_se__P1__seed42,dual_no_se,P1,42,C,validation,precision_spoof,0.6817878585723816,,,placeholder
dual_no_se__P1__seed42,dual_no_se,P1,42,C,validation,recall_spoof_sensitivity,0.6817878585723816,,,placeholder
dual_no_se__P1__seed42,dual_no_se,P1,42,C,validation,specificity_bonafide_recall,0.6817878585723816,,,placeholder
dual_no_se__P1__seed42,dual_no_se,P1,42,C,validation,f1_spoof,0.6817878585723816,,,placeholder
dual_no_se__P1__seed42,dual_no_se,P1,42,C,validation,f1_macro,0.6817878585723816,0.667698219525291,0.696522646551837,placeholder
dual_no_se__P1__seed42,dual_no_se,P1,42,C,validation,auc,0.7465030055616353,0.7311707947826642,0.7632888182173057,placeholder
dual_no_se__P1__seed42,dual_no_se,P1,42,C,validation,eer,0.31821214142761844,0.30185351848040537,0.33200293181426227,placeholder
dual_no_se__P1__seed42,dual_no_se,P1,42,C,validation,fpr,0.3182121414276184,,,placeholder
dual_no_se__P1__seed42,dual_no_se,P1,42,C,validation,fnr,0.3182121414276184,,,placeholder
dual_no_se__P1__seed42,dual_no_se,P1,42,C,validation,tp,1022.0,,,placeholder
dual_no_se__P1__seed42,dual_no_se,P1,42,C,validation,tn,1022.0,,,placeholder
dual_no_se__P1__seed42,dual_no_se,P1,42,C,validation,fp,477.0,,,placeholder
dual_no_se__P1__seed42,dual_no_se,P1,42,C,validation,fn,477.0,,,placeholder
dual_no_se__P1__seed42,dual_no_se,P1,42,C,validation,brier,0.2132300908424246,,,placeholder
dual_no_se__P1__seed42,dual_no_se,P1,42,C,validation,ece,0.08782449317905106,,,placeholder
dual_no_se__P1__seed42,dual_no_se,P1,42,C,validation,n_clusters,1495.0,,,placeholder
dual_no_se__P1__seed42,dual_no_se,P1,42,C,internal_test,n,2998.0,,,placeholder
dual_no_se__P1__seed42,dual_no_se,P1,42,C,internal_test,n_spoof,1499.0,,,placeholder
dual_no_se__P1__seed42,dual_no_se,P1,42,C,internal_test,n_bonafide,1499.0,,,placeholder
dual_no_se__P1__seed42,dual_no_se,P1,42,C,internal_test,threshold,0.4424690367863767,,,placeholder
dual_no_se__P1__seed42,dual_no_se,P1,42,C,internal_test,accuracy,0.8065376917945297,0.7931940247528999,0.818458622155768,placeholder
dual_no_se__P1__seed42,dual_no_se,P1,42,C,internal_test,balanced_accuracy,0.8065376917945297,,,placeholder
dual_no_se__P1__seed42,dual_no_se,P1,42,C,internal_test,precision_spoof,0.7414608512874409,,,placeholder
dual_no_se__P1__seed42,dual_no_se,P1,42,C,internal_test,recall_spoof_sensitivity,0.9412941961307538,,,placeholder
dual_no_se__P1__seed42,dual_no_se,P1,42,C,internal_test,specificity_bonafide_recall,0.6717811874583055,,,placeholder
dual_no_se__P1__seed42,dual_no_se,P1,42,C,internal_test,f1_spoof,0.829512051734274,,,placeholder
dual_no_se__P1__seed42,dual_no_se,P1,42,C,internal_test,f1_macro,0.8029595725132433,0.7889399461919535,0.8154926046556578,placeholder
dual_no_se__P1__seed42,dual_no_se,P1,42,C,internal_test,auc,0.923075245627394,0.9142931894926509,0.9327185287297485,placeholder
dual_no_se__P1__seed42,dual_no_se,P1,42,C,internal_test,eer,0.15410273515677117,0.14225352442853625,0.16824920458012416,placeholder
dual_no_se__P1__seed42,dual_no_se,P1,42,C,internal_test,fpr,0.32821881254169444,,,placeholder
dual_no_se__P1__seed42,dual_no_se,P1,42,C,internal_test,fnr,0.05870580386924616,,,placeholder
dual_no_se__P1__seed42,dual_no_se,P1,42,C,internal_test,tp,1411.0,,,placeholder
dual_no_se__P1__seed42,dual_no_se,P1,42,C,internal_test,tn,1007.0,,,placeholder
dual_no_se__P1__seed42,dual_no_se,P1,42,C,internal_test,fp,492.0,,,placeholder
dual_no_se__P1__seed42,dual_no_se,P1,42,C,internal_test,fn,88.0,,,placeholder
dual_no_se__P1__seed42,dual_no_se,P1,42,C,internal_test,brier,0.16487643040999692,,,placeholder
dual_no_se__P1__seed42,dual_no_se,P1,42,C,internal_test,ece,0.18217858963429026,,,placeholder
dual_no_se__P1__seed42,dual_no_se,P1,42,C,internal_test,n_clusters,1494.0,,,placeholder
dual_no_se__P1__seed42,dual_no_se,P1,42,C,external_BF-MOZ,n,5594.0,,,placeholder
dual_no_se__P1__seed42,dual_no_se,P1,42,C,external_BF-MOZ,n_spoof,2797.0,,,placeholder
dual_no_se__P1__seed42,dual_no_se,P1,42,C,external_BF-MOZ,n_bonafide,2797.0,,,placeholder
dual_no_se__P1__seed42,dual_no_se,P1,42,C,external_BF-MOZ,threshold,0.4424690367863767,,,placeholder
dual_no_se__P1__seed42,dual_no_se,P1,42,C,external_BF-MOZ,accuracy,0.8189131212012871,0.8097872720772256,0.82732391848409,placeholder
dual_no_se__P1__seed42,dual_no_se,P1,42,C,external_BF-MOZ,balanced_accuracy,0.818913121201287,,,placeholder
dual_no_se__P1__seed42,dual_no_se,P1,42,C,external_BF-MOZ,precision_spoof,0.7458654906284454,,,placeholder
dual_no_se__P1__seed42,dual_no_se,P1,42,C,external_BF-MOZ,recall_spoof_sensitivity,0.9674651412227386,,,placeholder
dual_no_se__P1__seed42,dual_no_se,P1,42,C,external_BF-MOZ,specificity_bonafide_recall,0.6703611011798355,,,placeholder
dual_no_se__P1__seed42,dual_no_se,P1,42,C,external_BF-MOZ,f1_spoof,0.8423346303501945,,,placeholder
dual_no_se__P1__seed42,dual_no_se,P1,42,C,external_BF-MOZ,f1_macro,0.8148267734996826,0.804763836727834,0.8240157406011768,placeholder
dual_no_se__P1__seed42,dual_no_se,P1,42,C,external_BF-MOZ,auc,0.9514207021696596,0.946716158931712,0.9559727664184862,placeholder
dual_no_se__P1__seed42,dual_no_se,P1,42,C,external_BF-MOZ,eer,0.12370396853771898,0.11654451197711835,0.13299964247407936,placeholder
dual_no_se__P1__seed42,dual_no_se,P1,42,C,external_BF-MOZ,fpr,0.32963889882016445,,,placeholder
dual_no_se__P1__seed42,dual_no_se,P1,42,C,external_BF-MOZ,fnr,0.03253485877726135,,,placeholder
dual_no_se__P1__seed42,dual_no_se,P1,42,C,external_BF-MOZ,tp,2706.0,,,placeholder
dual_no_se__P1__seed42,dual_no_se,P1,42,C,external_BF-MOZ,tn,1875.0,,,placeholder
dual_no_se__P1__seed42,dual_no_se,P1,42,C,external_BF-MOZ,fp,922.0,,,placeholder
dual_no_se__P1__seed42,dual_no_se,P1,42,C,external_BF-MOZ,fn,91.0,,,placeholder
dual_no_se__P1__seed42,dual_no_se,P1,42,C,external_BF-MOZ,brier,0.16028049230869318,,,placeholder
dual_no_se__P1__seed42,dual_no_se,P1,42,C,external_BF-MOZ,ece,0.21249557500597946,,,placeholder
dual_no_se__P1__seed42,dual_no_se,P1,42,C,external_BF-MOZ,n_clusters,2797.0,,,placeholder
dual_no_se__P1__seed42,dual_no_se,P1,42,C,external_MEN,n,4500.0,,,placeholder
dual_no_se__P1__seed42,dual_no_se,P1,42,C,external_MEN,n_spoof,2250.0,,,placeholder
dual_no_se__P1__seed42,dual_no_se,P1,42,C,external_MEN,n_bonafide,2250.0,,,placeholder
dual_no_se__P1__seed42,dual_no_se,P1,42,C,external_MEN,threshold,0.4424690367863767,,,placeholder
dual_no_se__P1__seed42,dual_no_se,P1,42,C,external_MEN,accuracy,0.6786666666666666,0.662,0.6956055555555556,placeholder
dual_no_se__P1__seed42,dual_no_se,P1,42,C,external_MEN,balanced_accuracy,0.6786666666666668,,,placeholder
dual_no_se__P1__seed42,dual_no_se,P1,42,C,external_MEN,precision_spoof,0.6747826086956522,,,placeholder
dual_no_se__P1__seed42,dual_no_se,P1,42,C,external_MEN,recall_spoof_sensitivity,0.6897777777777778,,,placeholder
dual_no_se__P1__seed42,dual_no_se,P1,42,C,external_MEN,specificity_bonafide_recall,0.6675555555555556,,,placeholder
dual_no_se__P1__seed42,dual_no_se,P1,42,C,external_MEN,f1_spoof,0.6821978021978021,,,placeholder
dual_no_se__P1__seed42,dual_no_se,P1,42,C,external_MEN,f1_macro,0.6786269909865414,0.6619471529398249,0.6955625425195783,placeholder
dual_no_se__P1__seed42,dual_no_se,P1,42,C,external_MEN,auc,0.7503545679012347,0.7351139802469137,0.7672852049382716,placeholder
dual_no_se__P1__seed42,dual_no_se,P1,42,C,external_MEN,eer,0.32133333333333336,0.3026222222222222,0.33512222222222227,placeholder
dual_no_se__P1__seed42,dual_no_se,P1,42,C,external_MEN,fpr,0.33244444444444443,,,placeholder
dual_no_se__P1__seed42,dual_no_se,P1,42,C,external_MEN,fnr,0.31022222222222223,,,placeholder
dual_no_se__P1__seed42,dual_no_se,P1,42,C,external_MEN,tp,1552.0,,,placeholder
dual_no_se__P1__seed42,dual_no_se,P1,42,C,external_MEN,tn,1502.0,,,placeholder
dual_no_se__P1__seed42,dual_no_se,P1,42,C,external_MEN,fp,748.0,,,placeholder
dual_no_se__P1__seed42,dual_no_se,P1,42,C,external_MEN,fn,698.0,,,placeholder
dual_no_se__P1__seed42,dual_no_se,P1,42,C,external_MEN,brier,0.21152190923224204,,,placeholder
dual_no_se__P1__seed42,dual_no_se,P1,42,C,external_MEN,ece,0.09337867949036457,,,placeholder
dual_no_se__P1__seed42,dual_no_se,P1,42,C,external_MEN,n_clusters,75.0,,,placeholder
dual_no_se__P1__seed42,dual_no_se,P1,42,C,external_BF-NEWS,n,1000.0,,,placeholder
dual_no_se__P1__seed42,dual_no_se,P1,42,C,external_BF-NEWS,n_spoof,0.0,,,placeholder
dual_no_se__P1__seed42,dual_no_se,P1,42,C,external_BF-NEWS,n_bonafide,1000.0,,,placeholder
dual_no_se__P1__seed42,dual_no_se,P1,42,C,external_BF-NEWS,threshold,0.4424690367863767,,,placeholder
dual_no_se__P1__seed42,dual_no_se,P1,42,C,external_BF-NEWS,accuracy,0.665,,,placeholder
dual_no_se__P1__seed42,dual_no_se,P1,42,C,external_BF-NEWS,balanced_accuracy,,,,placeholder
dual_no_se__P1__seed42,dual_no_se,P1,42,C,external_BF-NEWS,precision_spoof,0.0,,,placeholder
dual_no_se__P1__seed42,dual_no_se,P1,42,C,external_BF-NEWS,recall_spoof_sensitivity,,,,placeholder
dual_no_se__P1__seed42,dual_no_se,P1,42,C,external_BF-NEWS,specificity_bonafide_recall,0.665,,,placeholder
dual_no_se__P1__seed42,dual_no_se,P1,42,C,external_BF-NEWS,f1_spoof,,,,placeholder
dual_no_se__P1__seed42,dual_no_se,P1,42,C,external_BF-NEWS,f1_macro,,,,placeholder
dual_no_se__P1__seed42,dual_no_se,P1,42,C,external_BF-NEWS,auc,,,,placeholder
dual_no_se__P1__seed42,dual_no_se,P1,42,C,external_BF-NEWS,eer,,,,placeholder
dual_no_se__P1__seed42,dual_no_se,P1,42,C,external_BF-NEWS,fpr,0.335,,,placeholder
dual_no_se__P1__seed42,dual_no_se,P1,42,C,external_BF-NEWS,fnr,,,,placeholder
dual_no_se__P1__seed42,dual_no_se,P1,42,C,external_BF-NEWS,tp,0.0,,,placeholder
dual_no_se__P1__seed42,dual_no_se,P1,42,C,external_BF-NEWS,tn,665.0,,,placeholder
dual_no_se__P1__seed42,dual_no_se,P1,42,C,external_BF-NEWS,fp,335.0,,,placeholder
dual_no_se__P1__seed42,dual_no_se,P1,42,C,external_BF-NEWS,fn,0.0,,,placeholder
dual_no_se__P1__seed42,dual_no_se,P1,42,C,external_BF-NEWS,frac_pred_spoof,0.335,0.30597286860581746,0.36266233766233763,placeholder
dual_no_se__P1__seed42,dual_no_se,P1,42,C,external_BF-NEWS,n_clusters,997.0,,,placeholder
dual_no_tattn__P1__seed42,dual_no_tattn,P1,42,C,validation,n,2998.0,,,placeholder
dual_no_tattn__P1__seed42,dual_no_tattn,P1,42,C,validation,n_spoof,1499.0,,,placeholder
dual_no_tattn__P1__seed42,dual_no_tattn,P1,42,C,validation,n_bonafide,1499.0,,,placeholder
dual_no_tattn__P1__seed42,dual_no_tattn,P1,42,C,validation,threshold,0.19679322766744428,,,placeholder
dual_no_tattn__P1__seed42,dual_no_tattn,P1,42,C,validation,accuracy,0.5930620413609072,0.573662990685296,0.6143196040030149,placeholder
dual_no_tattn__P1__seed42,dual_no_tattn,P1,42,C,validation,balanced_accuracy,0.5930620413609072,,,placeholder
dual_no_tattn__P1__seed42,dual_no_tattn,P1,42,C,validation,precision_spoof,0.5930620413609072,,,placeholder
dual_no_tattn__P1__seed42,dual_no_tattn,P1,42,C,validation,recall_spoof_sensitivity,0.5930620413609072,,,placeholder
dual_no_tattn__P1__seed42,dual_no_tattn,P1,42,C,validation,specificity_bonafide_recall,0.5930620413609072,,,placeholder
dual_no_tattn__P1__seed42,dual_no_tattn,P1,42,C,validation,f1_spoof,0.5930620413609072,,,placeholder
dual_no_tattn__P1__seed42,dual_no_tattn,P1,42,C,validation,f1_macro,0.5930620413609072,0.5736283931270857,0.6142227414422808,placeholder
dual_no_tattn__P1__seed42,dual_no_tattn,P1,42,C,validation,auc,0.619408714103821,0.5987061947789155,0.6390080060639681,placeholder
dual_no_tattn__P1__seed42,dual_no_tattn,P1,42,C,validation,eer,0.40693795863909277,0.39070453741708017,0.4296220909431515,placeholder
dual_no_tattn__P1__seed42,dual_no_tattn,P1,42,C,validation,fpr,0.4069379586390927,,,placeholder
dual_no_tattn__P1__seed42,dual_no_tattn,P1,42,C,validation,fnr,0.4069379586390927,,,placeholder
dual_no_tattn__P1__seed42,dual_no_tattn,P1,42,C,validation,tp,889.0,,,placeholder
dual_no_tattn__P1__seed42,dual_no_tattn,P1,42,C,validation,tn,889.0,,,placeholder
dual_no_tattn__P1__seed42,dual_no_tattn,P1,42,C,validation,fp,610.0,,,placeholder
dual_no_tattn__P1__seed42,dual_no_tattn,P1,42,C,validation,fn,610.0,,,placeholder
dual_no_tattn__P1__seed42,dual_no_tattn,P1,42,C,validation,brier,0.25242408425018664,,,placeholder
dual_no_tattn__P1__seed42,dual_no_tattn,P1,42,C,validation,ece,0.10247813623999232,,,placeholder
dual_no_tattn__P1__seed42,dual_no_tattn,P1,42,C,validation,n_clusters,1495.0,,,placeholder
dual_no_tattn__P1__seed42,dual_no_tattn,P1,42,C,internal_test,n,2998.0,,,placeholder
dual_no_tattn__P1__seed42,dual_no_tattn,P1,42,C,internal_test,n_spoof,1499.0,,,placeholder
dual_no_tattn__P1__seed42,dual_no_tattn,P1,42,C,internal_test,n_bonafide,1499.0,,,placeholder
dual_no_tattn__P1__seed42,dual_no_tattn,P1,42,C,internal_test,threshold,0.19679322766744428,,,placeholder
dual_no_tattn__P1__seed42,dual_no_tattn,P1,42,C,internal_test,accuracy,0.7625083388925951,0.75,0.7757381759408233,placeholder
dual_no_tattn__P1__seed42,dual_no_tattn,P1,42,C,internal_test,balanced_accuracy,0.7625083388925951,,,placeholder
dual_no_tattn__P1__seed42,dual_no_tattn,P1,42,C,internal_test,precision_spoof,0.6914841849148419,,,placeholder
dual_no_tattn__P1__seed42,dual_no_tattn,P1,42,C,internal_test,recall_spoof_sensitivity,0.9479653102068045,,,placeholder
dual_no_tattn__P1__seed42,dual_no_tattn,P1,42,C,internal_test,specificity_bonafide_recall,0.5770513675783856,,,placeholder
dual_no_tattn__P1__seed42,dual_no_tattn,P1,42,C,internal_test,f1_spoof,0.7996623522791222,,,placeholder
dual_no_tattn__P1__seed42,dual_no_tattn,P1,42,C,internal_test,f1_macro,0.7540490303574153,0.740617066688257,0.768175248287367,placeholder
dual_no_tattn__P1__seed42,dual_no_tattn,P1,42,C,internal_test,auc,0.9032336879244823,0.8934471769260449,0.9134396036827954,placeholder
dual_no_tattn__P1__seed42,dual_no_tattn,P1,42,C,internal_test,eer,0.1741160773849233,0.16143826995774957,0.18723144988064436,placeholder
dual_no_tattn__P1__seed42,dual_no_tattn,P1,42,C,internal_test,fpr,0.4229486324216144,,,placeholder
dual_no_tattn__P1__seed42,dual_no_tattn,P1,42,C,internal_test,fnr,0.05203468979319546,,,placeholder
dual_no_tattn__P1__seed42,dual_no_tattn,P1,42,C,internal_test,tp,1421.0,,,placeholder
dual_no_tattn__P1__seed42,dual_no_tattn,P1,42,C,internal_test,tn,865.0,,,placeholder
dual_no_tattn__P1__seed42,dual_no_tattn,P1,42,C,internal_test,fp,634.0,,,placeholder
dual_no_tattn__P1__seed42,dual_no_tattn,P1,42,C,internal_test,fn,78.0,,,placeholder
dual_no_tattn__P1__seed42,dual_no_tattn,P1,42,C,internal_test,brier,0.17041836866525054,,,placeholder
dual_no_tattn__P1__seed42,dual_no_tattn,P1,42,C,internal_test,ece,0.16612672809416645,,,placeholder
dual_no_tattn__P1__seed42,dual_no_tattn,P1,42,C,internal_test,n_clusters,1494.0,,,placeholder
dual_no_tattn__P1__seed42,dual_no_tattn,P1,42,C,external_BF-MOZ,n,5594.0,,,placeholder
dual_no_tattn__P1__seed42,dual_no_tattn,P1,42,C,external_BF-MOZ,n_spoof,2797.0,,,placeholder
dual_no_tattn__P1__seed42,dual_no_tattn,P1,42,C,external_BF-MOZ,n_bonafide,2797.0,,,placeholder
dual_no_tattn__P1__seed42,dual_no_tattn,P1,42,C,external_BF-MOZ,threshold,0.19679322766744428,,,placeholder
dual_no_tattn__P1__seed42,dual_no_tattn,P1,42,C,external_BF-MOZ,accuracy,0.639792634966035,0.6294020378977476,0.6528468001430103,placeholder
dual_no_tattn__P1__seed42,dual_no_tattn,P1,42,C,external_BF-MOZ,balanced_accuracy,0.639792634966035,,,placeholder
dual_no_tattn__P1__seed42,dual_no_tattn,P1,42,C,external_BF-MOZ,precision_spoof,0.6220349563046192,,,placeholder
dual_no_tattn__P1__seed42,dual_no_tattn,P1,42,C,external_BF-MOZ,recall_spoof_sensitivity,0.7125491598140865,,,placeholder
dual_no_tattn__P1__seed42,dual_no_tattn,P1,42,C,external_BF-MOZ,specificity_bonafide_recall,0.5670361101179836,,,placeholder
dual_no_tattn__P1__seed42,dual_no_tattn,P1,42,C,external_BF-MOZ,f1_spoof,0.6642226295617397,,,placeholder
dual_no_tattn__P1__seed42,dual_no_tattn,P1,42,C,external_BF-MOZ,f1_macro,0.6378757258084388,0.6273580210642894,0.6510279073557292,placeholder
dual_no_tattn__P1__seed42,dual_no_tattn,P1,42,C,external_BF-MOZ,auc,0.6973533495014642,0.6841814465138284,0.7117450875976853,placeholder
dual_no_tattn__P1__seed42,dual_no_tattn,P1,42,C,external_BF-MOZ,eer,0.3550232391848409,0.34393099749731854,0.368251698248123,placeholder
dual_no_tattn__P1__seed42,dual_no_tattn,P1,42,C,external_BF-MOZ,fpr,0.43296388988201645,,,placeholder
dual_no_tattn__P1__seed42,dual_no_tattn,P1,42,C,external_BF-MOZ,fnr,0.2874508401859135,,,placeholder
dual_no_tattn__P1__seed42,dual_no_tattn,P1,42,C,external_BF-MOZ,tp,1993.0,,,placeholder
dual_no_tattn__P1__seed42,dual_no_tattn,P1,42,C,external_BF-MOZ,tn,1586.0,,,placeholder
dual_no_tattn__P1__seed42,dual_no_tattn,P1,42,C,external_BF-MOZ,fp,1211.0,,,placeholder
dual_no_tattn__P1__seed42,dual_no_tattn,P1,42,C,external_BF-MOZ,fn,804.0,,,placeholder
dual_no_tattn__P1__seed42,dual_no_tattn,P1,42,C,external_BF-MOZ,brier,0.22847841258600188,,,placeholder
dual_no_tattn__P1__seed42,dual_no_tattn,P1,42,C,external_BF-MOZ,ece,0.08200775540339747,,,placeholder
dual_no_tattn__P1__seed42,dual_no_tattn,P1,42,C,external_BF-MOZ,n_clusters,2797.0,,,placeholder
dual_no_tattn__P1__seed42,dual_no_tattn,P1,42,C,external_MEN,n,4500.0,,,placeholder
dual_no_tattn__P1__seed42,dual_no_tattn,P1,42,C,external_MEN,n_spoof,2250.0,,,placeholder
dual_no_tattn__P1__seed42,dual_no_tattn,P1,42,C,external_MEN,n_bonafide,2250.0,,,placeholder
dual_no_tattn__P1__seed42,dual_no_tattn,P1,42,C,external_MEN,threshold,0.19679322766744428,,,placeholder
dual_no_tattn__P1__seed42,dual_no_tattn,P1,42,C,external_MEN,accuracy,0.6582222222222223,0.6411,0.6735666666666666,placeholder
dual_no_tattn__P1__seed42,dual_no_tattn,P1,42,C,external_MEN,balanced_accuracy,0.6582222222222223,,,placeholder
dual_no_tattn__P1__seed42,dual_no_tattn,P1,42,C,external_MEN,precision_spoof,0.6354642313546424,,,placeholder
dual_no_tattn__P1__seed42,dual_no_tattn,P1,42,C,external_MEN,recall_spoof_sensitivity,0.7422222222222222,,,placeholder
dual_no_tattn__P1__seed42,dual_no_tattn,P1,42,C,external_MEN,specificity_bonafide_recall,0.5742222222222222,,,placeholder
dual_no_tattn__P1__seed42,dual_no_tattn,P1,42,C,external_MEN,f1_spoof,0.6847068470684706,,,placeholder
dual_no_tattn__P1__seed42,dual_no_tattn,P1,42,C,external_MEN,f1_macro,0.6557935011664526,0.6382586200872021,0.6712033612264886,placeholder
dual_no_tattn__P1__seed42,dual_no_tattn,P1,42,C,external_MEN,auc,0.7188616296296296,0.7041564987654322,0.7341239456790124,placeholder
dual_no_tattn__P1__seed42,dual_no_tattn,P1,42,C,external_MEN,eer,0.3488888888888889,0.33642222222222223,0.3626777777777778,placeholder
dual_no_tattn__P1__seed42,dual_no_tattn,P1,42,C,external_MEN,fpr,0.42577777777777776,,,placeholder
dual_no_tattn__P1__seed42,dual_no_tattn,P1,42,C,external_MEN,fnr,0.2577777777777778,,,placeholder
dual_no_tattn__P1__seed42,dual_no_tattn,P1,42,C,external_MEN,tp,1670.0,,,placeholder
dual_no_tattn__P1__seed42,dual_no_tattn,P1,42,C,external_MEN,tn,1292.0,,,placeholder
dual_no_tattn__P1__seed42,dual_no_tattn,P1,42,C,external_MEN,fp,958.0,,,placeholder
dual_no_tattn__P1__seed42,dual_no_tattn,P1,42,C,external_MEN,fn,580.0,,,placeholder
dual_no_tattn__P1__seed42,dual_no_tattn,P1,42,C,external_MEN,brier,0.22039185549879517,,,placeholder
dual_no_tattn__P1__seed42,dual_no_tattn,P1,42,C,external_MEN,ece,0.08404864794374275,,,placeholder
dual_no_tattn__P1__seed42,dual_no_tattn,P1,42,C,external_MEN,n_clusters,75.0,,,placeholder
dual_no_tattn__P1__seed42,dual_no_tattn,P1,42,C,external_BF-NEWS,n,1000.0,,,placeholder
dual_no_tattn__P1__seed42,dual_no_tattn,P1,42,C,external_BF-NEWS,n_spoof,0.0,,,placeholder
dual_no_tattn__P1__seed42,dual_no_tattn,P1,42,C,external_BF-NEWS,n_bonafide,1000.0,,,placeholder
dual_no_tattn__P1__seed42,dual_no_tattn,P1,42,C,external_BF-NEWS,threshold,0.19679322766744428,,,placeholder
dual_no_tattn__P1__seed42,dual_no_tattn,P1,42,C,external_BF-NEWS,accuracy,0.583,,,placeholder
dual_no_tattn__P1__seed42,dual_no_tattn,P1,42,C,external_BF-NEWS,balanced_accuracy,,,,placeholder
dual_no_tattn__P1__seed42,dual_no_tattn,P1,42,C,external_BF-NEWS,precision_spoof,0.0,,,placeholder
dual_no_tattn__P1__seed42,dual_no_tattn,P1,42,C,external_BF-NEWS,recall_spoof_sensitivity,,,,placeholder
dual_no_tattn__P1__seed42,dual_no_tattn,P1,42,C,external_BF-NEWS,specificity_bonafide_recall,0.583,,,placeholder
dual_no_tattn__P1__seed42,dual_no_tattn,P1,42,C,external_BF-NEWS,f1_spoof,,,,placeholder
dual_no_tattn__P1__seed42,dual_no_tattn,P1,42,C,external_BF-NEWS,f1_macro,,,,placeholder
dual_no_tattn__P1__seed42,dual_no_tattn,P1,42,C,external_BF-NEWS,auc,,,,placeholder
dual_no_tattn__P1__seed42,dual_no_tattn,P1,42,C,external_BF-NEWS,eer,,,,placeholder
dual_no_tattn__P1__seed42,dual_no_tattn,P1,42,C,external_BF-NEWS,fpr,0.417,,,placeholder
dual_no_tattn__P1__seed42,dual_no_tattn,P1,42,C,external_BF-NEWS,fnr,,,,placeholder
dual_no_tattn__P1__seed42,dual_no_tattn,P1,42,C,external_BF-NEWS,tp,0.0,,,placeholder
dual_no_tattn__P1__seed42,dual_no_tattn,P1,42,C,external_BF-NEWS,tn,583.0,,,placeholder
dual_no_tattn__P1__seed42,dual_no_tattn,P1,42,C,external_BF-NEWS,fp,417.0,,,placeholder
dual_no_tattn__P1__seed42,dual_no_tattn,P1,42,C,external_BF-NEWS,fn,0.0,,,placeholder
dual_no_tattn__P1__seed42,dual_no_tattn,P1,42,C,external_BF-NEWS,frac_pred_spoof,0.417,0.38435935935935933,0.4459306751641421,placeholder
dual_no_tattn__P1__seed42,dual_no_tattn,P1,42,C,external_BF-NEWS,n_clusters,997.0,,,placeholder
dual_plain__P1__seed42,dual_plain,P1,42,C,validation,n,2998.0,,,placeholder
dual_plain__P1__seed42,dual_plain,P1,42,C,validation,n_spoof,1499.0,,,placeholder
dual_plain__P1__seed42,dual_plain,P1,42,C,validation,n_bonafide,1499.0,,,placeholder
dual_plain__P1__seed42,dual_plain,P1,42,C,validation,threshold,0.6087894048908311,,,placeholder
dual_plain__P1__seed42,dual_plain,P1,42,C,validation,accuracy,0.7124749833222148,0.6962566097927944,0.7290045136575616,placeholder
dual_plain__P1__seed42,dual_plain,P1,42,C,validation,balanced_accuracy,0.7124749833222148,,,placeholder
dual_plain__P1__seed42,dual_plain,P1,42,C,validation,precision_spoof,0.7124749833222148,,,placeholder
dual_plain__P1__seed42,dual_plain,P1,42,C,validation,recall_spoof_sensitivity,0.7124749833222148,,,placeholder
dual_plain__P1__seed42,dual_plain,P1,42,C,validation,specificity_bonafide_recall,0.7124749833222148,,,placeholder
dual_plain__P1__seed42,dual_plain,P1,42,C,validation,f1_spoof,0.7124749833222148,,,placeholder
dual_plain__P1__seed42,dual_plain,P1,42,C,validation,f1_macro,0.7124749833222148,0.6962552999771678,0.7290035273807685,placeholder
dual_plain__P1__seed42,dual_plain,P1,42,C,validation,auc,0.7795430442621076,0.761994453941053,0.7960677494229135,placeholder
dual_plain__P1__seed42,dual_plain,P1,42,C,validation,eer,0.2875250166777852,0.2713302271209085,0.3042042564550357,placeholder
dual_plain__P1__seed42,dual_plain,P1,42,C,validation,fpr,0.2875250166777852,,,placeholder
dual_plain__P1__seed42,dual_plain,P1,42,C,validation,fnr,0.2875250166777852,,,placeholder
dual_plain__P1__seed42,dual_plain,P1,42,C,validation,tp,1068.0,,,placeholder
dual_plain__P1__seed42,dual_plain,P1,42,C,validation,tn,1068.0,,,placeholder
dual_plain__P1__seed42,dual_plain,P1,42,C,validation,fp,431.0,,,placeholder
dual_plain__P1__seed42,dual_plain,P1,42,C,validation,fn,431.0,,,placeholder
dual_plain__P1__seed42,dual_plain,P1,42,C,validation,brier,0.20579273143965682,,,placeholder
dual_plain__P1__seed42,dual_plain,P1,42,C,validation,ece,0.1118252748703051,,,placeholder
dual_plain__P1__seed42,dual_plain,P1,42,C,validation,n_clusters,1495.0,,,placeholder
dual_plain__P1__seed42,dual_plain,P1,42,C,internal_test,n,2998.0,,,placeholder
dual_plain__P1__seed42,dual_plain,P1,42,C,internal_test,n_spoof,1499.0,,,placeholder
dual_plain__P1__seed42,dual_plain,P1,42,C,internal_test,n_bonafide,1499.0,,,placeholder
dual_plain__P1__seed42,dual_plain,P1,42,C,internal_test,threshold,0.6087894048908311,,,placeholder
dual_plain__P1__seed42,dual_plain,P1,42,C,internal_test,accuracy,0.7918612408272181,0.776314960106383,0.8060005016722408,placeholder
dual_plain__P1__seed42,dual_plain,P1,42,C,internal_test,balanced_accuracy,0.7918612408272181,,,placeholder
dual_plain__P1__seed42,dual_plain,P1,42,C,internal_test,precision_spoof,0.7551020408163265,,,placeholder
dual_plain__P1__seed42,dual_plain,P1,42,C,internal_test,recall_spoof_sensitivity,0.8639092728485657,,,placeholder
dual_plain__P1__seed42,dual_plain,P1,42,C,internal_test,specificity_bonafide_recall,0.7198132088058706,,,placeholder
dual_plain__P1__seed42,dual_plain,P1,42,C,internal_test,f1_spoof,0.8058494088363409,,,placeholder
dual_plain__P1__seed42,dual_plain,P1,42,C,internal_test,f1_macro,0.7907751717078901,0.7749329245085094,0.8051159275572433,placeholder
dual_plain__P1__seed42,dual_plain,P1,42,C,internal_test,auc,0.8819479831117121,0.8704601897388775,0.8933225481062133,placeholder
dual_plain__P1__seed42,dual_plain,P1,42,C,internal_test,eer,0.20013342228152098,0.18598333333333333,0.2133977272727273,placeholder
dual_plain__P1__seed42,dual_plain,P1,42,C,internal_test,fpr,0.2801867911941294,,,placeholder
dual_plain__P1__seed42,dual_plain,P1,42,C,internal_test,fnr,0.13609072715143428,,,placeholder
dual_plain__P1__seed42,dual_plain,P1,42,C,internal_test,tp,1295.0,,,placeholder
dual_plain__P1__seed42,dual_plain,P1,42,C,internal_test,tn,1079.0,,,placeholder
dual_plain__P1__seed42,dual_plain,P1,42,C,internal_test,fp,420.0,,,placeholder
dual_plain__P1__seed42,dual_plain,P1,42,C,internal_test,fn,204.0,,,placeholder
dual_plain__P1__seed42,dual_plain,P1,42,C,internal_test,brier,0.1800038905473844,,,placeholder
dual_plain__P1__seed42,dual_plain,P1,42,C,internal_test,ece,0.16299749619841633,,,placeholder
dual_plain__P1__seed42,dual_plain,P1,42,C,internal_test,n_clusters,1494.0,,,placeholder
dual_plain__P1__seed42,dual_plain,P1,42,C,external_BF-MOZ,n,5594.0,,,placeholder
dual_plain__P1__seed42,dual_plain,P1,42,C,external_BF-MOZ,n_spoof,2797.0,,,placeholder
dual_plain__P1__seed42,dual_plain,P1,42,C,external_BF-MOZ,n_bonafide,2797.0,,,placeholder
dual_plain__P1__seed42,dual_plain,P1,42,C,external_BF-MOZ,threshold,0.6087894048908311,,,placeholder
dual_plain__P1__seed42,dual_plain,P1,42,C,external_BF-MOZ,accuracy,0.700035752592063,0.6894842688594923,0.7120218090811584,placeholder
dual_plain__P1__seed42,dual_plain,P1,42,C,external_BF-MOZ,balanced_accuracy,0.7000357525920629,,,placeholder
dual_plain__P1__seed42,dual_plain,P1,42,C,external_BF-MOZ,precision_spoof,0.7161066048667439,,,placeholder
dual_plain__P1__seed42,dual_plain,P1,42,C,external_BF-MOZ,recall_spoof_sensitivity,0.6628530568466213,,,placeholder
dual_plain__P1__seed42,dual_plain,P1,42,C,external_BF-MOZ,specificity_bonafide_recall,0.7372184483375045,,,placeholder
dual_plain__P1__seed42,dual_plain,P1,42,C,external_BF-MOZ,f1_spoof,0.688451541032306,,,placeholder
dual_plain__P1__seed42,dual_plain,P1,42,C,external_BF-MOZ,f1_macro,0.6996204620018476,0.6890159731303704,0.7117638046851305,placeholder
dual_plain__P1__seed42,dual_plain,P1,42,C,external_BF-MOZ,auc,0.7662472011165751,0.7538049699298587,0.7785517330548116,placeholder
dual_plain__P1__seed42,dual_plain,P1,42,C,external_BF-MOZ,eer,0.29996424740793703,0.2885144797997855,0.31070790132284587,placeholder
dual_plain__P1__seed42,dual_plain,P1,42,C,external_BF-MOZ,fpr,0.2627815516624955,,,placeholder
dual_plain__P1__seed42,dual_plain,P1,42,C,external_BF-MOZ,fnr,0.3371469431533786,,,placeholder
dual_plain__P1__seed42,dual_plain,P1,42,C,external_BF-MOZ,tp,1854.0,,,placeholder
dual_plain__P1__seed42,dual_plain,P1,42,C,external_BF-MOZ,tn,2062.0,,,placeholder
dual_plain__P1__seed42,dual_plain,P1,42,C,external_BF-MOZ,fp,735.0,,,placeholder
dual_plain__P1__seed42,dual_plain,P1,42,C,external_BF-MOZ,fn,943.0,,,placeholder
dual_plain__P1__seed42,dual_plain,P1,42,C,external_BF-MOZ,brier,0.20790547051984254,,,placeholder
dual_plain__P1__seed42,dual_plain,P1,42,C,external_BF-MOZ,ece,0.10150450112947217,,,placeholder
dual_plain__P1__seed42,dual_plain,P1,42,C,external_BF-MOZ,n_clusters,2797.0,,,placeholder
dual_plain__P1__seed42,dual_plain,P1,42,C,external_MEN,n,4500.0,,,placeholder
dual_plain__P1__seed42,dual_plain,P1,42,C,external_MEN,n_spoof,2250.0,,,placeholder
dual_plain__P1__seed42,dual_plain,P1,42,C,external_MEN,n_bonafide,2250.0,,,placeholder
dual_plain__P1__seed42,dual_plain,P1,42,C,external_MEN,threshold,0.6087894048908311,,,placeholder
dual_plain__P1__seed42,dual_plain,P1,42,C,external_MEN,accuracy,0.5844444444444444,0.5726611111111111,0.5982277777777778,placeholder
dual_plain__P1__seed42,dual_plain,P1,42,C,external_MEN,balanced_accuracy,0.5844444444444444,,,placeholder
dual_plain__P1__seed42,dual_plain,P1,42,C,external_MEN,precision_spoof,0.6128266033254157,,,placeholder
dual_plain__P1__seed42,dual_plain,P1,42,C,external_MEN,recall_spoof_sensitivity,0.45866666666666667,,,placeholder
dual_plain__P1__seed42,dual_plain,P1,42,C,external_MEN,specificity_bonafide_recall,0.7102222222222222,,,placeholder
dual_plain__P1__seed42,dual_plain,P1,42,C,external_MEN,f1_spoof,0.5246568378240978,,,placeholder
dual_plain__P1__seed42,dual_plain,P1,42,C,external_MEN,f1_macro,0.5777646605227871,0.5660414427354671,0.5915913549715774,placeholder
dual_plain__P1__seed42,dual_plain,P1,42,C,external_MEN,auc,0.625093925925926,0.6106599950617283,0.640107713580247,placeholder
dual_plain__P1__seed42,dual_plain,P1,42,C,external_MEN,eer,0.4102222222222222,0.3959777777777778,0.42268888888888884,placeholder
dual_plain__P1__seed42,dual_plain,P1,42,C,external_MEN,fpr,0.2897777777777778,,,placeholder
dual_plain__P1__seed42,dual_plain,P1,42,C,external_MEN,fnr,0.5413333333333333,,,placeholder
dual_plain__P1__seed42,dual_plain,P1,42,C,external_MEN,tp,1032.0,,,placeholder
dual_plain__P1__seed42,dual_plain,P1,42,C,external_MEN,tn,1598.0,,,placeholder
dual_plain__P1__seed42,dual_plain,P1,42,C,external_MEN,fp,652.0,,,placeholder
dual_plain__P1__seed42,dual_plain,P1,42,C,external_MEN,fn,1218.0,,,placeholder
dual_plain__P1__seed42,dual_plain,P1,42,C,external_MEN,brier,0.25137339220373517,,,placeholder
dual_plain__P1__seed42,dual_plain,P1,42,C,external_MEN,ece,0.09979932969719783,,,placeholder
dual_plain__P1__seed42,dual_plain,P1,42,C,external_MEN,n_clusters,75.0,,,placeholder
dual_plain__P1__seed42,dual_plain,P1,42,C,external_BF-NEWS,n,1000.0,,,placeholder
dual_plain__P1__seed42,dual_plain,P1,42,C,external_BF-NEWS,n_spoof,0.0,,,placeholder
dual_plain__P1__seed42,dual_plain,P1,42,C,external_BF-NEWS,n_bonafide,1000.0,,,placeholder
dual_plain__P1__seed42,dual_plain,P1,42,C,external_BF-NEWS,threshold,0.6087894048908311,,,placeholder
dual_plain__P1__seed42,dual_plain,P1,42,C,external_BF-NEWS,accuracy,0.714,,,placeholder
dual_plain__P1__seed42,dual_plain,P1,42,C,external_BF-NEWS,balanced_accuracy,,,,placeholder
dual_plain__P1__seed42,dual_plain,P1,42,C,external_BF-NEWS,precision_spoof,0.0,,,placeholder
dual_plain__P1__seed42,dual_plain,P1,42,C,external_BF-NEWS,recall_spoof_sensitivity,,,,placeholder
dual_plain__P1__seed42,dual_plain,P1,42,C,external_BF-NEWS,specificity_bonafide_recall,0.714,,,placeholder
dual_plain__P1__seed42,dual_plain,P1,42,C,external_BF-NEWS,f1_spoof,,,,placeholder
dual_plain__P1__seed42,dual_plain,P1,42,C,external_BF-NEWS,f1_macro,,,,placeholder
dual_plain__P1__seed42,dual_plain,P1,42,C,external_BF-NEWS,auc,,,,placeholder
dual_plain__P1__seed42,dual_plain,P1,42,C,external_BF-NEWS,eer,,,,placeholder
dual_plain__P1__seed42,dual_plain,P1,42,C,external_BF-NEWS,fpr,0.286,,,placeholder
dual_plain__P1__seed42,dual_plain,P1,42,C,external_BF-NEWS,fnr,,,,placeholder
dual_plain__P1__seed42,dual_plain,P1,42,C,external_BF-NEWS,tp,0.0,,,placeholder
dual_plain__P1__seed42,dual_plain,P1,42,C,external_BF-NEWS,tn,714.0,,,placeholder
dual_plain__P1__seed42,dual_plain,P1,42,C,external_BF-NEWS,fp,286.0,,,placeholder
dual_plain__P1__seed42,dual_plain,P1,42,C,external_BF-NEWS,fn,0.0,,,placeholder
dual_plain__P1__seed42,dual_plain,P1,42,C,external_BF-NEWS,frac_pred_spoof,0.286,0.259925,0.3166674348697395,placeholder
dual_plain__P1__seed42,dual_plain,P1,42,C,external_BF-NEWS,n_clusters,997.0,,,placeholder
lcnn_lfcc__P1__seed42,lcnn_lfcc,P1,42,C,validation,n,2998.0,,,placeholder
lcnn_lfcc__P1__seed42,lcnn_lfcc,P1,42,C,validation,n_spoof,1499.0,,,placeholder
lcnn_lfcc__P1__seed42,lcnn_lfcc,P1,42,C,validation,n_bonafide,1499.0,,,placeholder
lcnn_lfcc__P1__seed42,lcnn_lfcc,P1,42,C,validation,threshold,0.824626821438111,,,placeholder
lcnn_lfcc__P1__seed42,lcnn_lfcc,P1,42,C,validation,accuracy,0.814209472981988,0.7993216477651768,0.8269289078490537,placeholder
lcnn_lfcc__P1__seed42,lcnn_lfcc,P1,42,C,validation,balanced_accuracy,0.814209472981988,,,placeholder
lcnn_lfcc__P1__seed42,lcnn_lfcc,P1,42,C,validation,precision_spoof,0.8144192256341789,,,placeholder
lcnn_lfcc__P1__seed42,lcnn_lfcc,P1,42,C,validation,recall_spoof_sensitivity,0.8138759172781854,,,placeholder
lcnn_lfcc__P1__seed42,lcnn_lfcc,P1,42,C,validation,specificity_bonafide_recall,0.8145430286857905,,,placeholder
lcnn_lfcc__P1__seed42,lcnn_lfcc,P1,42,C,validation,f1_spoof,0.8141474808141475,,,placeholder
lcnn_lfcc__P1__seed42,lcnn_lfcc,P1,42,C,validation,f1_macro,0.8142094523110417,0.7993192718820332,0.8269287345353268,placeholder
lcnn_lfcc__P1__seed42,lcnn_lfcc,P1,42,C,validation,auc,0.8911197636316139,0.8788120355667222,0.9020748099355541,placeholder
lcnn_lfcc__P1__seed42,lcnn_lfcc,P1,42,C,validation,eer,0.18545697131420946,0.17144477429397376,0.20120927392419297,placeholder
lcnn_lfcc__P1__seed42,lcnn_lfcc,P1,42,C,validation,fpr,0.18545697131420946,,,placeholder
lcnn_lfcc__P1__seed42,lcnn_lfcc,P1,42,C,validation,fnr,0.18612408272181455,,,placeholder
lcnn_lfcc__P1__seed42,lcnn_lfcc,P1,42,C,validation,tp,1220.0,,,placeholder
lcnn_lfcc__P1__seed42,lcnn_lfcc,P1,42,C,validation,tn,1221.0,,,placeholder
lcnn_lfcc__P1__seed42,lcnn_lfcc,P1,42,C,validation,fp,278.0,,,placeholder
lcnn_lfcc__P1__seed42,lcnn_lfcc,P1,42,C,validation,fn,279.0,,,placeholder
lcnn_lfcc__P1__seed42,lcnn_lfcc,P1,42,C,validation,brier,0.1721343435882178,,,placeholder
lcnn_lfcc__P1__seed42,lcnn_lfcc,P1,42,C,validation,ece,0.15668429529252711,,,placeholder
lcnn_lfcc__P1__seed42,lcnn_lfcc,P1,42,C,validation,n_clusters,1495.0,,,placeholder
lcnn_lfcc__P1__seed42,lcnn_lfcc,P1,42,C,internal_test,n,2998.0,,,placeholder
lcnn_lfcc__P1__seed42,lcnn_lfcc,P1,42,C,internal_test,n_spoof,1499.0,,,placeholder
lcnn_lfcc__P1__seed42,lcnn_lfcc,P1,42,C,internal_test,n_bonafide,1499.0,,,placeholder
lcnn_lfcc__P1__seed42,lcnn_lfcc,P1,42,C,internal_test,threshold,0.824626821438111,,,placeholder
lcnn_lfcc__P1__seed42,lcnn_lfcc,P1,42,C,internal_test,accuracy,0.6677785190126752,0.6517620336120832,0.6831563288181425,placeholder
lcnn_lfcc__P1__seed42,lcnn_lfcc,P1,42,C,internal_test,balanced_accuracy,0.6677785190126752,,,placeholder
lcnn_lfcc__P1__seed42,lcnn_lfcc,P1,42,C,internal_test,precision_spoof,0.7219770520741394,,,placeholder
lcnn_lfcc__P1__seed42,lcnn_lfcc,P1,42,C,internal_test,recall_spoof_sensitivity,0.5456971314209473,,,placeholder
lcnn_lfcc__P1__seed42,lcnn_lfcc,P1,42,C,internal_test,specificity_bonafide_recall,0.789859906604403,,,placeholder
lcnn_lfcc__P1__seed42,lcnn_lfcc,P1,42,C,internal_test,f1_spoof,0.6215805471124621,,,placeholder
lcnn_lfcc__P1__seed42,lcnn_lfcc,P1,42,C,internal_test,f1_macro,0.6627522236156842,0.6467141283626847,0.6797499604904863,placeholder
lcnn_lfcc__P1__seed42,lcnn_lfcc,P1,42,C,internal_test,auc,0.7407669155465441,0.7247930137853245,0.7576604606083609,placeholder
lcnn_lfcc__P1__seed42,lcnn_lfcc,P1,42,C,internal_test,eer,0.3228819212808539,0.3071208209678396,0.338887424688755,placeholder
lcnn_lfcc__P1__seed42,lcnn_lfcc,P1,42,C,internal_test,fpr,0.21014009339559706,,,placeholder
lcnn_lfcc__P1__seed42,lcnn_lfcc,P1,42,C,internal_test,fnr,0.4543028685790527,,,placeholder
lcnn_lfcc__P1__seed42,lcnn_lfcc,P1,42,C,internal_test,tp,818.0,,,placeholder
lcnn_lfcc__P1__seed42,lcnn_lfcc,P1,42,C,internal_test,tn,1184.0,,,placeholder
lcnn_lfcc__P1__seed42,lcnn_lfcc,P1,42,C,internal_test,fp,315.0,,,placeholder
lcnn_lfcc__P1__seed42,lcnn_lfcc,P1,42,C,internal_test,fn,681.0,,,placeholder
lcnn_lfcc__P1__seed42,lcnn_lfcc,P1,42,C,internal_test,brier,0.21632471614615567,,,placeholder
lcnn_lfcc__P1__seed42,lcnn_lfcc,P1,42,C,internal_test,ece,0.09791093565075996,,,placeholder
lcnn_lfcc__P1__seed42,lcnn_lfcc,P1,42,C,internal_test,n_clusters,1494.0,,,placeholder
lcnn_lfcc__P1__seed42,lcnn_lfcc,P1,42,C,external_BF-MOZ,n,5594.0,,,placeholder
lcnn_lfcc__P1__seed42,lcnn_lfcc,P1,42,C,external_BF-MOZ,n_spoof,2797.0,,,placeholder
lcnn_lfcc__P1__seed42,lcnn_lfcc,P1,42,C,external_BF-MOZ,n_bonafide,2797.0,,,placeholder
lcnn_lfcc__P1__seed42,lcnn_lfcc,P1,42,C,external_BF-MOZ,threshold,0.824626821438111,,,placeholder
lcnn_lfcc__P1__seed42,lcnn_lfcc,P1,42,C,external_BF-MOZ,accuracy,0.7356095816946728,0.7248793350017876,0.7458080085806221,placeholder
lcnn_lfcc__P1__seed42,lcnn_lfcc,P1,42,C,external_BF-MOZ,balanced_accuracy,0.7356095816946728,,,placeholder
lcnn_lfcc__P1__seed42,lcnn_lfcc,P1,42,C,external_BF-MOZ,precision_spoof,0.7698607698607699,,,placeholder
lcnn_lfcc__P1__seed42,lcnn_lfcc,P1,42,C,external_BF-MOZ,recall_spoof_sensitivity,0.6721487307829818,,,placeholder
lcnn_lfcc__P1__seed42,lcnn_lfcc,P1,42,C,external_BF-MOZ,specificity_bonafide_recall,0.799070432606364,,,placeholder
lcnn_lfcc__P1__seed42,lcnn_lfcc,P1,42,C,external_BF-MOZ,f1_spoof,0.7176942164535217,,,placeholder
lcnn_lfcc__P1__seed42,lcnn_lfcc,P1,42,C,external_BF-MOZ,f1_macro,0.7345405020744663,0.7236124705074772,0.7444635971452457,placeholder
lcnn_lfcc__P1__seed42,lcnn_lfcc,P1,42,C,external_BF-MOZ,auc,0.8158370816886013,0.8063629803319838,0.8247885458511974,placeholder
lcnn_lfcc__P1__seed42,lcnn_lfcc,P1,42,C,external_BF-MOZ,eer,0.2620664998212371,0.2502681444404719,0.27137111190561314,placeholder
lcnn_lfcc__P1__seed42,lcnn_lfcc,P1,42,C,external_BF-MOZ,fpr,0.20092956739363604,,,placeholder
lcnn_lfcc__P1__seed42,lcnn_lfcc,P1,42,C,external_BF-MOZ,fnr,0.32785126921701824,,,placeholder
lcnn_lfcc__P1__seed42,lcnn_lfcc,P1,42,C,external_BF-MOZ,tp,1880.0,,,placeholder
lcnn_lfcc__P1__seed42,lcnn_lfcc,P1,42,C,external_BF-MOZ,tn,2235.0,,,placeholder
lcnn_lfcc__P1__seed42,lcnn_lfcc,P1,42,C,external_BF-MOZ,fp,562.0,,,placeholder
lcnn_lfcc__P1__seed42,lcnn_lfcc,P1,42,C,external_BF-MOZ,fn,917.0,,,placeholder
lcnn_lfcc__P1__seed42,lcnn_lfcc,P1,42,C,external_BF-MOZ,brier,0.19399361466945345,,,placeholder
lcnn_lfcc__P1__seed42,lcnn_lfcc,P1,42,C,external_BF-MOZ,ece,0.12121718461835229,,,placeholder
lcnn_lfcc__P1__seed42,lcnn_lfcc,P1,42,C,external_BF-MOZ,n_clusters,2797.0,,,placeholder
lcnn_lfcc__P1__seed42,lcnn_lfcc,P1,42,C,external_MEN,n,4500.0,,,placeholder
lcnn_lfcc__P1__seed42,lcnn_lfcc,P1,42,C,external_MEN,n_spoof,2250.0,,,placeholder
lcnn_lfcc__P1__seed42,lcnn_lfcc,P1,42,C,external_MEN,n_bonafide,2250.0,,,placeholder
lcnn_lfcc__P1__seed42,lcnn_lfcc,P1,42,C,external_MEN,threshold,0.824626821438111,,,placeholder
lcnn_lfcc__P1__seed42,lcnn_lfcc,P1,42,C,external_MEN,accuracy,0.6888888888888889,0.6757722222222222,0.702,placeholder
lcnn_lfcc__P1__seed42,lcnn_lfcc,P1,42,C,external_MEN,balanced_accuracy,0.6888888888888889,,,placeholder
lcnn_lfcc__P1__seed42,lcnn_lfcc,P1,42,C,external_MEN,precision_spoof,0.7297297297297297,,,placeholder
lcnn_lfcc__P1__seed42,lcnn_lfcc,P1,42,C,external_MEN,recall_spoof_sensitivity,0.6,,,placeholder
lcnn_lfcc__P1__seed42,lcnn_lfcc,P1,42,C,external_MEN,specificity_bonafide_recall,0.7777777777777778,,,placeholder
lcnn_lfcc__P1__seed42,lcnn_lfcc,P1,42,C,external_MEN,f1_spoof,0.6585365853658536,,,placeholder
lcnn_lfcc__P1__seed42,lcnn_lfcc,P1,42,C,external_MEN,f1_macro,0.6864111498257839,0.6731140402742225,0.6993851264229259,placeholder
lcnn_lfcc__P1__seed42,lcnn_lfcc,P1,42,C,external_MEN,auc,0.7740462222222223,0.7609621827160493,0.7892870814814815,placeholder
lcnn_lfcc__P1__seed42,lcnn_lfcc,P1,42,C,external_MEN,eer,0.30044444444444446,0.2844444444444445,0.31601111111111113,placeholder
lcnn_lfcc__P1__seed42,lcnn_lfcc,P1,42,C,external_MEN,fpr,0.2222222222222222,,,placeholder
lcnn_lfcc__P1__seed42,lcnn_lfcc,P1,42,C,external_MEN,fnr,0.4,,,placeholder
lcnn_lfcc__P1__seed42,lcnn_lfcc,P1,42,C,external_MEN,tp,1350.0,,,placeholder
lcnn_lfcc__P1__seed42,lcnn_lfcc,P1,42,C,external_MEN,tn,1750.0,,,placeholder
lcnn_lfcc__P1__seed42,lcnn_lfcc,P1,42,C,external_MEN,fp,500.0,,,placeholder
lcnn_lfcc__P1__seed42,lcnn_lfcc,P1,42,C,external_MEN,fn,900.0,,,placeholder
lcnn_lfcc__P1__seed42,lcnn_lfcc,P1,42,C,external_MEN,brier,0.20629172244068067,,,placeholder
lcnn_lfcc__P1__seed42,lcnn_lfcc,P1,42,C,external_MEN,ece,0.10970885622383174,,,placeholder
lcnn_lfcc__P1__seed42,lcnn_lfcc,P1,42,C,external_MEN,n_clusters,75.0,,,placeholder
lcnn_lfcc__P1__seed42,lcnn_lfcc,P1,42,C,external_BF-NEWS,n,1000.0,,,placeholder
lcnn_lfcc__P1__seed42,lcnn_lfcc,P1,42,C,external_BF-NEWS,n_spoof,0.0,,,placeholder
lcnn_lfcc__P1__seed42,lcnn_lfcc,P1,42,C,external_BF-NEWS,n_bonafide,1000.0,,,placeholder
lcnn_lfcc__P1__seed42,lcnn_lfcc,P1,42,C,external_BF-NEWS,threshold,0.824626821438111,,,placeholder
lcnn_lfcc__P1__seed42,lcnn_lfcc,P1,42,C,external_BF-NEWS,accuracy,0.764,,,placeholder
lcnn_lfcc__P1__seed42,lcnn_lfcc,P1,42,C,external_BF-NEWS,balanced_accuracy,,,,placeholder
lcnn_lfcc__P1__seed42,lcnn_lfcc,P1,42,C,external_BF-NEWS,precision_spoof,0.0,,,placeholder
lcnn_lfcc__P1__seed42,lcnn_lfcc,P1,42,C,external_BF-NEWS,recall_spoof_sensitivity,,,,placeholder
lcnn_lfcc__P1__seed42,lcnn_lfcc,P1,42,C,external_BF-NEWS,specificity_bonafide_recall,0.764,,,placeholder
lcnn_lfcc__P1__seed42,lcnn_lfcc,P1,42,C,external_BF-NEWS,f1_spoof,,,,placeholder
lcnn_lfcc__P1__seed42,lcnn_lfcc,P1,42,C,external_BF-NEWS,f1_macro,,,,placeholder
lcnn_lfcc__P1__seed42,lcnn_lfcc,P1,42,C,external_BF-NEWS,auc,,,,placeholder
lcnn_lfcc__P1__seed42,lcnn_lfcc,P1,42,C,external_BF-NEWS,eer,,,,placeholder
lcnn_lfcc__P1__seed42,lcnn_lfcc,P1,42,C,external_BF-NEWS,fpr,0.236,,,placeholder
lcnn_lfcc__P1__seed42,lcnn_lfcc,P1,42,C,external_BF-NEWS,fnr,,,,placeholder
lcnn_lfcc__P1__seed42,lcnn_lfcc,P1,42,C,external_BF-NEWS,tp,0.0,,,placeholder
lcnn_lfcc__P1__seed42,lcnn_lfcc,P1,42,C,external_BF-NEWS,tn,764.0,,,placeholder
lcnn_lfcc__P1__seed42,lcnn_lfcc,P1,42,C,external_BF-NEWS,fp,236.0,,,placeholder
lcnn_lfcc__P1__seed42,lcnn_lfcc,P1,42,C,external_BF-NEWS,fn,0.0,,,placeholder
lcnn_lfcc__P1__seed42,lcnn_lfcc,P1,42,C,external_BF-NEWS,frac_pred_spoof,0.236,0.2085904108722564,0.25875328559775224,placeholder
lcnn_lfcc__P1__seed42,lcnn_lfcc,P1,42,C,external_BF-NEWS,n_clusters,997.0,,,placeholder
bscan_controlled__P2__seed42,bscan_controlled,P2,42,C,validation,n,900.0,,,placeholder
bscan_controlled__P2__seed42,bscan_controlled,P2,42,C,validation,n_spoof,450.0,,,placeholder
bscan_controlled__P2__seed42,bscan_controlled,P2,42,C,validation,n_bonafide,450.0,,,placeholder
bscan_controlled__P2__seed42,bscan_controlled,P2,42,C,validation,threshold,0.8322495263286153,,,placeholder
bscan_controlled__P2__seed42,bscan_controlled,P2,42,C,validation,accuracy,0.8288888888888889,0.8088888888888889,0.8511666666666667,placeholder
bscan_controlled__P2__seed42,bscan_controlled,P2,42,C,validation,balanced_accuracy,0.8288888888888889,,,placeholder
bscan_controlled__P2__seed42,bscan_controlled,P2,42,C,validation,precision_spoof,0.8303571428571429,,,placeholder
bscan_controlled__P2__seed42,bscan_controlled,P2,42,C,validation,recall_spoof_sensitivity,0.8266666666666667,,,placeholder
bscan_controlled__P2__seed42,bscan_controlled,P2,42,C,validation,specificity_bonafide_recall,0.8311111111111111,,,placeholder
bscan_controlled__P2__seed42,bscan_controlled,P2,42,C,validation,f1_spoof,0.8285077951002229,,,placeholder
bscan_controlled__P2__seed42,bscan_controlled,P2,42,C,validation,f1_macro,0.8288880438915749,0.8088803946842082,0.8510949440052701,placeholder
bscan_controlled__P2__seed42,bscan_controlled,P2,42,C,validation,auc,0.8930518518518519,0.872688888888889,0.9119288888888889,placeholder
bscan_controlled__P2__seed42,bscan_controlled,P2,42,C,validation,eer,0.17333333333333334,0.15111111111111108,0.19561111111111112,placeholder
bscan_controlled__P2__seed42,bscan_controlled,P2,42,C,validation,fpr,0.1688888888888889,,,placeholder
bscan_controlled__P2__seed42,bscan_controlled,P2,42,C,validation,fnr,0.17333333333333334,,,placeholder
bscan_controlled__P2__seed42,bscan_controlled,P2,42,C,validation,tp,372.0,,,placeholder
bscan_controlled__P2__seed42,bscan_controlled,P2,42,C,validation,tn,374.0,,,placeholder
bscan_controlled__P2__seed42,bscan_controlled,P2,42,C,validation,fp,76.0,,,placeholder
bscan_controlled__P2__seed42,bscan_controlled,P2,42,C,validation,fn,78.0,,,placeholder
bscan_controlled__P2__seed42,bscan_controlled,P2,42,C,validation,brier,0.1706348302158855,,,placeholder
bscan_controlled__P2__seed42,bscan_controlled,P2,42,C,validation,ece,0.1558343078617828,,,placeholder
bscan_controlled__P2__seed42,bscan_controlled,P2,42,C,validation,n_clusters,15.0,,,placeholder
bscan_controlled__P2__seed42,bscan_controlled,P2,42,C,internal_test,n,900.0,,,placeholder
bscan_controlled__P2__seed42,bscan_controlled,P2,42,C,internal_test,n_spoof,450.0,,,placeholder
bscan_controlled__P2__seed42,bscan_controlled,P2,42,C,internal_test,n_bonafide,450.0,,,placeholder
bscan_controlled__P2__seed42,bscan_controlled,P2,42,C,internal_test,threshold,0.8322495263286153,,,placeholder
bscan_controlled__P2__seed42,bscan_controlled,P2,42,C,internal_test,accuracy,0.8633333333333333,0.8299166666666666,0.8911111111111111,placeholder
bscan_controlled__P2__seed42,bscan_controlled,P2,42,C,internal_test,balanced_accuracy,0.8633333333333333,,,placeholder
bscan_controlled__P2__seed42,bscan_controlled,P2,42,C,internal_test,precision_spoof,0.8138195777351248,,,placeholder
bscan_controlled__P2__seed42,bscan_controlled,P2,42,C,internal_test,recall_spoof_sensitivity,0.9422222222222222,,,placeholder
bscan_controlled__P2__seed42,bscan_controlled,P2,42,C,internal_test,specificity_bonafide_recall,0.7844444444444445,,,placeholder
bscan_controlled__P2__seed42,bscan_controlled,P2,42,C,internal_test,f1_spoof,0.8733264675592173,,,placeholder
bscan_controlled__P2__seed42,bscan_controlled,P2,42,C,internal_test,f1_macro,0.8624774677964964,0.8286017448467583,0.8906577726248053,placeholder
bscan_controlled__P2__seed42,bscan_controlled,P2,42,C,internal_test,auc,0.9540000000000001,0.9401925925925925,0.9687414814814815,placeholder
bscan_controlled__P2__seed42,bscan_controlled,P2,42,C,internal_test,eer,0.11333333333333329,0.09105555555555558,0.1333333333333333,placeholder
bscan_controlled__P2__seed42,bscan_controlled,P2,42,C,internal_test,fpr,0.21555555555555556,,,placeholder
bscan_controlled__P2__seed42,bscan_controlled,P2,42,C,internal_test,fnr,0.057777777777777775,,,placeholder
bscan_controlled__P2__seed42,bscan_controlled,P2,42,C,internal_test,tp,424.0,,,placeholder
bscan_controlled__P2__seed42,bscan_controlled,P2,42,C,internal_test,tn,353.0,,,placeholder
bscan_controlled__P2__seed42,bscan_controlled,P2,42,C,internal_test,fp,97.0,,,placeholder
bscan_controlled__P2__seed42,bscan_controlled,P2,42,C,internal_test,fn,26.0,,,placeholder
bscan_controlled__P2__seed42,bscan_controlled,P2,42,C,internal_test,brier,0.16325354602693068,,,placeholder
bscan_controlled__P2__seed42,bscan_controlled,P2,42,C,internal_test,ece,0.21427858339751582,,,placeholder
bscan_controlled__P2__seed42,bscan_controlled,P2,42,C,internal_test,n_clusters,15.0,,,placeholder
bscan_controlled__P2__seed42,bscan_controlled,P2,42,C,external_BF-SUST,n,19998.0,,,placeholder
bscan_controlled__P2__seed42,bscan_controlled,P2,42,C,external_BF-SUST,n_spoof,9999.0,,,placeholder
bscan_controlled__P2__seed42,bscan_controlled,P2,42,C,external_BF-SUST,n_bonafide,9999.0,,,placeholder
bscan_controlled__P2__seed42,bscan_controlled,P2,42,C,external_BF-SUST,threshold,0.8322495263286153,,,placeholder
bscan_controlled__P2__seed42,bscan_controlled,P2,42,C,external_BF-SUST,accuracy,0.6698669866986698,0.66324875,0.6759713386405508,placeholder
bscan_controlled__P2__seed42,bscan_controlled,P2,42,C,external_BF-SUST,balanced_accuracy,0.6698669866986698,,,placeholder
bscan_controlled__P2__seed42,bscan_controlled,P2,42,C,external_BF-SUST,precision_spoof,0.7263761162201786,,,placeholder
bscan_controlled__P2__seed42,bscan_controlled,P2,42,C,external_BF-SUST,recall_spoof_sensitivity,0.545054505450545,,,placeholder
bscan_controlled__P2__seed42,bscan_controlled,P2,42,C,external_BF-SUST,specificity_bonafide_recall,0.7946794679467947,,,placeholder
bscan_controlled__P2__seed42,bscan_controlled,P2,42,C,external_BF-SUST,f1_spoof,0.6227859673180207,,,placeholder
bscan_controlled__P2__seed42,bscan_controlled,P2,42,C,external_BF-SUST,f1_macro,0.6646427391493633,0.657876351593058,0.6709784980518787,placeholder
bscan_controlled__P2__seed42,bscan_controlled,P2,42,C,external_BF-SUST,auc,0.7469937712843191,0.7403556536040478,0.7542656464692998,placeholder
bscan_controlled__P2__seed42,bscan_controlled,P2,42,C,external_BF-SUST,eer,0.32083208320832085,0.31378693349082404,0.3276100399880036,placeholder
bscan_controlled__P2__seed42,bscan_controlled,P2,42,C,external_BF-SUST,fpr,0.20532053205320533,,,placeholder
bscan_controlled__P2__seed42,bscan_controlled,P2,42,C,external_BF-SUST,fnr,0.45494549454945493,,,placeholder
bscan_controlled__P2__seed42,bscan_controlled,P2,42,C,external_BF-SUST,tp,5450.0,,,placeholder
bscan_controlled__P2__seed42,bscan_controlled,P2,42,C,external_BF-SUST,tn,7946.0,,,placeholder
bscan_controlled__P2__seed42,bscan_controlled,P2,42,C,external_BF-SUST,fp,2053.0,,,placeholder
bscan_controlled__P2__seed42,bscan_controlled,P2,42,C,external_BF-SUST,fn,4549.0,,,placeholder
bscan_controlled__P2__seed42,bscan_controlled,P2,42,C,external_BF-SUST,brier,0.21341659019757225,,,placeholder
bscan_controlled__P2__seed42,bscan_controlled,P2,42,C,external_BF-SUST,ece,0.09368699490164813,,,placeholder
bscan_controlled__P2__seed42,bscan_controlled,P2,42,C,external_BF-SUST,n_clusters,9962.0,,,placeholder
bscan_controlled__P2__seed42,bscan_controlled,P2,42,C,external_BF-MOZ,n,5594.0,,,placeholder
bscan_controlled__P2__seed42,bscan_controlled,P2,42,C,external_BF-MOZ,n_spoof,2797.0,,,placeholder
bscan_controlled__P2__seed42,bscan_controlled,P2,42,C,external_BF-MOZ,n_bonafide,2797.0,,,placeholder
bscan_controlled__P2__seed42,bscan_controlled,P2,42,C,external_BF-MOZ,threshold,0.8322495263286153,,,placeholder
bscan_controlled__P2__seed42,bscan_controlled,P2,42,C,external_BF-MOZ,accuracy,0.8509116910976046,0.8425008938148015,0.8611056489095459,placeholder
bscan_controlled__P2__seed42,bscan_controlled,P2,42,C,external_BF-MOZ,balanced_accuracy,0.8509116910976046,,,placeholder
bscan_controlled__P2__seed42,bscan_controlled,P2,42,C,external_BF-MOZ,precision_spoof,0.8208564890487088,,,placeholder
bscan_controlled__P2__seed42,bscan_controlled,P2,42,C,external_BF-MOZ,recall_spoof_sensitivity,0.8977475867000357,,,placeholder
bscan_controlled__P2__seed42,bscan_controlled,P2,42,C,external_BF-MOZ,specificity_bonafide_recall,0.8040757954951734,,,placeholder
bscan_controlled__P2__seed42,bscan_controlled,P2,42,C,external_BF-MOZ,f1_spoof,0.8575819672131146,,,placeholder
bscan_controlled__P2__seed42,bscan_controlled,P2,42,C,external_BF-MOZ,f1_macro,0.8505839318436166,0.842087035993787,0.8608472131265154,placeholder
bscan_controlled__P2__seed42,bscan_controlled,P2,42,C,external_BF-MOZ,auc,0.9347500495001476,0.9290388701107181,0.9398473088217381,placeholder
bscan_controlled__P2__seed42,bscan_controlled,P2,42,C,external_BF-MOZ,eer,0.14122273864855206,0.13335716839470857,0.15127815516624957,placeholder
bscan_controlled__P2__seed42,bscan_controlled,P2,42,C,external_BF-MOZ,fpr,0.1959242045048266,,,placeholder
bscan_controlled__P2__seed42,bscan_controlled,P2,42,C,external_BF-MOZ,fnr,0.10225241329996425,,,placeholder
bscan_controlled__P2__seed42,bscan_controlled,P2,42,C,external_BF-MOZ,tp,2511.0,,,placeholder
bscan_controlled__P2__seed42,bscan_controlled,P2,42,C,external_BF-MOZ,tn,2249.0,,,placeholder
bscan_controlled__P2__seed42,bscan_controlled,P2,42,C,external_BF-MOZ,fp,548.0,,,placeholder
bscan_controlled__P2__seed42,bscan_controlled,P2,42,C,external_BF-MOZ,fn,286.0,,,placeholder
bscan_controlled__P2__seed42,bscan_controlled,P2,42,C,external_BF-MOZ,brier,0.16185800652974772,,,placeholder
bscan_controlled__P2__seed42,bscan_controlled,P2,42,C,external_BF-MOZ,ece,0.1897531959727302,,,placeholder
bscan_controlled__P2__seed42,bscan_controlled,P2,42,C,external_BF-MOZ,n_clusters,2797.0,,,placeholder
bscan_controlled__P2__seed42,bscan_controlled,P2,42,C,external_BF-NEWS,n,1000.0,,,placeholder
bscan_controlled__P2__seed42,bscan_controlled,P2,42,C,external_BF-NEWS,n_spoof,0.0,,,placeholder
bscan_controlled__P2__seed42,bscan_controlled,P2,42,C,external_BF-NEWS,n_bonafide,1000.0,,,placeholder
bscan_controlled__P2__seed42,bscan_controlled,P2,42,C,external_BF-NEWS,threshold,0.8322495263286153,,,placeholder
bscan_controlled__P2__seed42,bscan_controlled,P2,42,C,external_BF-NEWS,accuracy,0.814,,,placeholder
bscan_controlled__P2__seed42,bscan_controlled,P2,42,C,external_BF-NEWS,balanced_accuracy,,,,placeholder
bscan_controlled__P2__seed42,bscan_controlled,P2,42,C,external_BF-NEWS,precision_spoof,0.0,,,placeholder
bscan_controlled__P2__seed42,bscan_controlled,P2,42,C,external_BF-NEWS,recall_spoof_sensitivity,,,,placeholder
bscan_controlled__P2__seed42,bscan_controlled,P2,42,C,external_BF-NEWS,specificity_bonafide_recall,0.814,,,placeholder
bscan_controlled__P2__seed42,bscan_controlled,P2,42,C,external_BF-NEWS,f1_spoof,,,,placeholder
bscan_controlled__P2__seed42,bscan_controlled,P2,42,C,external_BF-NEWS,f1_macro,,,,placeholder
bscan_controlled__P2__seed42,bscan_controlled,P2,42,C,external_BF-NEWS,auc,,,,placeholder
bscan_controlled__P2__seed42,bscan_controlled,P2,42,C,external_BF-NEWS,eer,,,,placeholder
bscan_controlled__P2__seed42,bscan_controlled,P2,42,C,external_BF-NEWS,fpr,0.186,,,placeholder
bscan_controlled__P2__seed42,bscan_controlled,P2,42,C,external_BF-NEWS,fnr,,,,placeholder
bscan_controlled__P2__seed42,bscan_controlled,P2,42,C,external_BF-NEWS,tp,0.0,,,placeholder
bscan_controlled__P2__seed42,bscan_controlled,P2,42,C,external_BF-NEWS,tn,814.0,,,placeholder
bscan_controlled__P2__seed42,bscan_controlled,P2,42,C,external_BF-NEWS,fp,186.0,,,placeholder
bscan_controlled__P2__seed42,bscan_controlled,P2,42,C,external_BF-NEWS,fn,0.0,,,placeholder
bscan_controlled__P2__seed42,bscan_controlled,P2,42,C,external_BF-NEWS,frac_pred_spoof,0.186,0.16215810810810813,0.2074346641230409,placeholder
bscan_controlled__P2__seed42,bscan_controlled,P2,42,C,external_BF-NEWS,n_clusters,997.0,,,placeholder
mel_only__P2__seed42,mel_only,P2,42,C,validation,n,900.0,,,placeholder
mel_only__P2__seed42,mel_only,P2,42,C,validation,n_spoof,450.0,,,placeholder
mel_only__P2__seed42,mel_only,P2,42,C,validation,n_bonafide,450.0,,,placeholder
mel_only__P2__seed42,mel_only,P2,42,C,validation,threshold,0.3723442303101762,,,placeholder
mel_only__P2__seed42,mel_only,P2,42,C,validation,accuracy,0.61,0.5799722222222222,0.6411388888888888,placeholder
mel_only__P2__seed42,mel_only,P2,42,C,validation,balanced_accuracy,0.6100000000000001,,,placeholder
mel_only__P2__seed42,mel_only,P2,42,C,validation,precision_spoof,0.6102449888641426,,,placeholder
mel_only__P2__seed42,mel_only,P2,42,C,validation,recall_spoof_sensitivity,0.6088888888888889,,,placeholder
mel_only__P2__seed42,mel_only,P2,42,C,validation,specificity_bonafide_recall,0.6111111111111112,,,placeholder
mel_only__P2__seed42,mel_only,P2,42,C,validation,f1_spoof,0.6095661846496108,,,placeholder
mel_only__P2__seed42,mel_only,P2,42,C,validation,f1_macro,0.6099995185179241,0.5799533845091993,0.6411259237998818,placeholder
mel_only__P2__seed42,mel_only,P2,42,C,validation,auc,0.6721432098765432,0.6326985185185184,0.7208704938271605,placeholder
mel_only__P2__seed42,mel_only,P2,42,C,validation,eer,0.3911111111111111,0.3510555555555556,0.4222777777777778,placeholder
mel_only__P2__seed42,mel_only,P2,42,C,validation,fpr,0.3888888888888889,,,placeholder
mel_only__P2__seed42,mel_only,P2,42,C,validation,fnr,0.39111111111111113,,,placeholder
mel_only__P2__seed42,mel_only,P2,42,C,validation,tp,274.0,,,placeholder
mel_only__P2__seed42,mel_only,P2,42,C,validation,tn,275.0,,,placeholder
mel_only__P2__seed42,mel_only,P2,42,C,validation,fp,175.0,,,placeholder
mel_only__P2__seed42,mel_only,P2,42,C,validation,fn,176.0,,,placeholder
mel_only__P2__seed42,mel_only,P2,42,C,validation,brier,0.23674769551435096,,,placeholder
mel_only__P2__seed42,mel_only,P2,42,C,validation,ece,0.09083838582607402,,,placeholder
mel_only__P2__seed42,mel_only,P2,42,C,validation,n_clusters,15.0,,,placeholder
mel_only__P2__seed42,mel_only,P2,42,C,internal_test,n,900.0,,,placeholder
mel_only__P2__seed42,mel_only,P2,42,C,internal_test,n_spoof,450.0,,,placeholder
mel_only__P2__seed42,mel_only,P2,42,C,internal_test,n_bonafide,450.0,,,placeholder
mel_only__P2__seed42,mel_only,P2,42,C,internal_test,threshold,0.3723442303101762,,,placeholder
mel_only__P2__seed42,mel_only,P2,42,C,internal_test,accuracy,0.58,0.5633055555555556,0.5988888888888889,placeholder
mel_only__P2__seed42,mel_only,P2,42,C,internal_test,balanced_accuracy,0.58,,,placeholder
mel_only__P2__seed42,mel_only,P2,42,C,internal_test,precision_spoof,0.5923076923076923,,,placeholder
mel_only__P2__seed42,mel_only,P2,42,C,internal_test,recall_spoof_sensitivity,0.5133333333333333,,,placeholder
mel_only__P2__seed42,mel_only,P2,42,C,internal_test,specificity_bonafide_recall,0.6466666666666666,,,placeholder
mel_only__P2__seed42,mel_only,P2,42,C,internal_test,f1_spoof,0.5499999999999999,,,placeholder
mel_only__P2__seed42,mel_only,P2,42,C,internal_test,f1_macro,0.5781249999999999,0.560231735192376,0.5955875440605364,placeholder
mel_only__P2__seed42,mel_only,P2,42,C,internal_test,auc,0.607353086419753,0.5849195061728395,0.6307840740740741,placeholder
mel_only__P2__seed42,mel_only,P2,42,C,internal_test,eer,0.40888888888888886,0.3888333333333333,0.4288888888888889,placeholder
mel_only__P2__seed42,mel_only,P2,42,C,internal_test,fpr,0.35333333333333333,,,placeholder
mel_only__P2__seed42,mel_only,P2,42,C,internal_test,fnr,0.4866666666666667,,,placeholder
mel_only__P2__seed42,mel_only,P2,42,C,internal_test,tp,231.0,,,placeholder
mel_only__P2__seed42,mel_only,P2,42,C,internal_test,tn,291.0,,,placeholder
mel_only__P2__seed42,mel_only,P2,42,C,internal_test,fp,159.0,,,placeholder
mel_only__P2__seed42,mel_only,P2,42,C,internal_test,fn,219.0,,,placeholder
mel_only__P2__seed42,mel_only,P2,42,C,internal_test,brier,0.25762426595627913,,,placeholder
mel_only__P2__seed42,mel_only,P2,42,C,internal_test,ece,0.11048323659505999,,,placeholder
mel_only__P2__seed42,mel_only,P2,42,C,internal_test,n_clusters,15.0,,,placeholder
mel_only__P2__seed42,mel_only,P2,42,C,external_BF-SUST,n,19998.0,,,placeholder
mel_only__P2__seed42,mel_only,P2,42,C,external_BF-SUST,n_spoof,9999.0,,,placeholder
mel_only__P2__seed42,mel_only,P2,42,C,external_BF-SUST,n_bonafide,9999.0,,,placeholder
mel_only__P2__seed42,mel_only,P2,42,C,external_BF-SUST,threshold,0.3723442303101762,,,placeholder
mel_only__P2__seed42,mel_only,P2,42,C,external_BF-SUST,accuracy,0.7732273227322732,0.7677378169834236,0.777885581583566,placeholder
mel_only__P2__seed42,mel_only,P2,42,C,external_BF-SUST,balanced_accuracy,0.7732273227322732,,,placeholder
mel_only__P2__seed42,mel_only,P2,42,C,external_BF-SUST,precision_spoof,0.7171010807374444,,,placeholder
mel_only__P2__seed42,mel_only,P2,42,C,external_BF-SUST,recall_spoof_sensitivity,0.9024902490249025,,,placeholder
mel_only__P2__seed42,mel_only,P2,42,C,external_BF-SUST,specificity_bonafide_recall,0.643964396439644,,,placeholder
mel_only__P2__seed42,mel_only,P2,42,C,external_BF-SUST,f1_spoof,0.799185227826241,,,placeholder
mel_only__P2__seed42,mel_only,P2,42,C,external_BF-SUST,f1_macro,0.769373811868671,0.7636964935571439,0.7740912885374085,placeholder
mel_only__P2__seed42,mel_only,P2,42,C,external_BF-SUST,auc,0.8820328477492213,0.8770599468779109,0.8862288398493088,placeholder
mel_only__P2__seed42,mel_only,P2,42,C,external_BF-SUST,eer,0.2016201620162016,0.19596637529448996,0.2066620819412357,placeholder
mel_only__P2__seed42,mel_only,P2,42,C,external_BF-SUST,fpr,0.356035603560356,,,placeholder
mel_only__P2__seed42,mel_only,P2,42,C,external_BF-SUST,fnr,0.09750975097509751,,,placeholder
mel_only__P2__seed42,mel_only,P2,42,C,external_BF-SUST,tp,9024.0,,,placeholder
mel_only__P2__seed42,mel_only,P2,42,C,external_BF-SUST,tn,6439.0,,,placeholder
mel_only__P2__seed42,mel_only,P2,42,C,external_BF-SUST,fp,3560.0,,,placeholder
mel_only__P2__seed42,mel_only,P2,42,C,external_BF-SUST,fn,975.0,,,placeholder
mel_only__P2__seed42,mel_only,P2,42,C,external_BF-SUST,brier,0.17654925630014295,,,placeholder
mel_only__P2__seed42,mel_only,P2,42,C,external_BF-SUST,ece,0.15862235707063743,,,placeholder
mel_only__P2__seed42,mel_only,P2,42,C,external_BF-SUST,n_clusters,9962.0,,,placeholder
mel_only__P2__seed42,mel_only,P2,42,C,external_BF-MOZ,n,5594.0,,,placeholder
mel_only__P2__seed42,mel_only,P2,42,C,external_BF-MOZ,n_spoof,2797.0,,,placeholder
mel_only__P2__seed42,mel_only,P2,42,C,external_BF-MOZ,n_bonafide,2797.0,,,placeholder
mel_only__P2__seed42,mel_only,P2,42,C,external_BF-MOZ,threshold,0.3723442303101762,,,placeholder
mel_only__P2__seed42,mel_only,P2,42,C,external_BF-MOZ,accuracy,0.6481944941008223,0.6349436896675009,0.6600017876296032,placeholder
mel_only__P2__seed42,mel_only,P2,42,C,external_BF-MOZ,balanced_accuracy,0.6481944941008223,,,placeholder
mel_only__P2__seed42,mel_only,P2,42,C,external_BF-MOZ,precision_spoof,0.6534616808589412,,,placeholder
mel_only__P2__seed42,mel_only,P2,42,C,external_BF-MOZ,recall_spoof_sensitivity,0.6310332499106185,,,placeholder
mel_only__P2__seed42,mel_only,P2,42,C,external_BF-MOZ,specificity_bonafide_recall,0.6653557382910261,,,placeholder
mel_only__P2__seed42,mel_only,P2,42,C,external_BF-MOZ,f1_spoof,0.6420516551473263,,,placeholder
mel_only__P2__seed42,mel_only,P2,42,C,external_BF-MOZ,f1_macro,0.6480908539357018,0.6348259150014781,0.6599019288265885,placeholder
mel_only__P2__seed42,mel_only,P2,42,C,external_BF-MOZ,auc,0.7018534210194307,0.6885247377386952,0.7149385948911758,placeholder
mel_only__P2__seed42,mel_only,P2,42,C,external_BF-MOZ,eer,0.3550232391848409,0.34215230604218805,0.36790311047550944,placeholder
mel_only__P2__seed42,mel_only,P2,42,C,external_BF-MOZ,fpr,0.3346442617089739,,,placeholder
mel_only__P2__seed42,mel_only,P2,42,C,external_BF-MOZ,fnr,0.36896675008938146,,,placeholder
mel_only__P2__seed42,mel_only,P2,42,C,external_BF-MOZ,tp,1765.0,,,placeholder
mel_only__P2__seed42,mel_only,P2,42,C,external_BF-MOZ,tn,1861.0,,,placeholder
mel_only__P2__seed42,mel_only,P2,42,C,external_BF-MOZ,fp,936.0,,,placeholder
mel_only__P2__seed42,mel_only,P2,42,C,external_BF-MOZ,fn,1032.0,,,placeholder
mel_only__P2__seed42,mel_only,P2,42,C,external_BF-MOZ,brier,0.22492934846833068,,,placeholder
mel_only__P2__seed42,mel_only,P2,42,C,external_BF-MOZ,ece,0.06832606356756939,,,placeholder
mel_only__P2__seed42,mel_only,P2,42,C,external_BF-MOZ,n_clusters,2797.0,,,placeholder
mel_only__P2__seed42,mel_only,P2,42,C,external_BF-NEWS,n,1000.0,,,placeholder
mel_only__P2__seed42,mel_only,P2,42,C,external_BF-NEWS,n_spoof,0.0,,,placeholder
mel_only__P2__seed42,mel_only,P2,42,C,external_BF-NEWS,n_bonafide,1000.0,,,placeholder
mel_only__P2__seed42,mel_only,P2,42,C,external_BF-NEWS,threshold,0.3723442303101762,,,placeholder
mel_only__P2__seed42,mel_only,P2,42,C,external_BF-NEWS,accuracy,0.65,,,placeholder
mel_only__P2__seed42,mel_only,P2,42,C,external_BF-NEWS,balanced_accuracy,,,,placeholder
mel_only__P2__seed42,mel_only,P2,42,C,external_BF-NEWS,precision_spoof,0.0,,,placeholder
mel_only__P2__seed42,mel_only,P2,42,C,external_BF-NEWS,recall_spoof_sensitivity,,,,placeholder
mel_only__P2__seed42,mel_only,P2,42,C,external_BF-NEWS,specificity_bonafide_recall,0.65,,,placeholder
mel_only__P2__seed42,mel_only,P2,42,C,external_BF-NEWS,f1_spoof,,,,placeholder
mel_only__P2__seed42,mel_only,P2,42,C,external_BF-NEWS,f1_macro,,,,placeholder
mel_only__P2__seed42,mel_only,P2,42,C,external_BF-NEWS,auc,,,,placeholder
mel_only__P2__seed42,mel_only,P2,42,C,external_BF-NEWS,eer,,,,placeholder
mel_only__P2__seed42,mel_only,P2,42,C,external_BF-NEWS,fpr,0.35,,,placeholder
mel_only__P2__seed42,mel_only,P2,42,C,external_BF-NEWS,fnr,,,,placeholder
mel_only__P2__seed42,mel_only,P2,42,C,external_BF-NEWS,tp,0.0,,,placeholder
mel_only__P2__seed42,mel_only,P2,42,C,external_BF-NEWS,tn,650.0,,,placeholder
mel_only__P2__seed42,mel_only,P2,42,C,external_BF-NEWS,fp,350.0,,,placeholder
mel_only__P2__seed42,mel_only,P2,42,C,external_BF-NEWS,fn,0.0,,,placeholder
mel_only__P2__seed42,mel_only,P2,42,C,external_BF-NEWS,frac_pred_spoof,0.35,0.3166161309580043,0.37642642642642643,placeholder
mel_only__P2__seed42,mel_only,P2,42,C,external_BF-NEWS,n_clusters,997.0,,,placeholder
lfcc_only__P2__seed42,lfcc_only,P2,42,C,validation,n,900.0,,,placeholder
lfcc_only__P2__seed42,lfcc_only,P2,42,C,validation,n_spoof,450.0,,,placeholder
lfcc_only__P2__seed42,lfcc_only,P2,42,C,validation,n_bonafide,450.0,,,placeholder
lfcc_only__P2__seed42,lfcc_only,P2,42,C,validation,threshold,0.9332162003059438,,,placeholder
lfcc_only__P2__seed42,lfcc_only,P2,42,C,validation,accuracy,0.8344444444444444,0.8144444444444444,0.8544722222222222,placeholder
lfcc_only__P2__seed42,lfcc_only,P2,42,C,validation,balanced_accuracy,0.8344444444444445,,,placeholder
lfcc_only__P2__seed42,lfcc_only,P2,42,C,validation,precision_spoof,0.8351893095768375,,,placeholder
lfcc_only__P2__seed42,lfcc_only,P2,42,C,validation,recall_spoof_sensitivity,0.8333333333333334,,,placeholder
lfcc_only__P2__seed42,lfcc_only,P2,42,C,validation,specificity_bonafide_recall,0.8355555555555556,,,placeholder
lfcc_only__P2__seed42,lfcc_only,P2,42,C,validation,f1_spoof,0.8342602892102337,,,placeholder
lfcc_only__P2__seed42,lfcc_only,P2,42,C,validation,f1_macro,0.8344442400546175,0.8144435280169044,0.8544704848518891,placeholder
lfcc_only__P2__seed42,lfcc_only,P2,42,C,validation,auc,0.9145185185185186,0.8957933333333333,0.9325834567901234,placeholder
lfcc_only__P2__seed42,lfcc_only,P2,42,C,validation,eer,0.16444444444444445,0.1466111111111111,0.18888888888888888,placeholder
lfcc_only__P2__seed42,lfcc_only,P2,42,C,validation,fpr,0.16444444444444445,,,placeholder
lfcc_only__P2__seed42,lfcc_only,P2,42,C,validation,fnr,0.16666666666666666,,,placeholder
lfcc_only__P2__seed42,lfcc_only,P2,42,C,validation,tp,375.0,,,placeholder
lfcc_only__P2__seed42,lfcc_only,P2,42,C,validation,tn,376.0,,,placeholder
lfcc_only__P2__seed42,lfcc_only,P2,42,C,validation,fp,74.0,,,placeholder
lfcc_only__P2__seed42,lfcc_only,P2,42,C,validation,fn,75.0,,,placeholder
lfcc_only__P2__seed42,lfcc_only,P2,42,C,validation,brier,0.16466558067126302,,,placeholder
lfcc_only__P2__seed42,lfcc_only,P2,42,C,validation,ece,0.17605851516177295,,,placeholder
lfcc_only__P2__seed42,lfcc_only,P2,42,C,validation,n_clusters,15.0,,,placeholder
lfcc_only__P2__seed42,lfcc_only,P2,42,C,internal_test,n,900.0,,,placeholder
lfcc_only__P2__seed42,lfcc_only,P2,42,C,internal_test,n_spoof,450.0,,,placeholder
lfcc_only__P2__seed42,lfcc_only,P2,42,C,internal_test,n_bonafide,450.0,,,placeholder
lfcc_only__P2__seed42,lfcc_only,P2,42,C,internal_test,threshold,0.9332162003059438,,,placeholder
lfcc_only__P2__seed42,lfcc_only,P2,42,C,internal_test,accuracy,0.6422222222222222,0.6199166666666667,0.6689444444444445,placeholder
lfcc_only__P2__seed42,lfcc_only,P2,42,C,internal_test,balanced_accuracy,0.6422222222222222,,,placeholder
lfcc_only__P2__seed42,lfcc_only,P2,42,C,internal_test,precision_spoof,0.7442748091603053,,,placeholder
lfcc_only__P2__seed42,lfcc_only,P2,42,C,internal_test,recall_spoof_sensitivity,0.43333333333333335,,,placeholder
lfcc_only__P2__seed42,lfcc_only,P2,42,C,internal_test,specificity_bonafide_recall,0.8511111111111112,,,placeholder
lfcc_only__P2__seed42,lfcc_only,P2,42,C,internal_test,f1_spoof,0.5477528089887641,,,placeholder
lfcc_only__P2__seed42,lfcc_only,P2,42,C,internal_test,f1_macro,0.6258984633179114,0.5972002437072556,0.6586831093179621,placeholder
lfcc_only__P2__seed42,lfcc_only,P2,42,C,internal_test,auc,0.7062814814814815,0.6809504938271604,0.7291608641975309,placeholder
lfcc_only__P2__seed42,lfcc_only,P2,42,C,internal_test,eer,0.35777777777777775,0.33555555555555555,0.3822777777777778,placeholder
lfcc_only__P2__seed42,lfcc_only,P2,42,C,internal_test,fpr,0.14888888888888888,,,placeholder
lfcc_only__P2__seed42,lfcc_only,P2,42,C,internal_test,fnr,0.5666666666666667,,,placeholder
lfcc_only__P2__seed42,lfcc_only,P2,42,C,internal_test,tp,195.0,,,placeholder
lfcc_only__P2__seed42,lfcc_only,P2,42,C,internal_test,tn,383.0,,,placeholder
lfcc_only__P2__seed42,lfcc_only,P2,42,C,internal_test,fp,67.0,,,placeholder
lfcc_only__P2__seed42,lfcc_only,P2,42,C,internal_test,fn,255.0,,,placeholder
lfcc_only__P2__seed42,lfcc_only,P2,42,C,internal_test,brier,0.22326479903737184,,,placeholder
lfcc_only__P2__seed42,lfcc_only,P2,42,C,internal_test,ece,0.07438520143899041,,,placeholder
lfcc_only__P2__seed42,lfcc_only,P2,42,C,internal_test,n_clusters,15.0,,,placeholder
lfcc_only__P2__seed42,lfcc_only,P2,42,C,external_BF-SUST,n,19998.0,,,placeholder
lfcc_only__P2__seed42,lfcc_only,P2,42,C,external_BF-SUST,n_spoof,9999.0,,,placeholder
lfcc_only__P2__seed42,lfcc_only,P2,42,C,external_BF-SUST,n_bonafide,9999.0,,,placeholder
lfcc_only__P2__seed42,lfcc_only,P2,42,C,external_BF-SUST,threshold,0.9332162003059438,,,placeholder
lfcc_only__P2__seed42,lfcc_only,P2,42,C,external_BF-SUST,accuracy,0.8483848384838484,0.8431990683726509,0.8531130892309318,placeholder
lfcc_only__P2__seed42,lfcc_only,P2,42,C,external_BF-SUST,balanced_accuracy,0.8483848384838484,,,placeholder
lfcc_only__P2__seed42,lfcc_only,P2,42,C,external_BF-SUST,precision_spoof,0.8301582788361292,,,placeholder
lfcc_only__P2__seed42,lfcc_only,P2,42,C,external_BF-SUST,recall_spoof_sensitivity,0.875987598759876,,,placeholder
lfcc_only__P2__seed42,lfcc_only,P2,42,C,external_BF-SUST,specificity_bonafide_recall,0.8207820782078208,,,placeholder
lfcc_only__P2__seed42,lfcc_only,P2,42,C,external_BF-SUST,f1_spoof,0.8524574209245742,,,placeholder
lfcc_only__P2__seed42,lfcc_only,P2,42,C,external_BF-SUST,f1_macro,0.848269232934775,0.843047501854721,0.8529931884490621,placeholder
lfcc_only__P2__seed42,lfcc_only,P2,42,C,external_BF-SUST,auc,0.9275242755798734,0.9239067587884814,0.9310254666845497,placeholder
lfcc_only__P2__seed42,lfcc_only,P2,42,C,external_BF-SUST,eer,0.14971497149714974,0.14451089481134208,0.15446017555266578,placeholder
lfcc_only__P2__seed42,lfcc_only,P2,42,C,external_BF-SUST,fpr,0.1792179217921792,,,placeholder
lfcc_only__P2__seed42,lfcc_only,P2,42,C,external_BF-SUST,fnr,0.12401240124012401,,,placeholder
lfcc_only__P2__seed42,lfcc_only,P2,42,C,external_BF-SUST,tp,8759.0,,,placeholder
lfcc_only__P2__seed42,lfcc_only,P2,42,C,external_BF-SUST,tn,8207.0,,,placeholder
lfcc_only__P2__seed42,lfcc_only,P2,42,C,external_BF-SUST,fp,1792.0,,,placeholder
lfcc_only__P2__seed42,lfcc_only,P2,42,C,external_BF-SUST,fn,1240.0,,,placeholder
lfcc_only__P2__seed42,lfcc_only,P2,42,C,external_BF-SUST,brier,0.16592577921816312,,,placeholder
lfcc_only__P2__seed42,lfcc_only,P2,42,C,external_BF-SUST,ece,0.18921240969729056,,,placeholder
lfcc_only__P2__seed42,lfcc_only,P2,42,C,external_BF-SUST,n_clusters,9962.0,,,placeholder
lfcc_only__P2__seed42,lfcc_only,P2,42,C,external_BF-MOZ,n,5594.0,,,placeholder
lfcc_only__P2__seed42,lfcc_only,P2,42,C,external_BF-MOZ,n_spoof,2797.0,,,placeholder
lfcc_only__P2__seed42,lfcc_only,P2,42,C,external_BF-MOZ,n_bonafide,2797.0,,,placeholder
lfcc_only__P2__seed42,lfcc_only,P2,42,C,external_BF-MOZ,threshold,0.9332162003059438,,,placeholder
lfcc_only__P2__seed42,lfcc_only,P2,42,C,external_BF-MOZ,accuracy,0.7273864855202002,0.7180863425098319,0.7386574901680372,placeholder
lfcc_only__P2__seed42,lfcc_only,P2,42,C,external_BF-MOZ,balanced_accuracy,0.7273864855202001,,,placeholder
lfcc_only__P2__seed42,lfcc_only,P2,42,C,external_BF-MOZ,precision_spoof,0.7741379310344828,,,placeholder
lfcc_only__P2__seed42,lfcc_only,P2,42,C,external_BF-MOZ,recall_spoof_sensitivity,0.6421165534501251,,,placeholder
lfcc_only__P2__seed42,lfcc_only,P2,42,C,external_BF-MOZ,specificity_bonafide_recall,0.8126564175902753,,,placeholder
lfcc_only__P2__seed42,lfcc_only,P2,42,C,external_BF-MOZ,f1_spoof,0.7019738127809263,,,placeholder
lfcc_only__P2__seed42,lfcc_only,P2,42,C,external_BF-MOZ,f1_macro,0.7253898054186299,0.7160174188240224,0.736839350154564,placeholder
lfcc_only__P2__seed42,lfcc_only,P2,42,C,external_BF-MOZ,auc,0.8144313925398132,0.8044091082061083,0.8245290423661186,placeholder
lfcc_only__P2__seed42,lfcc_only,P2,42,C,external_BF-MOZ,eer,0.2659992849481587,0.25420092956739365,0.27601001072577763,placeholder
lfcc_only__P2__seed42,lfcc_only,P2,42,C,external_BF-MOZ,fpr,0.1873435824097247,,,placeholder
lfcc_only__P2__seed42,lfcc_only,P2,42,C,external_BF-MOZ,fnr,0.35788344654987486,,,placeholder
lfcc_only__P2__seed42,lfcc_only,P2,42,C,external_BF-MOZ,tp,1796.0,,,placeholder
lfcc_only__P2__seed42,lfcc_only,P2,42,C,external_BF-MOZ,tn,2273.0,,,placeholder
lfcc_only__P2__seed42,lfcc_only,P2,42,C,external_BF-MOZ,fp,524.0,,,placeholder
lfcc_only__P2__seed42,lfcc_only,P2,42,C,external_BF-MOZ,fn,1001.0,,,placeholder
lfcc_only__P2__seed42,lfcc_only,P2,42,C,external_BF-MOZ,brier,0.19491944437181555,,,placeholder
lfcc_only__P2__seed42,lfcc_only,P2,42,C,external_BF-MOZ,ece,0.12406350853457072,,,placeholder
lfcc_only__P2__seed42,lfcc_only,P2,42,C,external_BF-MOZ,n_clusters,2797.0,,,placeholder
lfcc_only__P2__seed42,lfcc_only,P2,42,C,external_BF-NEWS,n,1000.0,,,placeholder
lfcc_only__P2__seed42,lfcc_only,P2,42,C,external_BF-NEWS,n_spoof,0.0,,,placeholder
lfcc_only__P2__seed42,lfcc_only,P2,42,C,external_BF-NEWS,n_bonafide,1000.0,,,placeholder
lfcc_only__P2__seed42,lfcc_only,P2,42,C,external_BF-NEWS,threshold,0.9332162003059438,,,placeholder
lfcc_only__P2__seed42,lfcc_only,P2,42,C,external_BF-NEWS,accuracy,0.814,,,placeholder
lfcc_only__P2__seed42,lfcc_only,P2,42,C,external_BF-NEWS,balanced_accuracy,,,,placeholder
lfcc_only__P2__seed42,lfcc_only,P2,42,C,external_BF-NEWS,precision_spoof,0.0,,,placeholder
lfcc_only__P2__seed42,lfcc_only,P2,42,C,external_BF-NEWS,recall_spoof_sensitivity,,,,placeholder
lfcc_only__P2__seed42,lfcc_only,P2,42,C,external_BF-NEWS,specificity_bonafide_recall,0.814,,,placeholder
lfcc_only__P2__seed42,lfcc_only,P2,42,C,external_BF-NEWS,f1_spoof,,,,placeholder
lfcc_only__P2__seed42,lfcc_only,P2,42,C,external_BF-NEWS,f1_macro,,,,placeholder
lfcc_only__P2__seed42,lfcc_only,P2,42,C,external_BF-NEWS,auc,,,,placeholder
lfcc_only__P2__seed42,lfcc_only,P2,42,C,external_BF-NEWS,eer,,,,placeholder
lfcc_only__P2__seed42,lfcc_only,P2,42,C,external_BF-NEWS,fpr,0.186,,,placeholder
lfcc_only__P2__seed42,lfcc_only,P2,42,C,external_BF-NEWS,fnr,,,,placeholder
lfcc_only__P2__seed42,lfcc_only,P2,42,C,external_BF-NEWS,tp,0.0,,,placeholder
lfcc_only__P2__seed42,lfcc_only,P2,42,C,external_BF-NEWS,tn,814.0,,,placeholder
lfcc_only__P2__seed42,lfcc_only,P2,42,C,external_BF-NEWS,fp,186.0,,,placeholder
lfcc_only__P2__seed42,lfcc_only,P2,42,C,external_BF-NEWS,fn,0.0,,,placeholder
lfcc_only__P2__seed42,lfcc_only,P2,42,C,external_BF-NEWS,frac_pred_spoof,0.186,0.16014817212422003,0.20944783779135115,placeholder
lfcc_only__P2__seed42,lfcc_only,P2,42,C,external_BF-NEWS,n_clusters,997.0,,,placeholder
lcnn_lfcc__P2__seed42,lcnn_lfcc,P2,42,C,validation,n,900.0,,,placeholder
lcnn_lfcc__P2__seed42,lcnn_lfcc,P2,42,C,validation,n_spoof,450.0,,,placeholder
lcnn_lfcc__P2__seed42,lcnn_lfcc,P2,42,C,validation,n_bonafide,450.0,,,placeholder
lcnn_lfcc__P2__seed42,lcnn_lfcc,P2,42,C,validation,threshold,1.0397567837569446,,,placeholder
lcnn_lfcc__P2__seed42,lcnn_lfcc,P2,42,C,validation,accuracy,0.8622222222222222,0.8488888888888889,0.8766944444444444,placeholder
lcnn_lfcc__P2__seed42,lcnn_lfcc,P2,42,C,validation,balanced_accuracy,0.8622222222222222,,,placeholder
lcnn_lfcc__P2__seed42,lcnn_lfcc,P2,42,C,validation,precision_spoof,0.8622222222222222,,,placeholder
lcnn_lfcc__P2__seed42,lcnn_lfcc,P2,42,C,validation,recall_spoof_sensitivity,0.8622222222222222,,,placeholder
lcnn_lfcc__P2__seed42,lcnn_lfcc,P2,42,C,validation,specificity_bonafide_recall,0.8622222222222222,,,placeholder
lcnn_lfcc__P2__seed42,lcnn_lfcc,P2,42,C,validation,f1_spoof,0.8622222222222222,,,placeholder
lcnn_lfcc__P2__seed42,lcnn_lfcc,P2,42,C,validation,f1_macro,0.8622222222222222,0.8488856800286647,0.8766899933621868,placeholder
lcnn_lfcc__P2__seed42,lcnn_lfcc,P2,42,C,validation,auc,0.931758024691358,0.9226433333333334,0.9417544444444446,placeholder
lcnn_lfcc__P2__seed42,lcnn_lfcc,P2,42,C,validation,eer,0.13777777777777778,0.12216666666666666,0.15333333333333332,placeholder
lcnn_lfcc__P2__seed42,lcnn_lfcc,P2,42,C,validation,fpr,0.13777777777777778,,,placeholder
lcnn_lfcc__P2__seed42,lcnn_lfcc,P2,42,C,validation,fnr,0.13777777777777778,,,placeholder
lcnn_lfcc__P2__seed42,lcnn_lfcc,P2,42,C,validation,tp,388.0,,,placeholder
lcnn_lfcc__P2__seed42,lcnn_lfcc,P2,42,C,validation,tn,388.0,,,placeholder
lcnn_lfcc__P2__seed42,lcnn_lfcc,P2,42,C,validation,fp,62.0,,,placeholder
lcnn_lfcc__P2__seed42,lcnn_lfcc,P2,42,C,validation,fn,62.0,,,placeholder
lcnn_lfcc__P2__seed42,lcnn_lfcc,P2,42,C,validation,brier,0.16605398510114008,,,placeholder
lcnn_lfcc__P2__seed42,lcnn_lfcc,P2,42,C,validation,ece,0.198597523052263,,,placeholder
lcnn_lfcc__P2__seed42,lcnn_lfcc,P2,42,C,validation,n_clusters,15.0,,,placeholder
lcnn_lfcc__P2__seed42,lcnn_lfcc,P2,42,C,internal_test,n,900.0,,,placeholder
lcnn_lfcc__P2__seed42,lcnn_lfcc,P2,42,C,internal_test,n_spoof,450.0,,,placeholder
lcnn_lfcc__P2__seed42,lcnn_lfcc,P2,42,C,internal_test,n_bonafide,450.0,,,placeholder
lcnn_lfcc__P2__seed42,lcnn_lfcc,P2,42,C,internal_test,threshold,1.0397567837569446,,,placeholder
lcnn_lfcc__P2__seed42,lcnn_lfcc,P2,42,C,internal_test,accuracy,0.83,0.8043888888888888,0.8556111111111111,placeholder
lcnn_lfcc__P2__seed42,lcnn_lfcc,P2,42,C,internal_test,balanced_accuracy,0.8300000000000001,,,placeholder
lcnn_lfcc__P2__seed42,lcnn_lfcc,P2,42,C,internal_test,precision_spoof,0.8337078651685393,,,placeholder
lcnn_lfcc__P2__seed42,lcnn_lfcc,P2,42,C,internal_test,recall_spoof_sensitivity,0.8244444444444444,,,placeholder
lcnn_lfcc__P2__seed42,lcnn_lfcc,P2,42,C,internal_test,specificity_bonafide_recall,0.8355555555555556,,,placeholder
lcnn_lfcc__P2__seed42,lcnn_lfcc,P2,42,C,internal_test,f1_spoof,0.829050279329609,,,placeholder
lcnn_lfcc__P2__seed42,lcnn_lfcc,P2,42,C,internal_test,f1_macro,0.8299947529244729,0.8043879229033228,0.8555752679763255,placeholder
lcnn_lfcc__P2__seed42,lcnn_lfcc,P2,42,C,internal_test,auc,0.9075555555555557,0.8889655555555556,0.9294698765432099,placeholder
lcnn_lfcc__P2__seed42,lcnn_lfcc,P2,42,C,internal_test,eer,0.1688888888888889,0.14,0.19999999999999996,placeholder
lcnn_lfcc__P2__seed42,lcnn_lfcc,P2,42,C,internal_test,fpr,0.16444444444444445,,,placeholder
lcnn_lfcc__P2__seed42,lcnn_lfcc,P2,42,C,internal_test,fnr,0.17555555555555555,,,placeholder
lcnn_lfcc__P2__seed42,lcnn_lfcc,P2,42,C,internal_test,tp,371.0,,,placeholder
lcnn_lfcc__P2__seed42,lcnn_lfcc,P2,42,C,internal_test,tn,376.0,,,placeholder
lcnn_lfcc__P2__seed42,lcnn_lfcc,P2,42,C,internal_test,fp,74.0,,,placeholder
lcnn_lfcc__P2__seed42,lcnn_lfcc,P2,42,C,internal_test,fn,79.0,,,placeholder
lcnn_lfcc__P2__seed42,lcnn_lfcc,P2,42,C,internal_test,brier,0.1743087944756471,,,placeholder
lcnn_lfcc__P2__seed42,lcnn_lfcc,P2,42,C,internal_test,ece,0.1766530594825275,,,placeholder
lcnn_lfcc__P2__seed42,lcnn_lfcc,P2,42,C,internal_test,n_clusters,15.0,,,placeholder
lcnn_lfcc__P2__seed42,lcnn_lfcc,P2,42,C,external_BF-SUST,n,19998.0,,,placeholder
lcnn_lfcc__P2__seed42,lcnn_lfcc,P2,42,C,external_BF-SUST,n_spoof,9999.0,,,placeholder
lcnn_lfcc__P2__seed42,lcnn_lfcc,P2,42,C,external_BF-SUST,n_bonafide,9999.0,,,placeholder
lcnn_lfcc__P2__seed42,lcnn_lfcc,P2,42,C,external_BF-SUST,threshold,1.0397567837569446,,,placeholder
lcnn_lfcc__P2__seed42,lcnn_lfcc,P2,42,C,external_BF-SUST,accuracy,0.6322132213221322,0.6259790764799995,0.6380591662081585,placeholder
lcnn_lfcc__P2__seed42,lcnn_lfcc,P2,42,C,external_BF-SUST,balanced_accuracy,0.6322132213221322,,,placeholder
lcnn_lfcc__P2__seed42,lcnn_lfcc,P2,42,C,external_BF-SUST,precision_spoof,0.7383699963937973,,,placeholder
lcnn_lfcc__P2__seed42,lcnn_lfcc,P2,42,C,external_BF-SUST,recall_spoof_sensitivity,0.4095409540954095,,,placeholder
lcnn_lfcc__P2__seed42,lcnn_lfcc,P2,42,C,external_BF-SUST,specificity_bonafide_recall,0.8548854885488549,,,placeholder
lcnn_lfcc__P2__seed42,lcnn_lfcc,P2,42,C,external_BF-SUST,f1_spoof,0.526857510453522,,,placeholder
lcnn_lfcc__P2__seed42,lcnn_lfcc,P2,42,C,external_BF-SUST,f1_macro,0.6130259087174158,0.6060370268243332,0.6200340069478876,placeholder
lcnn_lfcc__P2__seed42,lcnn_lfcc,P2,42,C,external_BF-SUST,auc,0.7184083744908144,0.7108379676748368,0.7255363528288423,placeholder
lcnn_lfcc__P2__seed42,lcnn_lfcc,P2,42,C,external_BF-SUST,eer,0.3421342134213421,0.3355537859272535,0.348377196885325,placeholder
lcnn_lfcc__P2__seed42,lcnn_lfcc,P2,42,C,external_BF-SUST,fpr,0.14511451145114512,,,placeholder
lcnn_lfcc__P2__seed42,lcnn_lfcc,P2,42,C,external_BF-SUST,fnr,0.5904590459045904,,,placeholder
lcnn_lfcc__P2__seed42,lcnn_lfcc,P2,42,C,external_BF-SUST,tp,4095.0,,,placeholder
lcnn_lfcc__P2__seed42,lcnn_lfcc,P2,42,C,external_BF-SUST,tn,8548.0,,,placeholder
lcnn_lfcc__P2__seed42,lcnn_lfcc,P2,42,C,external_BF-SUST,fp,1451.0,,,placeholder
lcnn_lfcc__P2__seed42,lcnn_lfcc,P2,42,C,external_BF-SUST,fn,5904.0,,,placeholder
lcnn_lfcc__P2__seed42,lcnn_lfcc,P2,42,C,external_BF-SUST,brier,0.22162504267540362,,,placeholder
lcnn_lfcc__P2__seed42,lcnn_lfcc,P2,42,C,external_BF-SUST,ece,0.08269356803055973,,,placeholder
lcnn_lfcc__P2__seed42,lcnn_lfcc,P2,42,C,external_BF-SUST,n_clusters,9962.0,,,placeholder
lcnn_lfcc__P2__seed42,lcnn_lfcc,P2,42,C,external_BF-MOZ,n,5594.0,,,placeholder
lcnn_lfcc__P2__seed42,lcnn_lfcc,P2,42,C,external_BF-MOZ,n_spoof,2797.0,,,placeholder
lcnn_lfcc__P2__seed42,lcnn_lfcc,P2,42,C,external_BF-MOZ,n_bonafide,2797.0,,,placeholder
lcnn_lfcc__P2__seed42,lcnn_lfcc,P2,42,C,external_BF-MOZ,threshold,1.0397567837569446,,,placeholder
lcnn_lfcc__P2__seed42,lcnn_lfcc,P2,42,C,external_BF-MOZ,accuracy,0.6792992491955667,0.665525563103325,0.6909188416160171,placeholder
lcnn_lfcc__P2__seed42,lcnn_lfcc,P2,42,C,external_BF-MOZ,balanced_accuracy,0.6792992491955667,,,placeholder
lcnn_lfcc__P2__seed42,lcnn_lfcc,P2,42,C,external_BF-MOZ,precision_spoof,0.7712276906435911,,,placeholder
lcnn_lfcc__P2__seed42,lcnn_lfcc,P2,42,C,external_BF-MOZ,recall_spoof_sensitivity,0.5098319628173043,,,placeholder
lcnn_lfcc__P2__seed42,lcnn_lfcc,P2,42,C,external_BF-MOZ,specificity_bonafide_recall,0.8487665355738291,,,placeholder
lcnn_lfcc__P2__seed42,lcnn_lfcc,P2,42,C,external_BF-MOZ,f1_spoof,0.6138613861386139,,,placeholder
lcnn_lfcc__P2__seed42,lcnn_lfcc,P2,42,C,external_BF-MOZ,f1_macro,0.6698166606633149,0.6553149863888155,0.6812848298441093,placeholder
lcnn_lfcc__P2__seed42,lcnn_lfcc,P2,42,C,external_BF-MOZ,auc,0.7742670558846121,0.7620892558283946,0.784767941774277,placeholder
lcnn_lfcc__P2__seed42,lcnn_lfcc,P2,42,C,external_BF-MOZ,eer,0.30246692885234183,0.29208973900607793,0.3167858419735431,placeholder
lcnn_lfcc__P2__seed42,lcnn_lfcc,P2,42,C,external_BF-MOZ,fpr,0.1512334644261709,,,placeholder
lcnn_lfcc__P2__seed42,lcnn_lfcc,P2,42,C,external_BF-MOZ,fnr,0.49016803718269575,,,placeholder
lcnn_lfcc__P2__seed42,lcnn_lfcc,P2,42,C,external_BF-MOZ,tp,1426.0,,,placeholder
lcnn_lfcc__P2__seed42,lcnn_lfcc,P2,42,C,external_BF-MOZ,tn,2374.0,,,placeholder
lcnn_lfcc__P2__seed42,lcnn_lfcc,P2,42,C,external_BF-MOZ,fp,423.0,,,placeholder
lcnn_lfcc__P2__seed42,lcnn_lfcc,P2,42,C,external_BF-MOZ,fn,1371.0,,,placeholder
lcnn_lfcc__P2__seed42,lcnn_lfcc,P2,42,C,external_BF-MOZ,brier,0.20574777393016258,,,placeholder
lcnn_lfcc__P2__seed42,lcnn_lfcc,P2,42,C,external_BF-MOZ,ece,0.10544501613863844,,,placeholder
lcnn_lfcc__P2__seed42,lcnn_lfcc,P2,42,C,external_BF-MOZ,n_clusters,2797.0,,,placeholder
lcnn_lfcc__P2__seed42,lcnn_lfcc,P2,42,C,external_BF-NEWS,n,1000.0,,,placeholder
lcnn_lfcc__P2__seed42,lcnn_lfcc,P2,42,C,external_BF-NEWS,n_spoof,0.0,,,placeholder
lcnn_lfcc__P2__seed42,lcnn_lfcc,P2,42,C,external_BF-NEWS,n_bonafide,1000.0,,,placeholder
lcnn_lfcc__P2__seed42,lcnn_lfcc,P2,42,C,external_BF-NEWS,threshold,1.0397567837569446,,,placeholder
lcnn_lfcc__P2__seed42,lcnn_lfcc,P2,42,C,external_BF-NEWS,accuracy,0.856,,,placeholder
lcnn_lfcc__P2__seed42,lcnn_lfcc,P2,42,C,external_BF-NEWS,balanced_accuracy,,,,placeholder
lcnn_lfcc__P2__seed42,lcnn_lfcc,P2,42,C,external_BF-NEWS,precision_spoof,0.0,,,placeholder
lcnn_lfcc__P2__seed42,lcnn_lfcc,P2,42,C,external_BF-NEWS,recall_spoof_sensitivity,,,,placeholder
lcnn_lfcc__P2__seed42,lcnn_lfcc,P2,42,C,external_BF-NEWS,specificity_bonafide_recall,0.856,,,placeholder
lcnn_lfcc__P2__seed42,lcnn_lfcc,P2,42,C,external_BF-NEWS,f1_spoof,,,,placeholder
lcnn_lfcc__P2__seed42,lcnn_lfcc,P2,42,C,external_BF-NEWS,f1_macro,,,,placeholder
lcnn_lfcc__P2__seed42,lcnn_lfcc,P2,42,C,external_BF-NEWS,auc,,,,placeholder
lcnn_lfcc__P2__seed42,lcnn_lfcc,P2,42,C,external_BF-NEWS,eer,,,,placeholder
lcnn_lfcc__P2__seed42,lcnn_lfcc,P2,42,C,external_BF-NEWS,fpr,0.144,,,placeholder
lcnn_lfcc__P2__seed42,lcnn_lfcc,P2,42,C,external_BF-NEWS,fnr,,,,placeholder
lcnn_lfcc__P2__seed42,lcnn_lfcc,P2,42,C,external_BF-NEWS,tp,0.0,,,placeholder
lcnn_lfcc__P2__seed42,lcnn_lfcc,P2,42,C,external_BF-NEWS,tn,856.0,,,placeholder
lcnn_lfcc__P2__seed42,lcnn_lfcc,P2,42,C,external_BF-NEWS,fp,144.0,,,placeholder
lcnn_lfcc__P2__seed42,lcnn_lfcc,P2,42,C,external_BF-NEWS,fn,0.0,,,placeholder
lcnn_lfcc__P2__seed42,lcnn_lfcc,P2,42,C,external_BF-NEWS,frac_pred_spoof,0.144,0.1229938622754491,0.1681723807976313,placeholder
lcnn_lfcc__P2__seed42,lcnn_lfcc,P2,42,C,external_BF-NEWS,n_clusters,997.0,,,placeholder
ssl_xlsr_probe__P1__seed42,ssl_xlsr_probe,P1,42,C,validation,n,2998.0,,,placeholder
ssl_xlsr_probe__P1__seed42,ssl_xlsr_probe,P1,42,C,validation,n_spoof,1499.0,,,placeholder
ssl_xlsr_probe__P1__seed42,ssl_xlsr_probe,P1,42,C,validation,n_bonafide,1499.0,,,placeholder
ssl_xlsr_probe__P1__seed42,ssl_xlsr_probe,P1,42,C,validation,threshold,0.7613470940559711,,,placeholder
ssl_xlsr_probe__P1__seed42,ssl_xlsr_probe,P1,42,C,validation,accuracy,0.781187458305537,0.7655300274099164,0.7960648164642027,placeholder
ssl_xlsr_probe__P1__seed42,ssl_xlsr_probe,P1,42,C,validation,balanced_accuracy,0.781187458305537,,,placeholder
ssl_xlsr_probe__P1__seed42,ssl_xlsr_probe,P1,42,C,validation,precision_spoof,0.781187458305537,,,placeholder
ssl_xlsr_probe__P1__seed42,ssl_xlsr_probe,P1,42,C,validation,recall_spoof_sensitivity,0.781187458305537,,,placeholder
ssl_xlsr_probe__P1__seed42,ssl_xlsr_probe,P1,42,C,validation,specificity_bonafide_recall,0.781187458305537,,,placeholder
ssl_xlsr_probe__P1__seed42,ssl_xlsr_probe,P1,42,C,validation,f1_spoof,0.781187458305537,,,placeholder
ssl_xlsr_probe__P1__seed42,ssl_xlsr_probe,P1,42,C,validation,f1_macro,0.781187458305537,0.7654785064965433,0.7959823073548102,placeholder
ssl_xlsr_probe__P1__seed42,ssl_xlsr_probe,P1,42,C,validation,auc,0.8634477688260931,0.8500939908167925,0.8750841292740656,placeholder
ssl_xlsr_probe__P1__seed42,ssl_xlsr_probe,P1,42,C,validation,eer,0.218812541694463,0.2047933425222694,0.23534606928714186,placeholder
ssl_xlsr_probe__P1__seed42,ssl_xlsr_probe,P1,42,C,validation,fpr,0.218812541694463,,,placeholder
ssl_xlsr_probe__P1__seed42,ssl_xlsr_probe,P1,42,C,validation,fnr,0.218812541694463,,,placeholder
ssl_xlsr_probe__P1__seed42,ssl_xlsr_probe,P1,42,C,validation,tp,1171.0,,,placeholder
ssl_xlsr_probe__P1__seed42,ssl_xlsr_probe,P1,42,C,validation,tn,1171.0,,,placeholder
ssl_xlsr_probe__P1__seed42,ssl_xlsr_probe,P1,42,C,validation,fp,328.0,,,placeholder
ssl_xlsr_probe__P1__seed42,ssl_xlsr_probe,P1,42,C,validation,fn,328.0,,,placeholder
ssl_xlsr_probe__P1__seed42,ssl_xlsr_probe,P1,42,C,validation,brier,0.1815137632605471,,,placeholder
ssl_xlsr_probe__P1__seed42,ssl_xlsr_probe,P1,42,C,validation,ece,0.1465922868993678,,,placeholder
ssl_xlsr_probe__P1__seed42,ssl_xlsr_probe,P1,42,C,validation,n_clusters,1495.0,,,placeholder
ssl_xlsr_probe__P1__seed42,ssl_xlsr_probe,P1,42,C,internal_test,n,2998.0,,,placeholder
ssl_xlsr_probe__P1__seed42,ssl_xlsr_probe,P1,42,C,internal_test,n_spoof,1499.0,,,placeholder
ssl_xlsr_probe__P1__seed42,ssl_xlsr_probe,P1,42,C,internal_test,n_bonafide,1499.0,,,placeholder
ssl_xlsr_probe__P1__seed42,ssl_xlsr_probe,P1,42,C,internal_test,threshold,0.7613470940559711,,,placeholder
ssl_xlsr_probe__P1__seed42,ssl_xlsr_probe,P1,42,C,internal_test,accuracy,0.590393595730487,0.5758003490291664,0.6039587748238763,placeholder
ssl_xlsr_probe__P1__seed42,ssl_xlsr_probe,P1,42,C,internal_test,balanced_accuracy,0.590393595730487,,,placeholder
ssl_xlsr_probe__P1__seed42,ssl_xlsr_probe,P1,42,C,internal_test,precision_spoof,0.6474428726877041,,,placeholder
ssl_xlsr_probe__P1__seed42,ssl_xlsr_probe,P1,42,C,internal_test,recall_spoof_sensitivity,0.39693128752501666,,,placeholder
ssl_xlsr_probe__P1__seed42,ssl_xlsr_probe,P1,42,C,internal_test,specificity_bonafide_recall,0.7838559039359573,,,placeholder
ssl_xlsr_probe__P1__seed42,ssl_xlsr_probe,P1,42,C,internal_test,f1_spoof,0.4921422663358147,,,placeholder
ssl_xlsr_probe__P1__seed42,ssl_xlsr_probe,P1,42,C,internal_test,f1_macro,0.5744668849845647,0.5572084190897766,0.5893662142111481,placeholder
ssl_xlsr_probe__P1__seed42,ssl_xlsr_probe,P1,42,C,internal_test,auc,0.6371390132892687,0.6178928708741538,0.6548371387440879,placeholder
ssl_xlsr_probe__P1__seed42,ssl_xlsr_probe,P1,42,C,internal_test,eer,0.400266844563042,0.3851674009790832,0.42074809891449466,placeholder
ssl_xlsr_probe__P1__seed42,ssl_xlsr_probe,P1,42,C,internal_test,fpr,0.2161440960640427,,,placeholder
ssl_xlsr_probe__P1__seed42,ssl_xlsr_probe,P1,42,C,internal_test,fnr,0.6030687124749833,,,placeholder
ssl_xlsr_probe__P1__seed42,ssl_xlsr_probe,P1,42,C,internal_test,tp,595.0,,,placeholder
ssl_xlsr_probe__P1__seed42,ssl_xlsr_probe,P1,42,C,internal_test,tn,1175.0,,,placeholder
ssl_xlsr_probe__P1__seed42,ssl_xlsr_probe,P1,42,C,internal_test,fp,324.0,,,placeholder
ssl_xlsr_probe__P1__seed42,ssl_xlsr_probe,P1,42,C,internal_test,fn,904.0,,,placeholder
ssl_xlsr_probe__P1__seed42,ssl_xlsr_probe,P1,42,C,internal_test,brier,0.24620639423517324,,,placeholder
ssl_xlsr_probe__P1__seed42,ssl_xlsr_probe,P1,42,C,internal_test,ece,0.09671030772669251,,,placeholder
ssl_xlsr_probe__P1__seed42,ssl_xlsr_probe,P1,42,C,internal_test,n_clusters,1494.0,,,placeholder
ssl_xlsr_probe__P1__seed42,ssl_xlsr_probe,P1,42,C,external_BF-MOZ,n,5594.0,,,placeholder
ssl_xlsr_probe__P1__seed42,ssl_xlsr_probe,P1,42,C,external_BF-MOZ,n_spoof,2797.0,,,placeholder
ssl_xlsr_probe__P1__seed42,ssl_xlsr_probe,P1,42,C,external_BF-MOZ,n_bonafide,2797.0,,,placeholder
ssl_xlsr_probe__P1__seed42,ssl_xlsr_probe,P1,42,C,external_BF-MOZ,threshold,0.7613470940559711,,,placeholder
ssl_xlsr_probe__P1__seed42,ssl_xlsr_probe,P1,42,C,external_BF-MOZ,accuracy,0.6905613156953879,0.681582946013586,0.7039774758670003,placeholder
ssl_xlsr_probe__P1__seed42,ssl_xlsr_probe,P1,42,C,external_BF-MOZ,balanced_accuracy,0.6905613156953878,,,placeholder
ssl_xlsr_probe__P1__seed42,ssl_xlsr_probe,P1,42,C,external_BF-MOZ,precision_spoof,0.7366785079928952,,,placeholder
ssl_xlsr_probe__P1__seed42,ssl_xlsr_probe,P1,42,C,external_BF-MOZ,recall_spoof_sensitivity,0.5931355023239184,,,placeholder
ssl_xlsr_probe__P1__seed42,ssl_xlsr_probe,P1,42,C,external_BF-MOZ,specificity_bonafide_recall,0.7879871290668573,,,placeholder
ssl_xlsr_probe__P1__seed42,ssl_xlsr_probe,P1,42,C,external_BF-MOZ,f1_spoof,0.6571598336304219,,,placeholder
ssl_xlsr_probe__P1__seed42,ssl_xlsr_probe,P1,42,C,external_BF-MOZ,f1_macro,0.6875960432201629,0.6781214173332882,0.7011413337535328,placeholder
ssl_xlsr_probe__P1__seed42,ssl_xlsr_probe,P1,42,C,external_BF-MOZ,auc,0.7648063601522087,0.7558298551144422,0.7775207814338082,placeholder
ssl_xlsr_probe__P1__seed42,ssl_xlsr_probe,P1,42,C,external_BF-MOZ,eer,0.3067572398998928,0.2942348945298534,0.3174919556667858,placeholder
ssl_xlsr_probe__P1__seed42,ssl_xlsr_probe,P1,42,C,external_BF-MOZ,fpr,0.21201287093314267,,,placeholder
ssl_xlsr_probe__P1__seed42,ssl_xlsr_probe,P1,42,C,external_BF-MOZ,fnr,0.4068644976760815,,,placeholder
ssl_xlsr_probe__P1__seed42,ssl_xlsr_probe,P1,42,C,external_BF-MOZ,tp,1659.0,,,placeholder
ssl_xlsr_probe__P1__seed42,ssl_xlsr_probe,P1,42,C,external_BF-MOZ,tn,2204.0,,,placeholder
ssl_xlsr_probe__P1__seed42,ssl_xlsr_probe,P1,42,C,external_BF-MOZ,fp,593.0,,,placeholder
ssl_xlsr_probe__P1__seed42,ssl_xlsr_probe,P1,42,C,external_BF-MOZ,fn,1138.0,,,placeholder
ssl_xlsr_probe__P1__seed42,ssl_xlsr_probe,P1,42,C,external_BF-MOZ,brier,0.2066191872524108,,,placeholder
ssl_xlsr_probe__P1__seed42,ssl_xlsr_probe,P1,42,C,external_BF-MOZ,ece,0.09280660045985417,,,placeholder
ssl_xlsr_probe__P1__seed42,ssl_xlsr_probe,P1,42,C,external_BF-MOZ,n_clusters,2797.0,,,placeholder
ssl_xlsr_probe__P1__seed42,ssl_xlsr_probe,P1,42,C,external_MEN,n,4500.0,,,placeholder
ssl_xlsr_probe__P1__seed42,ssl_xlsr_probe,P1,42,C,external_MEN,n_spoof,2250.0,,,placeholder
ssl_xlsr_probe__P1__seed42,ssl_xlsr_probe,P1,42,C,external_MEN,n_bonafide,2250.0,,,placeholder
ssl_xlsr_probe__P1__seed42,ssl_xlsr_probe,P1,42,C,external_MEN,threshold,0.7613470940559711,,,placeholder
ssl_xlsr_probe__P1__seed42,ssl_xlsr_probe,P1,42,C,external_MEN,accuracy,0.7546666666666667,0.7402055555555556,0.7656277777777778,placeholder
ssl_xlsr_probe__P1__seed42,ssl_xlsr_probe,P1,42,C,external_MEN,balanced_accuracy,0.7546666666666666,,,placeholder
ssl_xlsr_probe__P1__seed42,ssl_xlsr_probe,P1,42,C,external_MEN,precision_spoof,0.773117254528122,,,placeholder
ssl_xlsr_probe__P1__seed42,ssl_xlsr_probe,P1,42,C,external_MEN,recall_spoof_sensitivity,0.7208888888888889,,,placeholder
ssl_xlsr_probe__P1__seed42,ssl_xlsr_probe,P1,42,C,external_MEN,specificity_bonafide_recall,0.7884444444444444,,,placeholder
ssl_xlsr_probe__P1__seed42,ssl_xlsr_probe,P1,42,C,external_MEN,f1_spoof,0.7460901563937442,,,placeholder
ssl_xlsr_probe__P1__seed42,ssl_xlsr_probe,P1,42,C,external_MEN,f1_macro,0.7543864367523322,0.7400241270112764,0.7653981538887091,placeholder
ssl_xlsr_probe__P1__seed42,ssl_xlsr_probe,P1,42,C,external_MEN,auc,0.8349100246913579,0.8227185382716049,0.8444944790123456,placeholder
ssl_xlsr_probe__P1__seed42,ssl_xlsr_probe,P1,42,C,external_MEN,eer,0.24711111111111106,0.2368666666666667,0.2613333333333333,placeholder
ssl_xlsr_probe__P1__seed42,ssl_xlsr_probe,P1,42,C,external_MEN,fpr,0.21155555555555555,,,placeholder
ssl_xlsr_probe__P1__seed42,ssl_xlsr_probe,P1,42,C,external_MEN,fnr,0.2791111111111111,,,placeholder
ssl_xlsr_probe__P1__seed42,ssl_xlsr_probe,P1,42,C,external_MEN,tp,1622.0,,,placeholder
ssl_xlsr_probe__P1__seed42,ssl_xlsr_probe,P1,42,C,external_MEN,tn,1774.0,,,placeholder
ssl_xlsr_probe__P1__seed42,ssl_xlsr_probe,P1,42,C,external_MEN,fp,476.0,,,placeholder
ssl_xlsr_probe__P1__seed42,ssl_xlsr_probe,P1,42,C,external_MEN,fn,628.0,,,placeholder
ssl_xlsr_probe__P1__seed42,ssl_xlsr_probe,P1,42,C,external_MEN,brier,0.18728724509086447,,,placeholder
ssl_xlsr_probe__P1__seed42,ssl_xlsr_probe,P1,42,C,external_MEN,ece,0.12436656417944088,,,placeholder
ssl_xlsr_probe__P1__seed42,ssl_xlsr_probe,P1,42,C,external_MEN,n_clusters,75.0,,,placeholder
ssl_xlsr_probe__P1__seed42,ssl_xlsr_probe,P1,42,C,external_BF-NEWS,n,1000.0,,,placeholder
ssl_xlsr_probe__P1__seed42,ssl_xlsr_probe,P1,42,C,external_BF-NEWS,n_spoof,0.0,,,placeholder
ssl_xlsr_probe__P1__seed42,ssl_xlsr_probe,P1,42,C,external_BF-NEWS,n_bonafide,1000.0,,,placeholder
ssl_xlsr_probe__P1__seed42,ssl_xlsr_probe,P1,42,C,external_BF-NEWS,threshold,0.7613470940559711,,,placeholder
ssl_xlsr_probe__P1__seed42,ssl_xlsr_probe,P1,42,C,external_BF-NEWS,accuracy,0.775,,,placeholder
ssl_xlsr_probe__P1__seed42,ssl_xlsr_probe,P1,42,C,external_BF-NEWS,balanced_accuracy,,,,placeholder
ssl_xlsr_probe__P1__seed42,ssl_xlsr_probe,P1,42,C,external_BF-NEWS,precision_spoof,0.0,,,placeholder
ssl_xlsr_probe__P1__seed42,ssl_xlsr_probe,P1,42,C,external_BF-NEWS,recall_spoof_sensitivity,,,,placeholder
ssl_xlsr_probe__P1__seed42,ssl_xlsr_probe,P1,42,C,external_BF-NEWS,specificity_bonafide_recall,0.775,,,placeholder
ssl_xlsr_probe__P1__seed42,ssl_xlsr_probe,P1,42,C,external_BF-NEWS,f1_spoof,,,,placeholder
ssl_xlsr_probe__P1__seed42,ssl_xlsr_probe,P1,42,C,external_BF-NEWS,f1_macro,,,,placeholder
ssl_xlsr_probe__P1__seed42,ssl_xlsr_probe,P1,42,C,external_BF-NEWS,auc,,,,placeholder
ssl_xlsr_probe__P1__seed42,ssl_xlsr_probe,P1,42,C,external_BF-NEWS,eer,,,,placeholder
ssl_xlsr_probe__P1__seed42,ssl_xlsr_probe,P1,42,C,external_BF-NEWS,fpr,0.225,,,placeholder
ssl_xlsr_probe__P1__seed42,ssl_xlsr_probe,P1,42,C,external_BF-NEWS,fnr,,,,placeholder
ssl_xlsr_probe__P1__seed42,ssl_xlsr_probe,P1,42,C,external_BF-NEWS,tp,0.0,,,placeholder
ssl_xlsr_probe__P1__seed42,ssl_xlsr_probe,P1,42,C,external_BF-NEWS,tn,775.0,,,placeholder
ssl_xlsr_probe__P1__seed42,ssl_xlsr_probe,P1,42,C,external_BF-NEWS,fp,225.0,,,placeholder
ssl_xlsr_probe__P1__seed42,ssl_xlsr_probe,P1,42,C,external_BF-NEWS,fn,0.0,,,placeholder
ssl_xlsr_probe__P1__seed42,ssl_xlsr_probe,P1,42,C,external_BF-NEWS,frac_pred_spoof,0.225,0.19713739713739714,0.2512946711651891,placeholder
ssl_xlsr_probe__P1__seed42,ssl_xlsr_probe,P1,42,C,external_BF-NEWS,n_clusters,997.0,,,placeholder
bscan_controlled__P1__seed123,bscan_controlled,P1,123,D,validation,n,2998.0,,,placeholder
bscan_controlled__P1__seed123,bscan_controlled,P1,123,D,validation,n_spoof,1499.0,,,placeholder
bscan_controlled__P1__seed123,bscan_controlled,P1,123,D,validation,n_bonafide,1499.0,,,placeholder
bscan_controlled__P1__seed123,bscan_controlled,P1,123,D,validation,threshold,1.0094487073585996,,,placeholder
bscan_controlled__P1__seed123,bscan_controlled,P1,123,D,validation,accuracy,0.8432288192128086,0.830649832999332,0.8549140204580832,placeholder
bscan_controlled__P1__seed123,bscan_controlled,P1,123,D,validation,balanced_accuracy,0.8432288192128086,,,placeholder
bscan_controlled__P1__seed123,bscan_controlled,P1,123,D,validation,precision_spoof,0.8432288192128086,,,placeholder
bscan_controlled__P1__seed123,bscan_controlled,P1,123,D,validation,recall_spoof_sensitivity,0.8432288192128086,,,placeholder
bscan_controlled__P1__seed123,bscan_controlled,P1,123,D,validation,specificity_bonafide_recall,0.8432288192128086,,,placeholder
bscan_controlled__P1__seed123,bscan_controlled,P1,123,D,validation,f1_spoof,0.8432288192128086,,,placeholder
bscan_controlled__P1__seed123,bscan_controlled,P1,123,D,validation,f1_macro,0.8432288192128086,0.8306471870898425,0.8549131913364811,placeholder
bscan_controlled__P1__seed123,bscan_controlled,P1,123,D,validation,auc,0.9266097344860994,0.917922006689887,0.9351872874798943,placeholder
bscan_controlled__P1__seed123,bscan_controlled,P1,123,D,validation,eer,0.15677118078719143,0.14466185086551264,0.1694519570606635,placeholder
bscan_controlled__P1__seed123,bscan_controlled,P1,123,D,validation,fpr,0.15677118078719146,,,placeholder
bscan_controlled__P1__seed123,bscan_controlled,P1,123,D,validation,fnr,0.15677118078719146,,,placeholder
bscan_controlled__P1__seed123,bscan_controlled,P1,123,D,validation,tp,1264.0,,,placeholder
bscan_controlled__P1__seed123,bscan_controlled,P1,123,D,validation,tn,1264.0,,,placeholder
bscan_controlled__P1__seed123,bscan_controlled,P1,123,D,validation,fp,235.0,,,placeholder
bscan_controlled__P1__seed123,bscan_controlled,P1,123,D,validation,fn,235.0,,,placeholder
bscan_controlled__P1__seed123,bscan_controlled,P1,123,D,validation,brier,0.16302722446777596,,,placeholder
bscan_controlled__P1__seed123,bscan_controlled,P1,123,D,validation,ece,0.18527694797438968,,,placeholder
bscan_controlled__P1__seed123,bscan_controlled,P1,123,D,validation,n_clusters,1495.0,,,placeholder
bscan_controlled__P1__seed123,bscan_controlled,P1,123,D,internal_test,n,2998.0,,,placeholder
bscan_controlled__P1__seed123,bscan_controlled,P1,123,D,internal_test,n_spoof,1499.0,,,placeholder
bscan_controlled__P1__seed123,bscan_controlled,P1,123,D,internal_test,n_bonafide,1499.0,,,placeholder
bscan_controlled__P1__seed123,bscan_controlled,P1,123,D,internal_test,threshold,1.0094487073585996,,,placeholder
bscan_controlled__P1__seed123,bscan_controlled,P1,123,D,internal_test,accuracy,0.5723815877251501,0.5584084836339345,0.5875260340921524,placeholder
bscan_controlled__P1__seed123,bscan_controlled,P1,123,D,internal_test,balanced_accuracy,0.5723815877251501,,,placeholder
bscan_controlled__P1__seed123,bscan_controlled,P1,123,D,internal_test,precision_spoof,0.6496551724137931,,,placeholder
bscan_controlled__P1__seed123,bscan_controlled,P1,123,D,internal_test,recall_spoof_sensitivity,0.314209472981988,,,placeholder
bscan_controlled__P1__seed123,bscan_controlled,P1,123,D,internal_test,specificity_bonafide_recall,0.8305537024683122,,,placeholder
bscan_controlled__P1__seed123,bscan_controlled,P1,123,D,internal_test,f1_spoof,0.42356115107913667,,,placeholder
bscan_controlled__P1__seed123,bscan_controlled,P1,123,D,internal_test,f1_macro,0.5418442022627921,0.5252718621048097,0.5592354412580288,placeholder
bscan_controlled__P1__seed123,bscan_controlled,P1,123,D,internal_test,auc,0.6343797799822963,0.6167970430822203,0.6514043042978154,placeholder
bscan_controlled__P1__seed123,bscan_controlled,P1,123,D,internal_test,eer,0.4089392928619079,0.3913195390781563,0.4249260537095553,placeholder
bscan_controlled__P1__seed123,bscan_controlled,P1,123,D,internal_test,fpr,0.1694462975316878,,,placeholder
bscan_controlled__P1__seed123,bscan_controlled,P1,123,D,internal_test,fnr,0.685790527018012,,,placeholder
bscan_controlled__P1__seed123,bscan_controlled,P1,123,D,internal_test,tp,471.0,,,placeholder
bscan_controlled__P1__seed123,bscan_controlled,P1,123,D,internal_test,tn,1245.0,,,placeholder
bscan_controlled__P1__seed123,bscan_controlled,P1,123,D,internal_test,fp,254.0,,,placeholder
bscan_controlled__P1__seed123,bscan_controlled,P1,123,D,internal_test,fn,1028.0,,,placeholder
bscan_controlled__P1__seed123,bscan_controlled,P1,123,D,internal_test,brier,0.24797268526585695,,,placeholder
bscan_controlled__P1__seed123,bscan_controlled,P1,123,D,internal_test,ece,0.09654025502567072,,,placeholder
bscan_controlled__P1__seed123,bscan_controlled,P1,123,D,internal_test,n_clusters,1494.0,,,placeholder
bscan_controlled__P1__seed123,bscan_controlled,P1,123,D,external_BF-MOZ,n,5594.0,,,placeholder
bscan_controlled__P1__seed123,bscan_controlled,P1,123,D,external_BF-MOZ,n_spoof,2797.0,,,placeholder
bscan_controlled__P1__seed123,bscan_controlled,P1,123,D,external_BF-MOZ,n_bonafide,2797.0,,,placeholder
bscan_controlled__P1__seed123,bscan_controlled,P1,123,D,external_BF-MOZ,threshold,1.0094487073585996,,,placeholder
bscan_controlled__P1__seed123,bscan_controlled,P1,123,D,external_BF-MOZ,accuracy,0.882016446192349,0.8734179478012156,0.8895378977475867,placeholder
bscan_controlled__P1__seed123,bscan_controlled,P1,123,D,external_BF-MOZ,balanced_accuracy,0.882016446192349,,,placeholder
bscan_controlled__P1__seed123,bscan_controlled,P1,123,D,external_BF-MOZ,precision_spoof,0.8543946932006633,,,placeholder
bscan_controlled__P1__seed123,bscan_controlled,P1,123,D,external_BF-MOZ,recall_spoof_sensitivity,0.9209867715409367,,,placeholder
bscan_controlled__P1__seed123,bscan_controlled,P1,123,D,external_BF-MOZ,specificity_bonafide_recall,0.8430461208437612,,,placeholder
bscan_controlled__P1__seed123,bscan_controlled,P1,123,D,external_BF-MOZ,f1_spoof,0.8864418444597384,,,placeholder
bscan_controlled__P1__seed123,bscan_controlled,P1,123,D,external_BF-MOZ,f1_macro,0.8818369936584407,0.8732176213754881,0.8894284766057334,placeholder
bscan_controlled__P1__seed123,bscan_controlled,P1,123,D,external_BF-MOZ,auc,0.9559738209729538,0.9514859822868084,0.9604486343136175,placeholder
bscan_controlled__P1__seed123,bscan_controlled,P1,123,D,external_BF-MOZ,eer,0.11297819091884162,0.10474615659635322,0.12157668930997498,placeholder
bscan_controlled__P1__seed123,bscan_controlled,P1,123,D,external_BF-MOZ,fpr,0.15695387915623882,,,placeholder
bscan_controlled__P1__seed123,bscan_controlled,P1,123,D,external_BF-MOZ,fnr,0.07901322845906328,,,placeholder
bscan_controlled__P1__seed123,bscan_controlled,P1,123,D,external_BF-MOZ,tp,2576.0,,,placeholder
bscan_controlled__P1__seed123,bscan_controlled,P1,123,D,external_BF-MOZ,tn,2358.0,,,placeholder
bscan_controlled__P1__seed123,bscan_controlled,P1,123,D,external_BF-MOZ,fp,439.0,,,placeholder
bscan_controlled__P1__seed123,bscan_controlled,P1,123,D,external_BF-MOZ,fn,221.0,,,placeholder
bscan_controlled__P1__seed123,bscan_controlled,P1,123,D,external_BF-MOZ,brier,0.1582076915171274,,,placeholder
bscan_controlled__P1__seed123,bscan_controlled,P1,123,D,external_BF-MOZ,ece,0.21028524450949868,,,placeholder
bscan_controlled__P1__seed123,bscan_controlled,P1,123,D,external_BF-MOZ,n_clusters,2797.0,,,placeholder
bscan_controlled__P1__seed123,bscan_controlled,P1,123,D,external_MEN,n,4500.0,,,placeholder
bscan_controlled__P1__seed123,bscan_controlled,P1,123,D,external_MEN,n_spoof,2250.0,,,placeholder
bscan_controlled__P1__seed123,bscan_controlled,P1,123,D,external_MEN,n_bonafide,2250.0,,,placeholder
bscan_controlled__P1__seed123,bscan_controlled,P1,123,D,external_MEN,threshold,1.0094487073585996,,,placeholder
bscan_controlled__P1__seed123,bscan_controlled,P1,123,D,external_MEN,accuracy,0.6151111111111112,0.6015555555555555,0.6280111111111111,placeholder
bscan_controlled__P1__seed123,bscan_controlled,P1,123,D,external_MEN,balanced_accuracy,0.6151111111111112,,,placeholder
bscan_controlled__P1__seed123,bscan_controlled,P1,123,D,external_MEN,precision_spoof,0.7129934210526315,,,placeholder
bscan_controlled__P1__seed123,bscan_controlled,P1,123,D,external_MEN,recall_spoof_sensitivity,0.38533333333333336,,,placeholder
bscan_controlled__P1__seed123,bscan_controlled,P1,123,D,external_MEN,specificity_bonafide_recall,0.8448888888888889,,,placeholder
bscan_controlled__P1__seed123,bscan_controlled,P1,123,D,external_MEN,f1_spoof,0.5002885170225043,,,placeholder
bscan_controlled__P1__seed123,bscan_controlled,P1,123,D,external_MEN,f1_macro,0.5936570882907968,0.5772335428054994,0.609147158883044,placeholder
bscan_controlled__P1__seed123,bscan_controlled,P1,123,D,external_MEN,auc,0.7002514567901235,0.6850662518518519,0.7130792098765433,placeholder
bscan_controlled__P1__seed123,bscan_controlled,P1,123,D,external_MEN,eer,0.35244444444444445,0.33865555555555554,0.36444444444444446,placeholder
bscan_controlled__P1__seed123,bscan_controlled,P1,123,D,external_MEN,fpr,0.15511111111111112,,,placeholder
bscan_controlled__P1__seed123,bscan_controlled,P1,123,D,external_MEN,fnr,0.6146666666666667,,,placeholder
bscan_controlled__P1__seed123,bscan_controlled,P1,123,D,external_MEN,tp,867.0,,,placeholder
bscan_controlled__P1__seed123,bscan_controlled,P1,123,D,external_MEN,tn,1901.0,,,placeholder
bscan_controlled__P1__seed123,bscan_controlled,P1,123,D,external_MEN,fp,349.0,,,placeholder
bscan_controlled__P1__seed123,bscan_controlled,P1,123,D,external_MEN,fn,1383.0,,,placeholder
bscan_controlled__P1__seed123,bscan_controlled,P1,123,D,external_MEN,brier,0.22651929481556315,,,placeholder
bscan_controlled__P1__seed123,bscan_controlled,P1,123,D,external_MEN,ece,0.07675665373966484,,,placeholder
bscan_controlled__P1__seed123,bscan_controlled,P1,123,D,external_MEN,n_clusters,75.0,,,placeholder
bscan_controlled__P1__seed123,bscan_controlled,P1,123,D,external_BF-NEWS,n,1000.0,,,placeholder
bscan_controlled__P1__seed123,bscan_controlled,P1,123,D,external_BF-NEWS,n_spoof,0.0,,,placeholder
bscan_controlled__P1__seed123,bscan_controlled,P1,123,D,external_BF-NEWS,n_bonafide,1000.0,,,placeholder
bscan_controlled__P1__seed123,bscan_controlled,P1,123,D,external_BF-NEWS,threshold,1.0094487073585996,,,placeholder
bscan_controlled__P1__seed123,bscan_controlled,P1,123,D,external_BF-NEWS,accuracy,0.864,,,placeholder
bscan_controlled__P1__seed123,bscan_controlled,P1,123,D,external_BF-NEWS,balanced_accuracy,,,,placeholder
bscan_controlled__P1__seed123,bscan_controlled,P1,123,D,external_BF-NEWS,precision_spoof,0.0,,,placeholder
bscan_controlled__P1__seed123,bscan_controlled,P1,123,D,external_BF-NEWS,recall_spoof_sensitivity,,,,placeholder
bscan_controlled__P1__seed123,bscan_controlled,P1,123,D,external_BF-NEWS,specificity_bonafide_recall,0.864,,,placeholder
bscan_controlled__P1__seed123,bscan_controlled,P1,123,D,external_BF-NEWS,f1_spoof,,,,placeholder
bscan_controlled__P1__seed123,bscan_controlled,P1,123,D,external_BF-NEWS,f1_macro,,,,placeholder
bscan_controlled__P1__seed123,bscan_controlled,P1,123,D,external_BF-NEWS,auc,,,,placeholder
bscan_controlled__P1__seed123,bscan_controlled,P1,123,D,external_BF-NEWS,eer,,,,placeholder
bscan_controlled__P1__seed123,bscan_controlled,P1,123,D,external_BF-NEWS,fpr,0.136,,,placeholder
bscan_controlled__P1__seed123,bscan_controlled,P1,123,D,external_BF-NEWS,fnr,,,,placeholder
bscan_controlled__P1__seed123,bscan_controlled,P1,123,D,external_BF-NEWS,tp,0.0,,,placeholder
bscan_controlled__P1__seed123,bscan_controlled,P1,123,D,external_BF-NEWS,tn,864.0,,,placeholder
bscan_controlled__P1__seed123,bscan_controlled,P1,123,D,external_BF-NEWS,fp,136.0,,,placeholder
bscan_controlled__P1__seed123,bscan_controlled,P1,123,D,external_BF-NEWS,fn,0.0,,,placeholder
bscan_controlled__P1__seed123,bscan_controlled,P1,123,D,external_BF-NEWS,frac_pred_spoof,0.136,0.1179587261785356,0.15716109395969116,placeholder
bscan_controlled__P1__seed123,bscan_controlled,P1,123,D,external_BF-NEWS,n_clusters,997.0,,,placeholder
bscan_controlled__P1__seed2026,bscan_controlled,P1,2026,D,validation,n,2998.0,,,placeholder
bscan_controlled__P1__seed2026,bscan_controlled,P1,2026,D,validation,n_spoof,1499.0,,,placeholder
bscan_controlled__P1__seed2026,bscan_controlled,P1,2026,D,validation,n_bonafide,1499.0,,,placeholder
bscan_controlled__P1__seed2026,bscan_controlled,P1,2026,D,validation,threshold,1.1927329003742342,,,placeholder
bscan_controlled__P1__seed2026,bscan_controlled,P1,2026,D,validation,accuracy,0.8805870580386924,0.8681302915131553,0.8937440706195869,placeholder
bscan_controlled__P1__seed2026,bscan_controlled,P1,2026,D,validation,balanced_accuracy,0.8805870580386924,,,placeholder
bscan_controlled__P1__seed2026,bscan_controlled,P1,2026,D,validation,precision_spoof,0.8805870580386924,,,placeholder
bscan_controlled__P1__seed2026,bscan_controlled,P1,2026,D,validation,recall_spoof_sensitivity,0.8805870580386924,,,placeholder
bscan_controlled__P1__seed2026,bscan_controlled,P1,2026,D,validation,specificity_bonafide_recall,0.8805870580386924,,,placeholder
bscan_controlled__P1__seed2026,bscan_controlled,P1,2026,D,validation,f1_spoof,0.8805870580386924,,,placeholder
bscan_controlled__P1__seed2026,bscan_controlled,P1,2026,D,validation,f1_macro,0.8805870580386924,0.8681301255488898,0.8937440402785709,placeholder
bscan_controlled__P1__seed2026,bscan_controlled,P1,2026,D,validation,auc,0.9553520447921475,0.9481139252382526,0.9622589349499028,placeholder
bscan_controlled__P1__seed2026,bscan_controlled,P1,2026,D,validation,eer,0.11941294196130754,0.10591799503490776,0.13060284020710713,placeholder
bscan_controlled__P1__seed2026,bscan_controlled,P1,2026,D,validation,fpr,0.11941294196130754,,,placeholder
bscan_controlled__P1__seed2026,bscan_controlled,P1,2026,D,validation,fnr,0.11941294196130754,,,placeholder
bscan_controlled__P1__seed2026,bscan_controlled,P1,2026,D,validation,tp,1320.0,,,placeholder
bscan_controlled__P1__seed2026,bscan_controlled,P1,2026,D,validation,tn,1320.0,,,placeholder
bscan_controlled__P1__seed2026,bscan_controlled,P1,2026,D,validation,fp,179.0,,,placeholder
bscan_controlled__P1__seed2026,bscan_controlled,P1,2026,D,validation,fn,179.0,,,placeholder
bscan_controlled__P1__seed2026,bscan_controlled,P1,2026,D,validation,brier,0.16041184767274647,,,placeholder
bscan_controlled__P1__seed2026,bscan_controlled,P1,2026,D,validation,ece,0.21100319034118126,,,placeholder
bscan_controlled__P1__seed2026,bscan_controlled,P1,2026,D,validation,n_clusters,1495.0,,,placeholder
bscan_controlled__P1__seed2026,bscan_controlled,P1,2026,D,internal_test,n,2998.0,,,placeholder
bscan_controlled__P1__seed2026,bscan_controlled,P1,2026,D,internal_test,n_spoof,1499.0,,,placeholder
bscan_controlled__P1__seed2026,bscan_controlled,P1,2026,D,internal_test,n_bonafide,1499.0,,,placeholder
bscan_controlled__P1__seed2026,bscan_controlled,P1,2026,D,internal_test,threshold,1.1927329003742342,,,placeholder
bscan_controlled__P1__seed2026,bscan_controlled,P1,2026,D,internal_test,accuracy,0.7164776517678453,0.7025617489986649,0.7314674074450637,placeholder
bscan_controlled__P1__seed2026,bscan_controlled,P1,2026,D,internal_test,balanced_accuracy,0.7164776517678453,,,placeholder
bscan_controlled__P1__seed2026,bscan_controlled,P1,2026,D,internal_test,precision_spoof,0.82744702320888,,,placeholder
bscan_controlled__P1__seed2026,bscan_controlled,P1,2026,D,internal_test,recall_spoof_sensitivity,0.5470313542361575,,,placeholder
bscan_controlled__P1__seed2026,bscan_controlled,P1,2026,D,internal_test,specificity_bonafide_recall,0.885923949299533,,,placeholder
bscan_controlled__P1__seed2026,bscan_controlled,P1,2026,D,internal_test,f1_spoof,0.6586345381526105,,,placeholder
bscan_controlled__P1__seed2026,bscan_controlled,P1,2026,D,internal_test,f1_macro,0.7080965046724262,0.6919447095961291,0.7242559416777556,placeholder
bscan_controlled__P1__seed2026,bscan_controlled,P1,2026,D,internal_test,auc,0.823532343777328,0.8097001785684271,0.8365969521653369,placeholder
bscan_controlled__P1__seed2026,bscan_controlled,P1,2026,D,internal_test,eer,0.25150100066711145,0.2352901882195764,0.265609770265168,placeholder
bscan_controlled__P1__seed2026,bscan_controlled,P1,2026,D,internal_test,fpr,0.11407605070046697,,,placeholder
bscan_controlled__P1__seed2026,bscan_controlled,P1,2026,D,internal_test,fnr,0.45296864576384255,,,placeholder
bscan_controlled__P1__seed2026,bscan_controlled,P1,2026,D,internal_test,tp,820.0,,,placeholder
bscan_controlled__P1__seed2026,bscan_controlled,P1,2026,D,internal_test,tn,1328.0,,,placeholder
bscan_controlled__P1__seed2026,bscan_controlled,P1,2026,D,internal_test,fp,171.0,,,placeholder
bscan_controlled__P1__seed2026,bscan_controlled,P1,2026,D,internal_test,fn,679.0,,,placeholder
bscan_controlled__P1__seed2026,bscan_controlled,P1,2026,D,internal_test,brier,0.1918363616074367,,,placeholder
bscan_controlled__P1__seed2026,bscan_controlled,P1,2026,D,internal_test,ece,0.1260468653774077,,,placeholder
bscan_controlled__P1__seed2026,bscan_controlled,P1,2026,D,internal_test,n_clusters,1494.0,,,placeholder
bscan_controlled__P1__seed2026,bscan_controlled,P1,2026,D,external_BF-MOZ,n,5594.0,,,placeholder
bscan_controlled__P1__seed2026,bscan_controlled,P1,2026,D,external_BF-MOZ,n_spoof,2797.0,,,placeholder
bscan_controlled__P1__seed2026,bscan_controlled,P1,2026,D,external_BF-MOZ,n_bonafide,2797.0,,,placeholder
bscan_controlled__P1__seed2026,bscan_controlled,P1,2026,D,external_BF-MOZ,threshold,1.1927329003742342,,,placeholder
bscan_controlled__P1__seed2026,bscan_controlled,P1,2026,D,external_BF-MOZ,accuracy,0.6129781909188416,0.6026054701465856,0.6217554522702896,placeholder
bscan_controlled__P1__seed2026,bscan_controlled,P1,2026,D,external_BF-MOZ,balanced_accuracy,0.6129781909188416,,,placeholder
bscan_controlled__P1__seed2026,bscan_controlled,P1,2026,D,external_BF-MOZ,precision_spoof,0.746875,,,placeholder
bscan_controlled__P1__seed2026,bscan_controlled,P1,2026,D,external_BF-MOZ,recall_spoof_sensitivity,0.34179478012155884,,,placeholder
bscan_controlled__P1__seed2026,bscan_controlled,P1,2026,D,external_BF-MOZ,specificity_bonafide_recall,0.8841616017161245,,,placeholder
bscan_controlled__P1__seed2026,bscan_controlled,P1,2026,D,external_BF-MOZ,f1_spoof,0.46897228354182,,,placeholder
bscan_controlled__P1__seed2026,bscan_controlled,P1,2026,D,external_BF-MOZ,f1_macro,0.5822572006937057,0.5691788588132171,0.5934789301171748,placeholder
bscan_controlled__P1__seed2026,bscan_controlled,P1,2026,D,external_BF-MOZ,auc,0.7087380638814584,0.6951598314706919,0.7229662118192164,placeholder
bscan_controlled__P1__seed2026,bscan_controlled,P1,2026,D,external_BF-MOZ,eer,0.3439399356453343,0.33105112620665,0.3564622810153736,placeholder
bscan_controlled__P1__seed2026,bscan_controlled,P1,2026,D,external_BF-MOZ,fpr,0.11583839828387558,,,placeholder
bscan_controlled__P1__seed2026,bscan_controlled,P1,2026,D,external_BF-MOZ,fnr,0.6582052198784412,,,placeholder
bscan_controlled__P1__seed2026,bscan_controlled,P1,2026,D,external_BF-MOZ,tp,956.0,,,placeholder
bscan_controlled__P1__seed2026,bscan_controlled,P1,2026,D,external_BF-MOZ,tn,2473.0,,,placeholder
bscan_controlled__P1__seed2026,bscan_controlled,P1,2026,D,external_BF-MOZ,fp,324.0,,,placeholder
bscan_controlled__P1__seed2026,bscan_controlled,P1,2026,D,external_BF-MOZ,fn,1841.0,,,placeholder
bscan_controlled__P1__seed2026,bscan_controlled,P1,2026,D,external_BF-MOZ,brier,0.22530388542884872,,,placeholder
bscan_controlled__P1__seed2026,bscan_controlled,P1,2026,D,external_BF-MOZ,ece,0.08564618776577573,,,placeholder
bscan_controlled__P1__seed2026,bscan_controlled,P1,2026,D,external_BF-MOZ,n_clusters,2797.0,,,placeholder
bscan_controlled__P1__seed2026,bscan_controlled,P1,2026,D,external_MEN,n,4500.0,,,placeholder
bscan_controlled__P1__seed2026,bscan_controlled,P1,2026,D,external_MEN,n_spoof,2250.0,,,placeholder
bscan_controlled__P1__seed2026,bscan_controlled,P1,2026,D,external_MEN,n_bonafide,2250.0,,,placeholder
bscan_controlled__P1__seed2026,bscan_controlled,P1,2026,D,external_MEN,threshold,1.1927329003742342,,,placeholder
bscan_controlled__P1__seed2026,bscan_controlled,P1,2026,D,external_MEN,accuracy,0.8375555555555556,0.8264333333333334,0.8477833333333333,placeholder
bscan_controlled__P1__seed2026,bscan_controlled,P1,2026,D,external_MEN,balanced_accuracy,0.8375555555555556,,,placeholder
bscan_controlled__P1__seed2026,bscan_controlled,P1,2026,D,external_MEN,precision_spoof,0.8670855485741904,,,placeholder
bscan_controlled__P1__seed2026,bscan_controlled,P1,2026,D,external_MEN,recall_spoof_sensitivity,0.7973333333333333,,,placeholder
bscan_controlled__P1__seed2026,bscan_controlled,P1,2026,D,external_MEN,specificity_bonafide_recall,0.8777777777777778,,,placeholder
bscan_controlled__P1__seed2026,bscan_controlled,P1,2026,D,external_MEN,f1_spoof,0.8307478583005324,,,placeholder
bscan_controlled__P1__seed2026,bscan_controlled,P1,2026,D,external_MEN,f1_macro,0.8372923226559275,0.8259223996681174,0.8475309753597423,placeholder
bscan_controlled__P1__seed2026,bscan_controlled,P1,2026,D,external_MEN,auc,0.9189295802469137,0.9111911703703705,0.9254130172839506,placeholder
bscan_controlled__P1__seed2026,bscan_controlled,P1,2026,D,external_MEN,eer,0.15777777777777777,0.14576666666666668,0.16888888888888887,placeholder
bscan_controlled__P1__seed2026,bscan_controlled,P1,2026,D,external_MEN,fpr,0.12222222222222222,,,placeholder
bscan_controlled__P1__seed2026,bscan_controlled,P1,2026,D,external_MEN,fnr,0.20266666666666666,,,placeholder
bscan_controlled__P1__seed2026,bscan_controlled,P1,2026,D,external_MEN,tp,1794.0,,,placeholder
bscan_controlled__P1__seed2026,bscan_controlled,P1,2026,D,external_MEN,tn,1975.0,,,placeholder
bscan_controlled__P1__seed2026,bscan_controlled,P1,2026,D,external_MEN,fp,275.0,,,placeholder
bscan_controlled__P1__seed2026,bscan_controlled,P1,2026,D,external_MEN,fn,456.0,,,placeholder
bscan_controlled__P1__seed2026,bscan_controlled,P1,2026,D,external_MEN,brier,0.16948314732262795,,,placeholder
bscan_controlled__P1__seed2026,bscan_controlled,P1,2026,D,external_MEN,ece,0.18744065225062706,,,placeholder
bscan_controlled__P1__seed2026,bscan_controlled,P1,2026,D,external_MEN,n_clusters,75.0,,,placeholder
bscan_controlled__P1__seed2026,bscan_controlled,P1,2026,D,external_BF-NEWS,n,1000.0,,,placeholder
bscan_controlled__P1__seed2026,bscan_controlled,P1,2026,D,external_BF-NEWS,n_spoof,0.0,,,placeholder
bscan_controlled__P1__seed2026,bscan_controlled,P1,2026,D,external_BF-NEWS,n_bonafide,1000.0,,,placeholder
bscan_controlled__P1__seed2026,bscan_controlled,P1,2026,D,external_BF-NEWS,threshold,1.1927329003742342,,,placeholder
bscan_controlled__P1__seed2026,bscan_controlled,P1,2026,D,external_BF-NEWS,accuracy,0.875,,,placeholder
bscan_controlled__P1__seed2026,bscan_controlled,P1,2026,D,external_BF-NEWS,balanced_accuracy,,,,placeholder
bscan_controlled__P1__seed2026,bscan_controlled,P1,2026,D,external_BF-NEWS,precision_spoof,0.0,,,placeholder
bscan_controlled__P1__seed2026,bscan_controlled,P1,2026,D,external_BF-NEWS,recall_spoof_sensitivity,,,,placeholder
bscan_controlled__P1__seed2026,bscan_controlled,P1,2026,D,external_BF-NEWS,specificity_bonafide_recall,0.875,,,placeholder
bscan_controlled__P1__seed2026,bscan_controlled,P1,2026,D,external_BF-NEWS,f1_spoof,,,,placeholder
bscan_controlled__P1__seed2026,bscan_controlled,P1,2026,D,external_BF-NEWS,f1_macro,,,,placeholder
bscan_controlled__P1__seed2026,bscan_controlled,P1,2026,D,external_BF-NEWS,auc,,,,placeholder
bscan_controlled__P1__seed2026,bscan_controlled,P1,2026,D,external_BF-NEWS,eer,,,,placeholder
bscan_controlled__P1__seed2026,bscan_controlled,P1,2026,D,external_BF-NEWS,fpr,0.125,,,placeholder
bscan_controlled__P1__seed2026,bscan_controlled,P1,2026,D,external_BF-NEWS,fnr,,,,placeholder
bscan_controlled__P1__seed2026,bscan_controlled,P1,2026,D,external_BF-NEWS,tp,0.0,,,placeholder
bscan_controlled__P1__seed2026,bscan_controlled,P1,2026,D,external_BF-NEWS,tn,875.0,,,placeholder
bscan_controlled__P1__seed2026,bscan_controlled,P1,2026,D,external_BF-NEWS,fp,125.0,,,placeholder
bscan_controlled__P1__seed2026,bscan_controlled,P1,2026,D,external_BF-NEWS,fn,0.0,,,placeholder
bscan_controlled__P1__seed2026,bscan_controlled,P1,2026,D,external_BF-NEWS,frac_pred_spoof,0.125,0.1061061061061061,0.14786325898550345,placeholder
bscan_controlled__P1__seed2026,bscan_controlled,P1,2026,D,external_BF-NEWS,n_clusters,997.0,,,placeholder
mel_only__P1__seed123,mel_only,P1,123,D,validation,n,2998.0,,,placeholder
mel_only__P1__seed123,mel_only,P1,123,D,validation,n_spoof,1499.0,,,placeholder
mel_only__P1__seed123,mel_only,P1,123,D,validation,n_bonafide,1499.0,,,placeholder
mel_only__P1__seed123,mel_only,P1,123,D,validation,threshold,0.7657115685768404,,,placeholder
mel_only__P1__seed123,mel_only,P1,123,D,validation,accuracy,0.7838559039359573,0.7684632748725666,0.7978414090205996,placeholder
mel_only__P1__seed123,mel_only,P1,123,D,validation,balanced_accuracy,0.7838559039359573,,,placeholder
mel_only__P1__seed123,mel_only,P1,123,D,validation,precision_spoof,0.7838559039359573,,,placeholder
mel_only__P1__seed123,mel_only,P1,123,D,validation,recall_spoof_sensitivity,0.7838559039359573,,,placeholder
mel_only__P1__seed123,mel_only,P1,123,D,validation,specificity_bonafide_recall,0.7838559039359573,,,placeholder
mel_only__P1__seed123,mel_only,P1,123,D,validation,f1_spoof,0.7838559039359572,,,placeholder
mel_only__P1__seed123,mel_only,P1,123,D,validation,f1_macro,0.7838559039359572,0.7684420990119774,0.7978229422649882,placeholder
mel_only__P1__seed123,mel_only,P1,123,D,validation,auc,0.8680565785239971,0.8545077897367307,0.8805453361514005,placeholder
mel_only__P1__seed123,mel_only,P1,123,D,validation,eer,0.21614409606404272,0.20160213618157544,0.23118692497196663,placeholder
mel_only__P1__seed123,mel_only,P1,123,D,validation,fpr,0.2161440960640427,,,placeholder
mel_only__P1__seed123,mel_only,P1,123,D,validation,fnr,0.2161440960640427,,,placeholder
mel_only__P1__seed123,mel_only,P1,123,D,validation,tp,1175.0,,,placeholder
mel_only__P1__seed123,mel_only,P1,123,D,validation,tn,1175.0,,,placeholder
mel_only__P1__seed123,mel_only,P1,123,D,validation,fp,324.0,,,placeholder
mel_only__P1__seed123,mel_only,P1,123,D,validation,fn,324.0,,,placeholder
mel_only__P1__seed123,mel_only,P1,123,D,validation,brier,0.177727224243909,,,placeholder
mel_only__P1__seed123,mel_only,P1,123,D,validation,ece,0.14261843325895487,,,placeholder
mel_only__P1__seed123,mel_only,P1,123,D,validation,n_clusters,1495.0,,,placeholder
mel_only__P1__seed123,mel_only,P1,123,D,internal_test,n,2998.0,,,placeholder
mel_only__P1__seed123,mel_only,P1,123,D,internal_test,n_spoof,1499.0,,,placeholder
mel_only__P1__seed123,mel_only,P1,123,D,internal_test,n_bonafide,1499.0,,,placeholder
mel_only__P1__seed123,mel_only,P1,123,D,internal_test,threshold,0.7657115685768404,,,placeholder
mel_only__P1__seed123,mel_only,P1,123,D,internal_test,accuracy,0.6957971981320881,0.6805416629394699,0.7132496355753113,placeholder
mel_only__P1__seed123,mel_only,P1,123,D,internal_test,balanced_accuracy,0.6957971981320881,,,placeholder
mel_only__P1__seed123,mel_only,P1,123,D,internal_test,precision_spoof,0.7266409266409266,,,placeholder
mel_only__P1__seed123,mel_only,P1,123,D,internal_test,recall_spoof_sensitivity,0.627751834556371,,,placeholder
mel_only__P1__seed123,mel_only,P1,123,D,internal_test,specificity_bonafide_recall,0.7638425617078052,,,placeholder
mel_only__P1__seed123,mel_only,P1,123,D,internal_test,f1_spoof,0.6735862562634217,,,placeholder
mel_only__P1__seed123,mel_only,P1,123,D,internal_test,f1_macro,0.6943821350024167,0.6787090869141604,0.7118006695384145,placeholder
mel_only__P1__seed123,mel_only,P1,123,D,internal_test,auc,0.7769733969855822,0.76211619721554,0.7934811919808846,placeholder
mel_only__P1__seed123,mel_only,P1,123,D,internal_test,eer,0.3028685790527018,0.2883726286574038,0.31643247145927195,placeholder
mel_only__P1__seed123,mel_only,P1,123,D,internal_test,fpr,0.2361574382921948,,,placeholder
mel_only__P1__seed123,mel_only,P1,123,D,internal_test,fnr,0.3722481654436291,,,placeholder
mel_only__P1__seed123,mel_only,P1,123,D,internal_test,tp,941.0,,,placeholder
mel_only__P1__seed123,mel_only,P1,123,D,internal_test,tn,1145.0,,,placeholder
mel_only__P1__seed123,mel_only,P1,123,D,internal_test,fp,354.0,,,placeholder
mel_only__P1__seed123,mel_only,P1,123,D,internal_test,fn,558.0,,,placeholder
mel_only__P1__seed123,mel_only,P1,123,D,internal_test,brier,0.20552592115197924,,,placeholder
mel_only__P1__seed123,mel_only,P1,123,D,internal_test,ece,0.11119327796063443,,,placeholder
mel_only__P1__seed123,mel_only,P1,123,D,internal_test,n_clusters,1494.0,,,placeholder
mel_only__P1__seed123,mel_only,P1,123,D,external_BF-MOZ,n,5594.0,,,placeholder
mel_only__P1__seed123,mel_only,P1,123,D,external_BF-MOZ,n_spoof,2797.0,,,placeholder
mel_only__P1__seed123,mel_only,P1,123,D,external_BF-MOZ,n_bonafide,2797.0,,,placeholder
mel_only__P1__seed123,mel_only,P1,123,D,external_BF-MOZ,threshold,0.7657115685768404,,,placeholder
mel_only__P1__seed123,mel_only,P1,123,D,external_BF-MOZ,accuracy,0.7840543439399357,0.7722559885591705,0.7944270647121916,placeholder
mel_only__P1__seed123,mel_only,P1,123,D,external_BF-MOZ,balanced_accuracy,0.7840543439399357,,,placeholder
mel_only__P1__seed123,mel_only,P1,123,D,external_BF-MOZ,precision_spoof,0.785278276481149,,,placeholder
mel_only__P1__seed123,mel_only,P1,123,D,external_BF-MOZ,recall_spoof_sensitivity,0.7819091884161602,,,placeholder
mel_only__P1__seed123,mel_only,P1,123,D,external_BF-MOZ,specificity_bonafide_recall,0.7861994994637111,,,placeholder
mel_only__P1__seed123,mel_only,P1,123,D,external_BF-MOZ,f1_spoof,0.7835901110713006,,,placeholder
mel_only__P1__seed123,mel_only,P1,123,D,external_BF-MOZ,f1_macro,0.7840533502199172,0.7722531754877586,0.7944115245937213,placeholder
mel_only__P1__seed123,mel_only,P1,123,D,external_BF-MOZ,auc,0.8613018008339033,0.8510584403407859,0.8715380095303601,placeholder
mel_only__P1__seed123,mel_only,P1,123,D,external_BF-MOZ,eer,0.21594565606006433,0.2055595280657848,0.2288165892027172,placeholder
mel_only__P1__seed123,mel_only,P1,123,D,external_BF-MOZ,fpr,0.21380050053628888,,,placeholder
mel_only__P1__seed123,mel_only,P1,123,D,external_BF-MOZ,fnr,0.21809081158383983,,,placeholder
mel_only__P1__seed123,mel_only,P1,123,D,external_BF-MOZ,tp,2187.0,,,placeholder
mel_only__P1__seed123,mel_only,P1,123,D,external_BF-MOZ,tn,2199.0,,,placeholder
mel_only__P1__seed123,mel_only,P1,123,D,external_BF-MOZ,fp,598.0,,,placeholder
mel_only__P1__seed123,mel_only,P1,123,D,external_BF-MOZ,fn,610.0,,,placeholder
mel_only__P1__seed123,mel_only,P1,123,D,external_BF-MOZ,brier,0.18014803722235279,,,placeholder
mel_only__P1__seed123,mel_only,P1,123,D,external_BF-MOZ,ece,0.14042003170785783,,,placeholder
mel_only__P1__seed123,mel_only,P1,123,D,external_BF-MOZ,n_clusters,2797.0,,,placeholder
mel_only__P1__seed123,mel_only,P1,123,D,external_MEN,n,4500.0,,,placeholder
mel_only__P1__seed123,mel_only,P1,123,D,external_MEN,n_spoof,2250.0,,,placeholder
mel_only__P1__seed123,mel_only,P1,123,D,external_MEN,n_bonafide,2250.0,,,placeholder
mel_only__P1__seed123,mel_only,P1,123,D,external_MEN,threshold,0.7657115685768404,,,placeholder
mel_only__P1__seed123,mel_only,P1,123,D,external_MEN,accuracy,0.5715555555555556,0.5602166666666666,0.5844833333333334,placeholder
mel_only__P1__seed123,mel_only,P1,123,D,external_MEN,balanced_accuracy,0.5715555555555556,,,placeholder
mel_only__P1__seed123,mel_only,P1,123,D,external_MEN,precision_spoof,0.6246130030959752,,,placeholder
mel_only__P1__seed123,mel_only,P1,123,D,external_MEN,recall_spoof_sensitivity,0.3586666666666667,,,placeholder
mel_only__P1__seed123,mel_only,P1,123,D,external_MEN,specificity_bonafide_recall,0.7844444444444445,,,placeholder
mel_only__P1__seed123,mel_only,P1,123,D,external_MEN,f1_spoof,0.45567476002258617,,,placeholder
mel_only__P1__seed123,mel_only,P1,123,D,external_MEN,f1_macro,0.5512159069442356,0.5391064044409778,0.5667536943611183,placeholder
mel_only__P1__seed123,mel_only,P1,123,D,external_MEN,auc,0.6115832098765432,0.5973589234567901,0.6256369037037037,placeholder
mel_only__P1__seed123,mel_only,P1,123,D,external_MEN,eer,0.4231111111111111,0.40842222222222224,0.4351333333333333,placeholder
mel_only__P1__seed123,mel_only,P1,123,D,external_MEN,fpr,0.21555555555555556,,,placeholder
mel_only__P1__seed123,mel_only,P1,123,D,external_MEN,fnr,0.6413333333333333,,,placeholder
mel_only__P1__seed123,mel_only,P1,123,D,external_MEN,tp,807.0,,,placeholder
mel_only__P1__seed123,mel_only,P1,123,D,external_MEN,tn,1765.0,,,placeholder
mel_only__P1__seed123,mel_only,P1,123,D,external_MEN,fp,485.0,,,placeholder
mel_only__P1__seed123,mel_only,P1,123,D,external_MEN,fn,1443.0,,,placeholder
mel_only__P1__seed123,mel_only,P1,123,D,external_MEN,brier,0.2548661805061922,,,placeholder
mel_only__P1__seed123,mel_only,P1,123,D,external_MEN,ece,0.1041788884543476,,,placeholder
mel_only__P1__seed123,mel_only,P1,123,D,external_MEN,n_clusters,75.0,,,placeholder
mel_only__P1__seed123,mel_only,P1,123,D,external_BF-NEWS,n,1000.0,,,placeholder
mel_only__P1__seed123,mel_only,P1,123,D,external_BF-NEWS,n_spoof,0.0,,,placeholder
mel_only__P1__seed123,mel_only,P1,123,D,external_BF-NEWS,n_bonafide,1000.0,,,placeholder
mel_only__P1__seed123,mel_only,P1,123,D,external_BF-NEWS,threshold,0.7657115685768404,,,placeholder
mel_only__P1__seed123,mel_only,P1,123,D,external_BF-NEWS,accuracy,0.787,,,placeholder
mel_only__P1__seed123,mel_only,P1,123,D,external_BF-NEWS,balanced_accuracy,,,,placeholder
mel_only__P1__seed123,mel_only,P1,123,D,external_BF-NEWS,precision_spoof,0.0,,,placeholder
mel_only__P1__seed123,mel_only,P1,123,D,external_BF-NEWS,recall_spoof_sensitivity,,,,placeholder
mel_only__P1__seed123,mel_only,P1,123,D,external_BF-NEWS,specificity_bonafide_recall,0.787,,,placeholder
mel_only__P1__seed123,mel_only,P1,123,D,external_BF-NEWS,f1_spoof,,,,placeholder
mel_only__P1__seed123,mel_only,P1,123,D,external_BF-NEWS,f1_macro,,,,placeholder
mel_only__P1__seed123,mel_only,P1,123,D,external_BF-NEWS,auc,,,,placeholder
mel_only__P1__seed123,mel_only,P1,123,D,external_BF-NEWS,eer,,,,placeholder
mel_only__P1__seed123,mel_only,P1,123,D,external_BF-NEWS,fpr,0.213,,,placeholder
mel_only__P1__seed123,mel_only,P1,123,D,external_BF-NEWS,fnr,,,,placeholder
mel_only__P1__seed123,mel_only,P1,123,D,external_BF-NEWS,tp,0.0,,,placeholder
mel_only__P1__seed123,mel_only,P1,123,D,external_BF-NEWS,tn,787.0,,,placeholder
mel_only__P1__seed123,mel_only,P1,123,D,external_BF-NEWS,fp,213.0,,,placeholder
mel_only__P1__seed123,mel_only,P1,123,D,external_BF-NEWS,fn,0.0,,,placeholder
mel_only__P1__seed123,mel_only,P1,123,D,external_BF-NEWS,frac_pred_spoof,0.213,0.18717783717783718,0.23680011180011182,placeholder
mel_only__P1__seed123,mel_only,P1,123,D,external_BF-NEWS,n_clusters,997.0,,,placeholder
mel_only__P1__seed2026,mel_only,P1,2026,D,validation,n,2998.0,,,placeholder
mel_only__P1__seed2026,mel_only,P1,2026,D,validation,n_spoof,1499.0,,,placeholder
mel_only__P1__seed2026,mel_only,P1,2026,D,validation,n_bonafide,1499.0,,,placeholder
mel_only__P1__seed2026,mel_only,P1,2026,D,validation,threshold,0.3988485091151244,,,placeholder
mel_only__P1__seed2026,mel_only,P1,2026,D,validation,accuracy,0.6467645096731154,0.6327468312208139,0.6624663895531683,placeholder
mel_only__P1__seed2026,mel_only,P1,2026,D,validation,balanced_accuracy,0.6467645096731154,,,placeholder
mel_only__P1__seed2026,mel_only,P1,2026,D,validation,precision_spoof,0.6468624833110814,,,placeholder
mel_only__P1__seed2026,mel_only,P1,2026,D,validation,recall_spoof_sensitivity,0.6464309539693128,,,placeholder
mel_only__P1__seed2026,mel_only,P1,2026,D,validation,specificity_bonafide_recall,0.6470980653769179,,,placeholder
mel_only__P1__seed2026,mel_only,P1,2026,D,validation,f1_spoof,0.6466466466466466,,,placeholder
mel_only__P1__seed2026,mel_only,P1,2026,D,validation,f1_macro,0.6467644703723396,0.6327420066735688,0.6624657999193425,placeholder
mel_only__P1__seed2026,mel_only,P1,2026,D,validation,auc,0.7096383134675953,0.6937037892044938,0.7256894953932517,placeholder
mel_only__P1__seed2026,mel_only,P1,2026,D,validation,eer,0.3535690460306872,0.33799828935946763,0.3680017368069472,placeholder
mel_only__P1__seed2026,mel_only,P1,2026,D,validation,fpr,0.35290193462308206,,,placeholder
mel_only__P1__seed2026,mel_only,P1,2026,D,validation,fnr,0.3535690460306871,,,placeholder
mel_only__P1__seed2026,mel_only,P1,2026,D,validation,tp,969.0,,,placeholder
mel_only__P1__seed2026,mel_only,P1,2026,D,validation,tn,970.0,,,placeholder
mel_only__P1__seed2026,mel_only,P1,2026,D,validation,fp,529.0,,,placeholder
mel_only__P1__seed2026,mel_only,P1,2026,D,validation,fn,530.0,,,placeholder
mel_only__P1__seed2026,mel_only,P1,2026,D,validation,brier,0.22507760995275042,,,placeholder
mel_only__P1__seed2026,mel_only,P1,2026,D,validation,ece,0.08836844931698598,,,placeholder
mel_only__P1__seed2026,mel_only,P1,2026,D,validation,n_clusters,1495.0,,,placeholder
mel_only__P1__seed2026,mel_only,P1,2026,D,internal_test,n,2998.0,,,placeholder
mel_only__P1__seed2026,mel_only,P1,2026,D,internal_test,n_spoof,1499.0,,,placeholder
mel_only__P1__seed2026,mel_only,P1,2026,D,internal_test,n_bonafide,1499.0,,,placeholder
mel_only__P1__seed2026,mel_only,P1,2026,D,internal_test,threshold,0.3988485091151244,,,placeholder
mel_only__P1__seed2026,mel_only,P1,2026,D,internal_test,accuracy,0.6054036024016011,0.5914469292389853,0.6227446740581646,placeholder
mel_only__P1__seed2026,mel_only,P1,2026,D,internal_test,balanced_accuracy,0.6054036024016011,,,placeholder
mel_only__P1__seed2026,mel_only,P1,2026,D,internal_test,precision_spoof,0.6154970760233918,,,placeholder
mel_only__P1__seed2026,mel_only,P1,2026,D,internal_test,recall_spoof_sensitivity,0.561707805203469,,,placeholder
mel_only__P1__seed2026,mel_only,P1,2026,D,internal_test,specificity_bonafide_recall,0.6490993995997332,,,placeholder
mel_only__P1__seed2026,mel_only,P1,2026,D,internal_test,f1_spoof,0.5873735612138123,,,placeholder
mel_only__P1__seed2026,mel_only,P1,2026,D,internal_test,f1_macro,0.6046487492869956,0.5899934062790672,0.6218181893508389,placeholder
mel_only__P1__seed2026,mel_only,P1,2026,D,internal_test,auc,0.6605034888725017,0.6436725266337286,0.677336038984005,placeholder
mel_only__P1__seed2026,mel_only,P1,2026,D,internal_test,eer,0.38559039359573044,0.37005061524919,0.4018791343761885,placeholder
mel_only__P1__seed2026,mel_only,P1,2026,D,internal_test,fpr,0.3509006004002668,,,placeholder
mel_only__P1__seed2026,mel_only,P1,2026,D,internal_test,fnr,0.43829219479653103,,,placeholder
mel_only__P1__seed2026,mel_only,P1,2026,D,internal_test,tp,842.0,,,placeholder
mel_only__P1__seed2026,mel_only,P1,2026,D,internal_test,tn,973.0,,,placeholder
mel_only__P1__seed2026,mel_only,P1,2026,D,internal_test,fp,526.0,,,placeholder
mel_only__P1__seed2026,mel_only,P1,2026,D,internal_test,fn,657.0,,,placeholder
mel_only__P1__seed2026,mel_only,P1,2026,D,internal_test,brier,0.2387099616291261,,,placeholder
mel_only__P1__seed2026,mel_only,P1,2026,D,internal_test,ece,0.08049830489734666,,,placeholder
mel_only__P1__seed2026,mel_only,P1,2026,D,internal_test,n_clusters,1494.0,,,placeholder
mel_only__P1__seed2026,mel_only,P1,2026,D,external_BF-MOZ,n,5594.0,,,placeholder
mel_only__P1__seed2026,mel_only,P1,2026,D,external_BF-MOZ,n_spoof,2797.0,,,placeholder
mel_only__P1__seed2026,mel_only,P1,2026,D,external_BF-MOZ,n_bonafide,2797.0,,,placeholder
mel_only__P1__seed2026,mel_only,P1,2026,D,external_BF-MOZ,threshold,0.3988485091151244,,,placeholder
mel_only__P1__seed2026,mel_only,P1,2026,D,external_BF-MOZ,accuracy,0.638362531283518,0.6253083661065427,0.6512424025741866,placeholder
mel_only__P1__seed2026,mel_only,P1,2026,D,external_BF-MOZ,balanced_accuracy,0.638362531283518,,,placeholder
mel_only__P1__seed2026,mel_only,P1,2026,D,external_BF-MOZ,precision_spoof,0.6431213017751479,,,placeholder
mel_only__P1__seed2026,mel_only,P1,2026,D,external_BF-MOZ,recall_spoof_sensitivity,0.6217375759742582,,,placeholder
mel_only__P1__seed2026,mel_only,P1,2026,D,external_BF-MOZ,specificity_bonafide_recall,0.654987486592778,,,placeholder
mel_only__P1__seed2026,mel_only,P1,2026,D,external_BF-MOZ,f1_spoof,0.6322486820578077,,,placeholder
mel_only__P1__seed2026,mel_only,P1,2026,D,external_BF-MOZ,f1_macro,0.6382625509814271,0.6251864569399805,0.6509784025065742,placeholder
mel_only__P1__seed2026,mel_only,P1,2026,D,external_BF-MOZ,auc,0.6941638654930476,0.6801965056794469,0.707596157152391,placeholder
mel_only__P1__seed2026,mel_only,P1,2026,D,external_BF-MOZ,eer,0.3607436539149088,0.3481944941008223,0.37255094744368966,placeholder
mel_only__P1__seed2026,mel_only,P1,2026,D,external_BF-MOZ,fpr,0.345012513407222,,,placeholder
mel_only__P1__seed2026,mel_only,P1,2026,D,external_BF-MOZ,fnr,0.37826242402574184,,,placeholder
mel_only__P1__seed2026,mel_only,P1,2026,D,external_BF-MOZ,tp,1739.0,,,placeholder
mel_only__P1__seed2026,mel_only,P1,2026,D,external_BF-MOZ,tn,1832.0,,,placeholder
mel_only__P1__seed2026,mel_only,P1,2026,D,external_BF-MOZ,fp,965.0,,,placeholder
mel_only__P1__seed2026,mel_only,P1,2026,D,external_BF-MOZ,fn,1058.0,,,placeholder
mel_only__P1__seed2026,mel_only,P1,2026,D,external_BF-MOZ,brier,0.22776427190395868,,,placeholder
mel_only__P1__seed2026,mel_only,P1,2026,D,external_BF-MOZ,ece,0.07018241003990572,,,placeholder
mel_only__P1__seed2026,mel_only,P1,2026,D,external_BF-MOZ,n_clusters,2797.0,,,placeholder
mel_only__P1__seed2026,mel_only,P1,2026,D,external_MEN,n,4500.0,,,placeholder
mel_only__P1__seed2026,mel_only,P1,2026,D,external_MEN,n_spoof,2250.0,,,placeholder
mel_only__P1__seed2026,mel_only,P1,2026,D,external_MEN,n_bonafide,2250.0,,,placeholder
mel_only__P1__seed2026,mel_only,P1,2026,D,external_MEN,threshold,0.3988485091151244,,,placeholder
mel_only__P1__seed2026,mel_only,P1,2026,D,external_MEN,accuracy,0.5993333333333334,0.5846555555555556,0.6124555555555555,placeholder
mel_only__P1__seed2026,mel_only,P1,2026,D,external_MEN,balanced_accuracy,0.5993333333333333,,,placeholder
mel_only__P1__seed2026,mel_only,P1,2026,D,external_MEN,precision_spoof,0.6155038759689923,,,placeholder
mel_only__P1__seed2026,mel_only,P1,2026,D,external_MEN,recall_spoof_sensitivity,0.5293333333333333,,,placeholder
mel_only__P1__seed2026,mel_only,P1,2026,D,external_MEN,specificity_bonafide_recall,0.6693333333333333,,,placeholder
mel_only__P1__seed2026,mel_only,P1,2026,D,external_MEN,f1_spoof,0.5691756272401434,,,placeholder
mel_only__P1__seed2026,mel_only,P1,2026,D,external_MEN,f1_macro,0.5973603992898536,0.582392655190649,0.6108722221459333,placeholder
mel_only__P1__seed2026,mel_only,P1,2026,D,external_MEN,auc,0.6358646913580247,0.6201581679012346,0.6495720691358025,placeholder
mel_only__P1__seed2026,mel_only,P1,2026,D,external_MEN,eer,0.4013333333333333,0.3884333333333333,0.4169,placeholder
mel_only__P1__seed2026,mel_only,P1,2026,D,external_MEN,fpr,0.33066666666666666,,,placeholder
mel_only__P1__seed2026,mel_only,P1,2026,D,external_MEN,fnr,0.4706666666666667,,,placeholder
mel_only__P1__seed2026,mel_only,P1,2026,D,external_MEN,tp,1191.0,,,placeholder
mel_only__P1__seed2026,mel_only,P1,2026,D,external_MEN,tn,1506.0,,,placeholder
mel_only__P1__seed2026,mel_only,P1,2026,D,external_MEN,fp,744.0,,,placeholder
mel_only__P1__seed2026,mel_only,P1,2026,D,external_MEN,fn,1059.0,,,placeholder
mel_only__P1__seed2026,mel_only,P1,2026,D,external_MEN,brier,0.24641621009105802,,,placeholder
mel_only__P1__seed2026,mel_only,P1,2026,D,external_MEN,ece,0.08940368690622277,,,placeholder
mel_only__P1__seed2026,mel_only,P1,2026,D,external_MEN,n_clusters,75.0,,,placeholder
mel_only__P1__seed2026,mel_only,P1,2026,D,external_BF-NEWS,n,1000.0,,,placeholder
mel_only__P1__seed2026,mel_only,P1,2026,D,external_BF-NEWS,n_spoof,0.0,,,placeholder
mel_only__P1__seed2026,mel_only,P1,2026,D,external_BF-NEWS,n_bonafide,1000.0,,,placeholder
mel_only__P1__seed2026,mel_only,P1,2026,D,external_BF-NEWS,threshold,0.3988485091151244,,,placeholder
mel_only__P1__seed2026,mel_only,P1,2026,D,external_BF-NEWS,accuracy,0.634,,,placeholder
mel_only__P1__seed2026,mel_only,P1,2026,D,external_BF-NEWS,balanced_accuracy,,,,placeholder
mel_only__P1__seed2026,mel_only,P1,2026,D,external_BF-NEWS,precision_spoof,0.0,,,placeholder
mel_only__P1__seed2026,mel_only,P1,2026,D,external_BF-NEWS,recall_spoof_sensitivity,,,,placeholder
mel_only__P1__seed2026,mel_only,P1,2026,D,external_BF-NEWS,specificity_bonafide_recall,0.634,,,placeholder
mel_only__P1__seed2026,mel_only,P1,2026,D,external_BF-NEWS,f1_spoof,,,,placeholder
mel_only__P1__seed2026,mel_only,P1,2026,D,external_BF-NEWS,f1_macro,,,,placeholder
mel_only__P1__seed2026,mel_only,P1,2026,D,external_BF-NEWS,auc,,,,placeholder
mel_only__P1__seed2026,mel_only,P1,2026,D,external_BF-NEWS,eer,,,,placeholder
mel_only__P1__seed2026,mel_only,P1,2026,D,external_BF-NEWS,fpr,0.366,,,placeholder
mel_only__P1__seed2026,mel_only,P1,2026,D,external_BF-NEWS,fnr,,,,placeholder
mel_only__P1__seed2026,mel_only,P1,2026,D,external_BF-NEWS,tp,0.0,,,placeholder
mel_only__P1__seed2026,mel_only,P1,2026,D,external_BF-NEWS,tn,634.0,,,placeholder
mel_only__P1__seed2026,mel_only,P1,2026,D,external_BF-NEWS,fp,366.0,,,placeholder
mel_only__P1__seed2026,mel_only,P1,2026,D,external_BF-NEWS,fn,0.0,,,placeholder
mel_only__P1__seed2026,mel_only,P1,2026,D,external_BF-NEWS,frac_pred_spoof,0.366,0.3356643356643357,0.3914262458851637,placeholder
mel_only__P1__seed2026,mel_only,P1,2026,D,external_BF-NEWS,n_clusters,997.0,,,placeholder
lfcc_only__P1__seed123,lfcc_only,P1,123,D,validation,n,2998.0,,,placeholder
lfcc_only__P1__seed123,lfcc_only,P1,123,D,validation,n_spoof,1499.0,,,placeholder
lfcc_only__P1__seed123,lfcc_only,P1,123,D,validation,n_bonafide,1499.0,,,placeholder
lfcc_only__P1__seed123,lfcc_only,P1,123,D,validation,threshold,0.9995035857025587,,,placeholder
lfcc_only__P1__seed123,lfcc_only,P1,123,D,validation,accuracy,0.8438959306204136,0.8294356423261803,0.8569212808539026,placeholder
lfcc_only__P1__seed123,lfcc_only,P1,123,D,validation,balanced_accuracy,0.8438959306204136,,,placeholder
lfcc_only__P1__seed123,lfcc_only,P1,123,D,validation,precision_spoof,0.8438959306204136,,,placeholder
lfcc_only__P1__seed123,lfcc_only,P1,123,D,validation,recall_spoof_sensitivity,0.8438959306204136,,,placeholder
lfcc_only__P1__seed123,lfcc_only,P1,123,D,validation,specificity_bonafide_recall,0.8438959306204136,,,placeholder
lfcc_only__P1__seed123,lfcc_only,P1,123,D,validation,f1_spoof,0.8438959306204135,,,placeholder
lfcc_only__P1__seed123,lfcc_only,P1,123,D,validation,f1_macro,0.8438959306204135,0.8294327543548785,0.8569155339169569,placeholder
lfcc_only__P1__seed123,lfcc_only,P1,123,D,validation,auc,0.9235202832575509,0.9145334188352605,0.9328647081306002,placeholder
lfcc_only__P1__seed123,lfcc_only,P1,123,D,validation,eer,0.15610406937958643,0.1415220293724967,0.1703545274795251,placeholder
lfcc_only__P1__seed123,lfcc_only,P1,123,D,validation,fpr,0.1561040693795864,,,placeholder
lfcc_only__P1__seed123,lfcc_only,P1,123,D,validation,fnr,0.1561040693795864,,,placeholder
lfcc_only__P1__seed123,lfcc_only,P1,123,D,validation,tp,1265.0,,,placeholder
lfcc_only__P1__seed123,lfcc_only,P1,123,D,validation,tn,1265.0,,,placeholder
lfcc_only__P1__seed123,lfcc_only,P1,123,D,validation,fp,234.0,,,placeholder
lfcc_only__P1__seed123,lfcc_only,P1,123,D,validation,fn,234.0,,,placeholder
lfcc_only__P1__seed123,lfcc_only,P1,123,D,validation,brier,0.16620609573831005,,,placeholder
lfcc_only__P1__seed123,lfcc_only,P1,123,D,validation,ece,0.18769913711894365,,,placeholder
lfcc_only__P1__seed123,lfcc_only,P1,123,D,validation,n_clusters,1495.0,,,placeholder
lfcc_only__P1__seed123,lfcc_only,P1,123,D,internal_test,n,2998.0,,,placeholder
lfcc_only__P1__seed123,lfcc_only,P1,123,D,internal_test,n_spoof,1499.0,,,placeholder
lfcc_only__P1__seed123,lfcc_only,P1,123,D,internal_test,n_bonafide,1499.0,,,placeholder
lfcc_only__P1__seed123,lfcc_only,P1,123,D,internal_test,threshold,0.9995035857025587,,,placeholder
lfcc_only__P1__seed123,lfcc_only,P1,123,D,internal_test,accuracy,0.8792528352234823,0.8674882799539959,0.889116209006642,placeholder
lfcc_only__P1__seed123,lfcc_only,P1,123,D,internal_test,balanced_accuracy,0.8792528352234823,,,placeholder
lfcc_only__P1__seed123,lfcc_only,P1,123,D,internal_test,precision_spoof,0.853325046612803,,,placeholder
lfcc_only__P1__seed123,lfcc_only,P1,123,D,internal_test,recall_spoof_sensitivity,0.9159439626417611,,,placeholder
lfcc_only__P1__seed123,lfcc_only,P1,123,D,internal_test,specificity_bonafide_recall,0.8425617078052035,,,placeholder
lfcc_only__P1__seed123,lfcc_only,P1,123,D,internal_test,f1_spoof,0.8835263835263835,,,placeholder
lfcc_only__P1__seed123,lfcc_only,P1,123,D,internal_test,f1_macro,0.8790900615692859,0.8672980573419656,0.8889863352390452,placeholder
lfcc_only__P1__seed123,lfcc_only,P1,123,D,internal_test,auc,0.951085469031834,0.9440039967809085,0.9571521498746023,placeholder
lfcc_only__P1__seed123,lfcc_only,P1,123,D,internal_test,eer,0.11741160773849232,0.10784133258697487,0.12933549032688457,placeholder
lfcc_only__P1__seed123,lfcc_only,P1,123,D,internal_test,fpr,0.15743829219479652,,,placeholder
lfcc_only__P1__seed123,lfcc_only,P1,123,D,internal_test,fnr,0.08405603735823883,,,placeholder
lfcc_only__P1__seed123,lfcc_only,P1,123,D,internal_test,tp,1373.0,,,placeholder
lfcc_only__P1__seed123,lfcc_only,P1,123,D,internal_test,tn,1263.0,,,placeholder
lfcc_only__P1__seed123,lfcc_only,P1,123,D,internal_test,fp,236.0,,,placeholder
lfcc_only__P1__seed123,lfcc_only,P1,123,D,internal_test,fn,126.0,,,placeholder
lfcc_only__P1__seed123,lfcc_only,P1,123,D,internal_test,brier,0.16140353771160854,,,placeholder
lfcc_only__P1__seed123,lfcc_only,P1,123,D,internal_test,ece,0.2057024824430471,,,placeholder
lfcc_only__P1__seed123,lfcc_only,P1,123,D,internal_test,n_clusters,1494.0,,,placeholder
lfcc_only__P1__seed123,lfcc_only,P1,123,D,external_BF-MOZ,n,5594.0,,,placeholder
lfcc_only__P1__seed123,lfcc_only,P1,123,D,external_BF-MOZ,n_spoof,2797.0,,,placeholder
lfcc_only__P1__seed123,lfcc_only,P1,123,D,external_BF-MOZ,n_bonafide,2797.0,,,placeholder
lfcc_only__P1__seed123,lfcc_only,P1,123,D,external_BF-MOZ,threshold,0.9995035857025587,,,placeholder
lfcc_only__P1__seed123,lfcc_only,P1,123,D,external_BF-MOZ,accuracy,0.6213800500536288,0.6097559885591706,0.6306757239899893,placeholder
lfcc_only__P1__seed123,lfcc_only,P1,123,D,external_BF-MOZ,balanced_accuracy,0.6213800500536288,,,placeholder
lfcc_only__P1__seed123,lfcc_only,P1,123,D,external_BF-MOZ,precision_spoof,0.7136563876651982,,,placeholder
lfcc_only__P1__seed123,lfcc_only,P1,123,D,external_BF-MOZ,recall_spoof_sensitivity,0.4054343939935645,,,placeholder
lfcc_only__P1__seed123,lfcc_only,P1,123,D,external_BF-MOZ,specificity_bonafide_recall,0.8373257061136933,,,placeholder
lfcc_only__P1__seed123,lfcc_only,P1,123,D,external_BF-MOZ,f1_spoof,0.5170998632010944,,,placeholder
lfcc_only__P1__seed123,lfcc_only,P1,123,D,external_BF-MOZ,f1_macro,0.60286042851322,0.5904063376649632,0.6131013838750028,placeholder
lfcc_only__P1__seed123,lfcc_only,P1,123,D,external_BF-MOZ,auc,0.6965480533627569,0.680553897384053,0.707876480099151,placeholder
lfcc_only__P1__seed123,lfcc_only,P1,123,D,external_BF-MOZ,eer,0.3557382910260994,0.3450035752592063,0.3671969967822667,placeholder
lfcc_only__P1__seed123,lfcc_only,P1,123,D,external_BF-MOZ,fpr,0.16267429388630675,,,placeholder
lfcc_only__P1__seed123,lfcc_only,P1,123,D,external_BF-MOZ,fnr,0.5945656060064355,,,placeholder
lfcc_only__P1__seed123,lfcc_only,P1,123,D,external_BF-MOZ,tp,1134.0,,,placeholder
lfcc_only__P1__seed123,lfcc_only,P1,123,D,external_BF-MOZ,tn,2342.0,,,placeholder
lfcc_only__P1__seed123,lfcc_only,P1,123,D,external_BF-MOZ,fp,455.0,,,placeholder
lfcc_only__P1__seed123,lfcc_only,P1,123,D,external_BF-MOZ,fn,1663.0,,,placeholder
lfcc_only__P1__seed123,lfcc_only,P1,123,D,external_BF-MOZ,brier,0.22876699667802758,,,placeholder
lfcc_only__P1__seed123,lfcc_only,P1,123,D,external_BF-MOZ,ece,0.08479519594918127,,,placeholder
lfcc_only__P1__seed123,lfcc_only,P1,123,D,external_BF-MOZ,n_clusters,2797.0,,,placeholder
lfcc_only__P1__seed123,lfcc_only,P1,123,D,external_MEN,n,4500.0,,,placeholder
lfcc_only__P1__seed123,lfcc_only,P1,123,D,external_MEN,n_spoof,2250.0,,,placeholder
lfcc_only__P1__seed123,lfcc_only,P1,123,D,external_MEN,n_bonafide,2250.0,,,placeholder
lfcc_only__P1__seed123,lfcc_only,P1,123,D,external_MEN,threshold,0.9995035857025587,,,placeholder
lfcc_only__P1__seed123,lfcc_only,P1,123,D,external_MEN,accuracy,0.6093333333333333,0.5953222222222223,0.6233388888888889,placeholder
lfcc_only__P1__seed123,lfcc_only,P1,123,D,external_MEN,balanced_accuracy,0.6093333333333333,,,placeholder
lfcc_only__P1__seed123,lfcc_only,P1,123,D,external_MEN,precision_spoof,0.7016393442622951,,,placeholder
lfcc_only__P1__seed123,lfcc_only,P1,123,D,external_MEN,recall_spoof_sensitivity,0.3804444444444444,,,placeholder
lfcc_only__P1__seed123,lfcc_only,P1,123,D,external_MEN,specificity_bonafide_recall,0.8382222222222222,,,placeholder
lfcc_only__P1__seed123,lfcc_only,P1,123,D,external_MEN,f1_spoof,0.49337175792507204,,,placeholder
lfcc_only__P1__seed123,lfcc_only,P1,123,D,external_MEN,f1_macro,0.5877347035556644,0.5728836727991924,0.6041423280601056,placeholder
lfcc_only__P1__seed123,lfcc_only,P1,123,D,external_MEN,auc,0.6924106666666667,0.678996612345679,0.7062627308641974,placeholder
lfcc_only__P1__seed123,lfcc_only,P1,123,D,external_MEN,eer,0.36133333333333334,0.3488777777777778,0.37070000000000003,placeholder
lfcc_only__P1__seed123,lfcc_only,P1,123,D,external_MEN,fpr,0.16177777777777777,,,placeholder
lfcc_only__P1__seed123,lfcc_only,P1,123,D,external_MEN,fnr,0.6195555555555555,,,placeholder
lfcc_only__P1__seed123,lfcc_only,P1,123,D,external_MEN,tp,856.0,,,placeholder
lfcc_only__P1__seed123,lfcc_only,P1,123,D,external_MEN,tn,1886.0,,,placeholder
lfcc_only__P1__seed123,lfcc_only,P1,123,D,external_MEN,fp,364.0,,,placeholder
lfcc_only__P1__seed123,lfcc_only,P1,123,D,external_MEN,fn,1394.0,,,placeholder
lfcc_only__P1__seed123,lfcc_only,P1,123,D,external_MEN,brier,0.22898860100536825,,,placeholder
lfcc_only__P1__seed123,lfcc_only,P1,123,D,external_MEN,ece,0.0755297230307464,,,placeholder
lfcc_only__P1__seed123,lfcc_only,P1,123,D,external_MEN,n_clusters,75.0,,,placeholder
lfcc_only__P1__seed123,lfcc_only,P1,123,D,external_BF-NEWS,n,1000.0,,,placeholder
lfcc_only__P1__seed123,lfcc_only,P1,123,D,external_BF-NEWS,n_spoof,0.0,,,placeholder
lfcc_only__P1__seed123,lfcc_only,P1,123,D,external_BF-NEWS,n_bonafide,1000.0,,,placeholder
lfcc_only__P1__seed123,lfcc_only,P1,123,D,external_BF-NEWS,threshold,0.9995035857025587,,,placeholder
lfcc_only__P1__seed123,lfcc_only,P1,123,D,external_BF-NEWS,accuracy,0.841,,,placeholder
lfcc_only__P1__seed123,lfcc_only,P1,123,D,external_BF-NEWS,balanced_accuracy,,,,placeholder
lfcc_only__P1__seed123,lfcc_only,P1,123,D,external_BF-NEWS,precision_spoof,0.0,,,placeholder
lfcc_only__P1__seed123,lfcc_only,P1,123,D,external_BF-NEWS,recall_spoof_sensitivity,,,,placeholder
lfcc_only__P1__seed123,lfcc_only,P1,123,D,external_BF-NEWS,specificity_bonafide_recall,0.841,,,placeholder
lfcc_only__P1__seed123,lfcc_only,P1,123,D,external_BF-NEWS,f1_spoof,,,,placeholder
lfcc_only__P1__seed123,lfcc_only,P1,123,D,external_BF-NEWS,f1_macro,,,,placeholder
lfcc_only__P1__seed123,lfcc_only,P1,123,D,external_BF-NEWS,auc,,,,placeholder
lfcc_only__P1__seed123,lfcc_only,P1,123,D,external_BF-NEWS,eer,,,,placeholder
lfcc_only__P1__seed123,lfcc_only,P1,123,D,external_BF-NEWS,fpr,0.159,,,placeholder
lfcc_only__P1__seed123,lfcc_only,P1,123,D,external_BF-NEWS,fnr,,,,placeholder
lfcc_only__P1__seed123,lfcc_only,P1,123,D,external_BF-NEWS,tp,0.0,,,placeholder
lfcc_only__P1__seed123,lfcc_only,P1,123,D,external_BF-NEWS,tn,841.0,,,placeholder
lfcc_only__P1__seed123,lfcc_only,P1,123,D,external_BF-NEWS,fp,159.0,,,placeholder
lfcc_only__P1__seed123,lfcc_only,P1,123,D,external_BF-NEWS,fn,0.0,,,placeholder
lfcc_only__P1__seed123,lfcc_only,P1,123,D,external_BF-NEWS,frac_pred_spoof,0.159,0.13798530591775326,0.18502965465465465,placeholder
lfcc_only__P1__seed123,lfcc_only,P1,123,D,external_BF-NEWS,n_clusters,997.0,,,placeholder
lfcc_only__P1__seed2026,lfcc_only,P1,2026,D,validation,n,2998.0,,,placeholder
lfcc_only__P1__seed2026,lfcc_only,P1,2026,D,validation,n_spoof,1499.0,,,placeholder
lfcc_only__P1__seed2026,lfcc_only,P1,2026,D,validation,n_bonafide,1499.0,,,placeholder
lfcc_only__P1__seed2026,lfcc_only,P1,2026,D,validation,threshold,0.6323397487974192,,,placeholder
lfcc_only__P1__seed2026,lfcc_only,P1,2026,D,validation,accuracy,0.7234823215476984,0.7086639037433156,0.7383348130841121,placeholder
lfcc_only__P1__seed2026,lfcc_only,P1,2026,D,validation,balanced_accuracy,0.7234823215476984,,,placeholder
lfcc_only__P1__seed2026,lfcc_only,P1,2026,D,validation,precision_spoof,0.7233333333333334,,,placeholder
lfcc_only__P1__seed2026,lfcc_only,P1,2026,D,validation,recall_spoof_sensitivity,0.723815877251501,,,placeholder
lfcc_only__P1__seed2026,lfcc_only,P1,2026,D,validation,specificity_bonafide_recall,0.723148765843896,,,placeholder
lfcc_only__P1__seed2026,lfcc_only,P1,2026,D,validation,f1_spoof,0.7235745248416139,,,placeholder
lfcc_only__P1__seed2026,lfcc_only,P1,2026,D,validation,f1_macro,0.723482290782502,0.7086594451223136,0.7383337542671189,placeholder
lfcc_only__P1__seed2026,lfcc_only,P1,2026,D,validation,auc,0.8002662215103599,0.7856219333333333,0.8139517852257026,placeholder
lfcc_only__P1__seed2026,lfcc_only,P1,2026,D,validation,eer,0.276184122748499,0.26244604707972463,0.2917459056519804,placeholder
lfcc_only__P1__seed2026,lfcc_only,P1,2026,D,validation,fpr,0.2768512341561041,,,placeholder
lfcc_only__P1__seed2026,lfcc_only,P1,2026,D,validation,fnr,0.276184122748499,,,placeholder
lfcc_only__P1__seed2026,lfcc_only,P1,2026,D,validation,tp,1085.0,,,placeholder
lfcc_only__P1__seed2026,lfcc_only,P1,2026,D,validation,tn,1084.0,,,placeholder
lfcc_only__P1__seed2026,lfcc_only,P1,2026,D,validation,fp,415.0,,,placeholder
lfcc_only__P1__seed2026,lfcc_only,P1,2026,D,validation,fn,414.0,,,placeholder
lfcc_only__P1__seed2026,lfcc_only,P1,2026,D,validation,brier,0.20073148336902225,,,placeholder
lfcc_only__P1__seed2026,lfcc_only,P1,2026,D,validation,ece,0.12388551340860295,,,placeholder
lfcc_only__P1__seed2026,lfcc_only,P1,2026,D,validation,n_clusters,1495.0,,,placeholder
lfcc_only__P1__seed2026,lfcc_only,P1,2026,D,internal_test,n,2998.0,,,placeholder
lfcc_only__P1__seed2026,lfcc_only,P1,2026,D,internal_test,n_spoof,1499.0,,,placeholder
lfcc_only__P1__seed2026,lfcc_only,P1,2026,D,internal_test,n_bonafide,1499.0,,,placeholder
lfcc_only__P1__seed2026,lfcc_only,P1,2026,D,internal_test,threshold,0.6323397487974192,,,placeholder
lfcc_only__P1__seed2026,lfcc_only,P1,2026,D,internal_test,accuracy,0.7595063375583723,0.7463332109479305,0.7748868564900161,placeholder
lfcc_only__P1__seed2026,lfcc_only,P1,2026,D,internal_test,balanced_accuracy,0.7595063375583723,,,placeholder
lfcc_only__P1__seed2026,lfcc_only,P1,2026,D,internal_test,precision_spoof,0.7419154228855721,,,placeholder
lfcc_only__P1__seed2026,lfcc_only,P1,2026,D,internal_test,recall_spoof_sensitivity,0.7958639092728486,,,placeholder
lfcc_only__P1__seed2026,lfcc_only,P1,2026,D,internal_test,specificity_bonafide_recall,0.723148765843896,,,placeholder
lfcc_only__P1__seed2026,lfcc_only,P1,2026,D,internal_test,f1_spoof,0.7679433537174123,,,placeholder
lfcc_only__P1__seed2026,lfcc_only,P1,2026,D,internal_test,f1_macro,0.7591880146918665,0.7460244740134571,0.7745453925324506,placeholder
lfcc_only__P1__seed2026,lfcc_only,P1,2026,D,internal_test,auc,0.848559924984457,0.8348420390516238,0.862061304604374,placeholder
lfcc_only__P1__seed2026,lfcc_only,P1,2026,D,internal_test,eer,0.23348899266177447,0.21987754660020428,0.2501667778519012,placeholder
lfcc_only__P1__seed2026,lfcc_only,P1,2026,D,internal_test,fpr,0.2768512341561041,,,placeholder
lfcc_only__P1__seed2026,lfcc_only,P1,2026,D,internal_test,fnr,0.20413609072715144,,,placeholder
lfcc_only__P1__seed2026,lfcc_only,P1,2026,D,internal_test,tp,1193.0,,,placeholder
lfcc_only__P1__seed2026,lfcc_only,P1,2026,D,internal_test,tn,1084.0,,,placeholder
lfcc_only__P1__seed2026,lfcc_only,P1,2026,D,internal_test,fp,415.0,,,placeholder
lfcc_only__P1__seed2026,lfcc_only,P1,2026,D,internal_test,fn,306.0,,,placeholder
lfcc_only__P1__seed2026,lfcc_only,P1,2026,D,internal_test,brier,0.1865039329656643,,,placeholder
lfcc_only__P1__seed2026,lfcc_only,P1,2026,D,internal_test,ece,0.1400819975008582,,,placeholder
lfcc_only__P1__seed2026,lfcc_only,P1,2026,D,internal_test,n_clusters,1494.0,,,placeholder
lfcc_only__P1__seed2026,lfcc_only,P1,2026,D,external_BF-MOZ,n,5594.0,,,placeholder
lfcc_only__P1__seed2026,lfcc_only,P1,2026,D,external_BF-MOZ,n_spoof,2797.0,,,placeholder
lfcc_only__P1__seed2026,lfcc_only,P1,2026,D,external_BF-MOZ,n_bonafide,2797.0,,,placeholder
lfcc_only__P1__seed2026,lfcc_only,P1,2026,D,external_BF-MOZ,threshold,0.6323397487974192,,,placeholder
lfcc_only__P1__seed2026,lfcc_only,P1,2026,D,external_BF-MOZ,accuracy,0.7222023596710762,0.7114721129781909,0.7359805148373257,placeholder
lfcc_only__P1__seed2026,lfcc_only,P1,2026,D,external_BF-MOZ,balanced_accuracy,0.7222023596710762,,,placeholder
lfcc_only__P1__seed2026,lfcc_only,P1,2026,D,external_BF-MOZ,precision_spoof,0.7326843878697117,,,placeholder
lfcc_only__P1__seed2026,lfcc_only,P1,2026,D,external_BF-MOZ,recall_spoof_sensitivity,0.6996782266714336,,,placeholder
lfcc_only__P1__seed2026,lfcc_only,P1,2026,D,external_BF-MOZ,specificity_bonafide_recall,0.7447264926707187,,,placeholder
lfcc_only__P1__seed2026,lfcc_only,P1,2026,D,external_BF-MOZ,f1_spoof,0.7158010241404534,,,placeholder
lfcc_only__P1__seed2026,lfcc_only,P1,2026,D,external_BF-MOZ,f1_macro,0.7220613512310659,0.7112933584820075,0.7358639564425531,placeholder
lfcc_only__P1__seed2026,lfcc_only,P1,2026,D,external_BF-MOZ,auc,0.8021767026804474,0.7924961962539925,0.8141247312963261,placeholder
lfcc_only__P1__seed2026,lfcc_only,P1,2026,D,external_BF-MOZ,eer,0.2760100107257776,0.26311226313907765,0.2863872005720415,placeholder
lfcc_only__P1__seed2026,lfcc_only,P1,2026,D,external_BF-MOZ,fpr,0.2552735073292814,,,placeholder
lfcc_only__P1__seed2026,lfcc_only,P1,2026,D,external_BF-MOZ,fnr,0.3003217733285663,,,placeholder
lfcc_only__P1__seed2026,lfcc_only,P1,2026,D,external_BF-MOZ,tp,1957.0,,,placeholder
lfcc_only__P1__seed2026,lfcc_only,P1,2026,D,external_BF-MOZ,tn,2083.0,,,placeholder
lfcc_only__P1__seed2026,lfcc_only,P1,2026,D,external_BF-MOZ,fp,714.0,,,placeholder
lfcc_only__P1__seed2026,lfcc_only,P1,2026,D,external_BF-MOZ,fn,840.0,,,placeholder
lfcc_only__P1__seed2026,lfcc_only,P1,2026,D,external_BF-MOZ,brier,0.19582554612026792,,,placeholder
lfcc_only__P1__seed2026,lfcc_only,P1,2026,D,external_BF-MOZ,ece,0.10897060605081457,,,placeholder
lfcc_only__P1__seed2026,lfcc_only,P1,2026,D,external_BF-MOZ,n_clusters,2797.0,,,placeholder
lfcc_only__P1__seed2026,lfcc_only,P1,2026,D,external_MEN,n,4500.0,,,placeholder
lfcc_only__P1__seed2026,lfcc_only,P1,2026,D,external_MEN,n_spoof,2250.0,,,placeholder
lfcc_only__P1__seed2026,lfcc_only,P1,2026,D,external_MEN,n_bonafide,2250.0,,,placeholder
lfcc_only__P1__seed2026,lfcc_only,P1,2026,D,external_MEN,threshold,0.6323397487974192,,,placeholder
lfcc_only__P1__seed2026,lfcc_only,P1,2026,D,external_MEN,accuracy,0.7144444444444444,0.70375,0.7253444444444445,placeholder
lfcc_only__P1__seed2026,lfcc_only,P1,2026,D,external_MEN,balanced_accuracy,0.7144444444444444,,,placeholder
lfcc_only__P1__seed2026,lfcc_only,P1,2026,D,external_MEN,precision_spoof,0.7184246265278407,,,placeholder
lfcc_only__P1__seed2026,lfcc_only,P1,2026,D,external_MEN,recall_spoof_sensitivity,0.7053333333333334,,,placeholder
lfcc_only__P1__seed2026,lfcc_only,P1,2026,D,external_MEN,specificity_bonafide_recall,0.7235555555555555,,,placeholder
lfcc_only__P1__seed2026,lfcc_only,P1,2026,D,external_MEN,f1_spoof,0.7118187934514466,,,placeholder
lfcc_only__P1__seed2026,lfcc_only,P1,2026,D,external_MEN,f1_macro,0.7144207378400154,0.7037260094457753,0.725298474167544,placeholder
lfcc_only__P1__seed2026,lfcc_only,P1,2026,D,external_MEN,auc,0.791386864197531,0.7794851308641975,0.8031941234567901,placeholder
lfcc_only__P1__seed2026,lfcc_only,P1,2026,D,external_MEN,eer,0.2857777777777778,0.27420000000000005,0.2977777777777778,placeholder
lfcc_only__P1__seed2026,lfcc_only,P1,2026,D,external_MEN,fpr,0.27644444444444444,,,placeholder
lfcc_only__P1__seed2026,lfcc_only,P1,2026,D,external_MEN,fnr,0.2946666666666667,,,placeholder
lfcc_only__P1__seed2026,lfcc_only,P1,2026,D,external_MEN,tp,1587.0,,,placeholder
lfcc_only__P1__seed2026,lfcc_only,P1,2026,D,external_MEN,tn,1628.0,,,placeholder
lfcc_only__P1__seed2026,lfcc_only,P1,2026,D,external_MEN,fp,622.0,,,placeholder
lfcc_only__P1__seed2026,lfcc_only,P1,2026,D,external_MEN,fn,663.0,,,placeholder
lfcc_only__P1__seed2026,lfcc_only,P1,2026,D,external_MEN,brier,0.20177216670210324,,,placeholder
lfcc_only__P1__seed2026,lfcc_only,P1,2026,D,external_MEN,ece,0.11750227891679264,,,placeholder
lfcc_only__P1__seed2026,lfcc_only,P1,2026,D,external_MEN,n_clusters,75.0,,,placeholder
lfcc_only__P1__seed2026,lfcc_only,P1,2026,D,external_BF-NEWS,n,1000.0,,,placeholder
lfcc_only__P1__seed2026,lfcc_only,P1,2026,D,external_BF-NEWS,n_spoof,0.0,,,placeholder
lfcc_only__P1__seed2026,lfcc_only,P1,2026,D,external_BF-NEWS,n_bonafide,1000.0,,,placeholder
lfcc_only__P1__seed2026,lfcc_only,P1,2026,D,external_BF-NEWS,threshold,0.6323397487974192,,,placeholder
lfcc_only__P1__seed2026,lfcc_only,P1,2026,D,external_BF-NEWS,accuracy,0.738,,,placeholder
lfcc_only__P1__seed2026,lfcc_only,P1,2026,D,external_BF-NEWS,balanced_accuracy,,,,placeholder
lfcc_only__P1__seed2026,lfcc_only,P1,2026,D,external_BF-NEWS,precision_spoof,0.0,,,placeholder
lfcc_only__P1__seed2026,lfcc_only,P1,2026,D,external_BF-NEWS,recall_spoof_sensitivity,,,,placeholder
lfcc_only__P1__seed2026,lfcc_only,P1,2026,D,external_BF-NEWS,specificity_bonafide_recall,0.738,,,placeholder
lfcc_only__P1__seed2026,lfcc_only,P1,2026,D,external_BF-NEWS,f1_spoof,,,,placeholder
lfcc_only__P1__seed2026,lfcc_only,P1,2026,D,external_BF-NEWS,f1_macro,,,,placeholder
lfcc_only__P1__seed2026,lfcc_only,P1,2026,D,external_BF-NEWS,auc,,,,placeholder
lfcc_only__P1__seed2026,lfcc_only,P1,2026,D,external_BF-NEWS,eer,,,,placeholder
lfcc_only__P1__seed2026,lfcc_only,P1,2026,D,external_BF-NEWS,fpr,0.262,,,placeholder
lfcc_only__P1__seed2026,lfcc_only,P1,2026,D,external_BF-NEWS,fnr,,,,placeholder
lfcc_only__P1__seed2026,lfcc_only,P1,2026,D,external_BF-NEWS,tp,0.0,,,placeholder
lfcc_only__P1__seed2026,lfcc_only,P1,2026,D,external_BF-NEWS,tn,738.0,,,placeholder
lfcc_only__P1__seed2026,lfcc_only,P1,2026,D,external_BF-NEWS,fp,262.0,,,placeholder
lfcc_only__P1__seed2026,lfcc_only,P1,2026,D,external_BF-NEWS,fn,0.0,,,placeholder
lfcc_only__P1__seed2026,lfcc_only,P1,2026,D,external_BF-NEWS,frac_pred_spoof,0.262,0.23720630630630632,0.289025,placeholder
lfcc_only__P1__seed2026,lfcc_only,P1,2026,D,external_BF-NEWS,n_clusters,997.0,,,placeholder
lcnn_lfcc__P1__seed123,lcnn_lfcc,P1,123,D,validation,n,2998.0,,,placeholder
lcnn_lfcc__P1__seed123,lcnn_lfcc,P1,123,D,validation,n_spoof,1499.0,,,placeholder
lcnn_lfcc__P1__seed123,lcnn_lfcc,P1,123,D,validation,n_bonafide,1499.0,,,placeholder
lcnn_lfcc__P1__seed123,lcnn_lfcc,P1,123,D,validation,threshold,0.33140529320639567,,,placeholder
lcnn_lfcc__P1__seed123,lcnn_lfcc,P1,123,D,validation,accuracy,0.624749833222148,0.608592462991827,0.6414657422472251,placeholder
lcnn_lfcc__P1__seed123,lcnn_lfcc,P1,123,D,validation,balanced_accuracy,0.6247498332221482,,,placeholder
lcnn_lfcc__P1__seed123,lcnn_lfcc,P1,123,D,validation,precision_spoof,0.6246666666666667,,,placeholder
lcnn_lfcc__P1__seed123,lcnn_lfcc,P1,123,D,validation,recall_spoof_sensitivity,0.6250833889259506,,,placeholder
lcnn_lfcc__P1__seed123,lcnn_lfcc,P1,123,D,validation,specificity_bonafide_recall,0.6244162775183456,,,placeholder
lcnn_lfcc__P1__seed123,lcnn_lfcc,P1,123,D,validation,f1_spoof,0.6248749583194398,,,placeholder
lcnn_lfcc__P1__seed123,lcnn_lfcc,P1,123,D,validation,f1_macro,0.6247497914720322,0.608481101418356,0.6414655350604571,placeholder
lcnn_lfcc__P1__seed123,lcnn_lfcc,P1,123,D,validation,auc,0.6767691692171031,0.6559178764839002,0.695604436962498,placeholder
lcnn_lfcc__P1__seed123,lcnn_lfcc,P1,123,D,validation,eer,0.37558372248165445,0.35778298920939344,0.39109219799172606,placeholder
lcnn_lfcc__P1__seed123,lcnn_lfcc,P1,123,D,validation,fpr,0.37558372248165445,,,placeholder
lcnn_lfcc__P1__seed123,lcnn_lfcc,P1,123,D,validation,fnr,0.3749166110740494,,,placeholder
lcnn_lfcc__P1__seed123,lcnn_lfcc,P1,123,D,validation,tp,937.0,,,placeholder
lcnn_lfcc__P1__seed123,lcnn_lfcc,P1,123,D,validation,tn,936.0,,,placeholder
lcnn_lfcc__P1__seed123,lcnn_lfcc,P1,123,D,validation,fp,563.0,,,placeholder
lcnn_lfcc__P1__seed123,lcnn_lfcc,P1,123,D,validation,fn,562.0,,,placeholder
lcnn_lfcc__P1__seed123,lcnn_lfcc,P1,123,D,validation,brier,0.23487346536221243,,,placeholder
lcnn_lfcc__P1__seed123,lcnn_lfcc,P1,123,D,validation,ece,0.09676856100856038,,,placeholder
lcnn_lfcc__P1__seed123,lcnn_lfcc,P1,123,D,validation,n_clusters,1495.0,,,placeholder
lcnn_lfcc__P1__seed123,lcnn_lfcc,P1,123,D,internal_test,n,2998.0,,,placeholder
lcnn_lfcc__P1__seed123,lcnn_lfcc,P1,123,D,internal_test,n_spoof,1499.0,,,placeholder
lcnn_lfcc__P1__seed123,lcnn_lfcc,P1,123,D,internal_test,n_bonafide,1499.0,,,placeholder
lcnn_lfcc__P1__seed123,lcnn_lfcc,P1,123,D,internal_test,threshold,0.33140529320639567,,,placeholder
lcnn_lfcc__P1__seed123,lcnn_lfcc,P1,123,D,internal_test,accuracy,0.5800533689126084,0.5644792202497687,0.5937625083388927,placeholder
lcnn_lfcc__P1__seed123,lcnn_lfcc,P1,123,D,internal_test,balanced_accuracy,0.5800533689126084,,,placeholder
lcnn_lfcc__P1__seed123,lcnn_lfcc,P1,123,D,internal_test,precision_spoof,0.5878477306002928,,,placeholder
lcnn_lfcc__P1__seed123,lcnn_lfcc,P1,123,D,internal_test,recall_spoof_sensitivity,0.5356904603068713,,,placeholder
lcnn_lfcc__P1__seed123,lcnn_lfcc,P1,123,D,internal_test,specificity_bonafide_recall,0.6244162775183456,,,placeholder
lcnn_lfcc__P1__seed123,lcnn_lfcc,P1,123,D,internal_test,f1_spoof,0.5605584642233856,,,placeholder
lcnn_lfcc__P1__seed123,lcnn_lfcc,P1,123,D,internal_test,f1_macro,0.5792252557463144,0.563909112855946,0.5931231744967358,placeholder
lcnn_lfcc__P1__seed123,lcnn_lfcc,P1,123,D,internal_test,auc,0.6178715541292594,0.5996035845212605,0.6358324333061623,placeholder
lcnn_lfcc__P1__seed123,lcnn_lfcc,P1,123,D,internal_test,eer,0.41961307538358905,0.40278632487351973,0.4351698606660737,placeholder
lcnn_lfcc__P1__seed123,lcnn_lfcc,P1,123,D,internal_test,fpr,0.37558372248165445,,,placeholder
lcnn_lfcc__P1__seed123,lcnn_lfcc,P1,123,D,internal_test,fnr,0.46430953969312877,,,placeholder
lcnn_lfcc__P1__seed123,lcnn_lfcc,P1,123,D,internal_test,tp,803.0,,,placeholder
lcnn_lfcc__P1__seed123,lcnn_lfcc,P1,123,D,internal_test,tn,936.0,,,placeholder
lcnn_lfcc__P1__seed123,lcnn_lfcc,P1,123,D,internal_test,fp,563.0,,,placeholder
lcnn_lfcc__P1__seed123,lcnn_lfcc,P1,123,D,internal_test,fn,696.0,,,placeholder
lcnn_lfcc__P1__seed123,lcnn_lfcc,P1,123,D,internal_test,brier,0.25333930423378126,,,placeholder
lcnn_lfcc__P1__seed123,lcnn_lfcc,P1,123,D,internal_test,ece,0.10086047414827295,,,placeholder
lcnn_lfcc__P1__seed123,lcnn_lfcc,P1,123,D,internal_test,n_clusters,1494.0,,,placeholder
lcnn_lfcc__P1__seed123,lcnn_lfcc,P1,123,D,external_BF-MOZ,n,5594.0,,,placeholder
lcnn_lfcc__P1__seed123,lcnn_lfcc,P1,123,D,external_BF-MOZ,n_spoof,2797.0,,,placeholder
lcnn_lfcc__P1__seed123,lcnn_lfcc,P1,123,D,external_BF-MOZ,n_bonafide,2797.0,,,placeholder
lcnn_lfcc__P1__seed123,lcnn_lfcc,P1,123,D,external_BF-MOZ,threshold,0.33140529320639567,,,placeholder
lcnn_lfcc__P1__seed123,lcnn_lfcc,P1,123,D,external_BF-MOZ,accuracy,0.6816231676796568,0.6692706471219163,0.6929031104755095,placeholder
lcnn_lfcc__P1__seed123,lcnn_lfcc,P1,123,D,external_BF-MOZ,balanced_accuracy,0.6816231676796568,,,placeholder
lcnn_lfcc__P1__seed123,lcnn_lfcc,P1,123,D,external_BF-MOZ,precision_spoof,0.6656881930854534,,,placeholder
lcnn_lfcc__P1__seed123,lcnn_lfcc,P1,123,D,external_BF-MOZ,recall_spoof_sensitivity,0.7297104040042903,,,placeholder
lcnn_lfcc__P1__seed123,lcnn_lfcc,P1,123,D,external_BF-MOZ,specificity_bonafide_recall,0.6335359313550233,,,placeholder
lcnn_lfcc__P1__seed123,lcnn_lfcc,P1,123,D,external_BF-MOZ,f1_spoof,0.6962305986696231,,,placeholder
lcnn_lfcc__P1__seed123,lcnn_lfcc,P1,123,D,external_BF-MOZ,f1_macro,0.6808852523864548,0.6685400647474725,0.6923047660478385,placeholder
lcnn_lfcc__P1__seed123,lcnn_lfcc,P1,123,D,external_BF-MOZ,auc,0.7534373682206369,0.738576947771688,0.7667927221425377,placeholder
lcnn_lfcc__P1__seed123,lcnn_lfcc,P1,123,D,external_BF-MOZ,eer,0.31712549159814085,0.306748301751877,0.3303628888094387,placeholder
lcnn_lfcc__P1__seed123,lcnn_lfcc,P1,123,D,external_BF-MOZ,fpr,0.36646406864497677,,,placeholder
lcnn_lfcc__P1__seed123,lcnn_lfcc,P1,123,D,external_BF-MOZ,fnr,0.2702895959957097,,,placeholder
lcnn_lfcc__P1__seed123,lcnn_lfcc,P1,123,D,external_BF-MOZ,tp,2041.0,,,placeholder
lcnn_lfcc__P1__seed123,lcnn_lfcc,P1,123,D,external_BF-MOZ,tn,1772.0,,,placeholder
lcnn_lfcc__P1__seed123,lcnn_lfcc,P1,123,D,external_BF-MOZ,fp,1025.0,,,placeholder
lcnn_lfcc__P1__seed123,lcnn_lfcc,P1,123,D,external_BF-MOZ,fn,756.0,,,placeholder
lcnn_lfcc__P1__seed123,lcnn_lfcc,P1,123,D,external_BF-MOZ,brier,0.2110890949591309,,,placeholder
lcnn_lfcc__P1__seed123,lcnn_lfcc,P1,123,D,external_BF-MOZ,ece,0.09450373498689,,,placeholder
lcnn_lfcc__P1__seed123,lcnn_lfcc,P1,123,D,external_BF-MOZ,n_clusters,2797.0,,,placeholder
lcnn_lfcc__P1__seed123,lcnn_lfcc,P1,123,D,external_MEN,n,4500.0,,,placeholder
lcnn_lfcc__P1__seed123,lcnn_lfcc,P1,123,D,external_MEN,n_spoof,2250.0,,,placeholder
lcnn_lfcc__P1__seed123,lcnn_lfcc,P1,123,D,external_MEN,n_bonafide,2250.0,,,placeholder
lcnn_lfcc__P1__seed123,lcnn_lfcc,P1,123,D,external_MEN,threshold,0.33140529320639567,,,placeholder
lcnn_lfcc__P1__seed123,lcnn_lfcc,P1,123,D,external_MEN,accuracy,0.7488888888888889,0.737311111111111,0.7615833333333333,placeholder
lcnn_lfcc__P1__seed123,lcnn_lfcc,P1,123,D,external_MEN,balanced_accuracy,0.7488888888888889,,,placeholder
lcnn_lfcc__P1__seed123,lcnn_lfcc,P1,123,D,external_MEN,precision_spoof,0.7036363636363636,,,placeholder
lcnn_lfcc__P1__seed123,lcnn_lfcc,P1,123,D,external_MEN,recall_spoof_sensitivity,0.86,,,placeholder
lcnn_lfcc__P1__seed123,lcnn_lfcc,P1,123,D,external_MEN,specificity_bonafide_recall,0.6377777777777778,,,placeholder
lcnn_lfcc__P1__seed123,lcnn_lfcc,P1,123,D,external_MEN,f1_spoof,0.7740000000000001,,,placeholder
lcnn_lfcc__P1__seed123,lcnn_lfcc,P1,123,D,external_MEN,f1_macro,0.74575,0.7333039275832286,0.7591165616402481,placeholder
lcnn_lfcc__P1__seed123,lcnn_lfcc,P1,123,D,external_MEN,auc,0.8413959506172839,0.8316507209876545,0.8505645777777777,placeholder
lcnn_lfcc__P1__seed123,lcnn_lfcc,P1,123,D,external_MEN,eer,0.23866666666666667,0.228,0.25155555555555553,placeholder
lcnn_lfcc__P1__seed123,lcnn_lfcc,P1,123,D,external_MEN,fpr,0.3622222222222222,,,placeholder
lcnn_lfcc__P1__seed123,lcnn_lfcc,P1,123,D,external_MEN,fnr,0.14,,,placeholder
lcnn_lfcc__P1__seed123,lcnn_lfcc,P1,123,D,external_MEN,tp,1935.0,,,placeholder
lcnn_lfcc__P1__seed123,lcnn_lfcc,P1,123,D,external_MEN,tn,1435.0,,,placeholder
lcnn_lfcc__P1__seed123,lcnn_lfcc,P1,123,D,external_MEN,fp,815.0,,,placeholder
lcnn_lfcc__P1__seed123,lcnn_lfcc,P1,123,D,external_MEN,fn,315.0,,,placeholder
lcnn_lfcc__P1__seed123,lcnn_lfcc,P1,123,D,external_MEN,brier,0.18570954199865053,,,placeholder
lcnn_lfcc__P1__seed123,lcnn_lfcc,P1,123,D,external_MEN,ece,0.1304130550353231,,,placeholder
lcnn_lfcc__P1__seed123,lcnn_lfcc,P1,123,D,external_MEN,n_clusters,75.0,,,placeholder
lcnn_lfcc__P1__seed123,lcnn_lfcc,P1,123,D,external_BF-NEWS,n,1000.0,,,placeholder
lcnn_lfcc__P1__seed123,lcnn_lfcc,P1,123,D,external_BF-NEWS,n_spoof,0.0,,,placeholder
lcnn_lfcc__P1__seed123,lcnn_lfcc,P1,123,D,external_BF-NEWS,n_bonafide,1000.0,,,placeholder
lcnn_lfcc__P1__seed123,lcnn_lfcc,P1,123,D,external_BF-NEWS,threshold,0.33140529320639567,,,placeholder
lcnn_lfcc__P1__seed123,lcnn_lfcc,P1,123,D,external_BF-NEWS,accuracy,0.608,,,placeholder
lcnn_lfcc__P1__seed123,lcnn_lfcc,P1,123,D,external_BF-NEWS,balanced_accuracy,,,,placeholder
lcnn_lfcc__P1__seed123,lcnn_lfcc,P1,123,D,external_BF-NEWS,precision_spoof,0.0,,,placeholder
lcnn_lfcc__P1__seed123,lcnn_lfcc,P1,123,D,external_BF-NEWS,recall_spoof_sensitivity,,,,placeholder
lcnn_lfcc__P1__seed123,lcnn_lfcc,P1,123,D,external_BF-NEWS,specificity_bonafide_recall,0.608,,,placeholder
lcnn_lfcc__P1__seed123,lcnn_lfcc,P1,123,D,external_BF-NEWS,f1_spoof,,,,placeholder
lcnn_lfcc__P1__seed123,lcnn_lfcc,P1,123,D,external_BF-NEWS,f1_macro,,,,placeholder
lcnn_lfcc__P1__seed123,lcnn_lfcc,P1,123,D,external_BF-NEWS,auc,,,,placeholder
lcnn_lfcc__P1__seed123,lcnn_lfcc,P1,123,D,external_BF-NEWS,eer,,,,placeholder
lcnn_lfcc__P1__seed123,lcnn_lfcc,P1,123,D,external_BF-NEWS,fpr,0.392,,,placeholder
lcnn_lfcc__P1__seed123,lcnn_lfcc,P1,123,D,external_BF-NEWS,fnr,,,,placeholder
lcnn_lfcc__P1__seed123,lcnn_lfcc,P1,123,D,external_BF-NEWS,tp,0.0,,,placeholder
lcnn_lfcc__P1__seed123,lcnn_lfcc,P1,123,D,external_BF-NEWS,tn,608.0,,,placeholder
lcnn_lfcc__P1__seed123,lcnn_lfcc,P1,123,D,external_BF-NEWS,fp,392.0,,,placeholder
lcnn_lfcc__P1__seed123,lcnn_lfcc,P1,123,D,external_BF-NEWS,fn,0.0,,,placeholder
lcnn_lfcc__P1__seed123,lcnn_lfcc,P1,123,D,external_BF-NEWS,frac_pred_spoof,0.392,0.3659682364729459,0.42460733154620933,placeholder
lcnn_lfcc__P1__seed123,lcnn_lfcc,P1,123,D,external_BF-NEWS,n_clusters,997.0,,,placeholder
lcnn_lfcc__P1__seed2026,lcnn_lfcc,P1,2026,D,validation,n,2998.0,,,placeholder
lcnn_lfcc__P1__seed2026,lcnn_lfcc,P1,2026,D,validation,n_spoof,1499.0,,,placeholder
lcnn_lfcc__P1__seed2026,lcnn_lfcc,P1,2026,D,validation,n_bonafide,1499.0,,,placeholder
lcnn_lfcc__P1__seed2026,lcnn_lfcc,P1,2026,D,validation,threshold,0.22308583745583552,,,placeholder
lcnn_lfcc__P1__seed2026,lcnn_lfcc,P1,2026,D,validation,accuracy,0.5713809206137425,0.5553693239937736,0.5894594504925847,placeholder
lcnn_lfcc__P1__seed2026,lcnn_lfcc,P1,2026,D,validation,balanced_accuracy,0.5713809206137426,,,placeholder
lcnn_lfcc__P1__seed2026,lcnn_lfcc,P1,2026,D,validation,precision_spoof,0.5714285714285714,,,placeholder
lcnn_lfcc__P1__seed2026,lcnn_lfcc,P1,2026,D,validation,recall_spoof_sensitivity,0.57104736490994,,,placeholder
lcnn_lfcc__P1__seed2026,lcnn_lfcc,P1,2026,D,validation,specificity_bonafide_recall,0.571714476317545,,,placeholder
lcnn_lfcc__P1__seed2026,lcnn_lfcc,P1,2026,D,validation,f1_spoof,0.571237904571238,,,placeholder
lcnn_lfcc__P1__seed2026,lcnn_lfcc,P1,2026,D,validation,f1_macro,0.5713808729258324,0.5553668370679179,0.5894449966884955,placeholder
lcnn_lfcc__P1__seed2026,lcnn_lfcc,P1,2026,D,validation,auc,0.6141790769118483,0.5937163849821824,0.6360625478969221,placeholder
lcnn_lfcc__P1__seed2026,lcnn_lfcc,P1,2026,D,validation,eer,0.428285523682455,0.41044643023698935,0.4449725594841005,placeholder
lcnn_lfcc__P1__seed2026,lcnn_lfcc,P1,2026,D,validation,fpr,0.428285523682455,,,placeholder
lcnn_lfcc__P1__seed2026,lcnn_lfcc,P1,2026,D,validation,fnr,0.42895263509006004,,,placeholder
lcnn_lfcc__P1__seed2026,lcnn_lfcc,P1,2026,D,validation,tp,856.0,,,placeholder
lcnn_lfcc__P1__seed2026,lcnn_lfcc,P1,2026,D,validation,tn,857.0,,,placeholder
lcnn_lfcc__P1__seed2026,lcnn_lfcc,P1,2026,D,validation,fp,642.0,,,placeholder
lcnn_lfcc__P1__seed2026,lcnn_lfcc,P1,2026,D,validation,fn,643.0,,,placeholder
lcnn_lfcc__P1__seed2026,lcnn_lfcc,P1,2026,D,validation,brier,0.25361476079839856,,,placeholder
lcnn_lfcc__P1__seed2026,lcnn_lfcc,P1,2026,D,validation,ece,0.1013915328352217,,,placeholder
lcnn_lfcc__P1__seed2026,lcnn_lfcc,P1,2026,D,validation,n_clusters,1495.0,,,placeholder
lcnn_lfcc__P1__seed2026,lcnn_lfcc,P1,2026,D,internal_test,n,2998.0,,,placeholder
lcnn_lfcc__P1__seed2026,lcnn_lfcc,P1,2026,D,internal_test,n_spoof,1499.0,,,placeholder
lcnn_lfcc__P1__seed2026,lcnn_lfcc,P1,2026,D,internal_test,n_bonafide,1499.0,,,placeholder
lcnn_lfcc__P1__seed2026,lcnn_lfcc,P1,2026,D,internal_test,threshold,0.22308583745583552,,,placeholder
lcnn_lfcc__P1__seed2026,lcnn_lfcc,P1,2026,D,internal_test,accuracy,0.6087391594396264,0.5918593350360974,0.6248393677672076,placeholder
lcnn_lfcc__P1__seed2026,lcnn_lfcc,P1,2026,D,internal_test,balanced_accuracy,0.6087391594396264,,,placeholder
lcnn_lfcc__P1__seed2026,lcnn_lfcc,P1,2026,D,internal_test,precision_spoof,0.6,,,placeholder
lcnn_lfcc__P1__seed2026,lcnn_lfcc,P1,2026,D,internal_test,recall_spoof_sensitivity,0.6524349566377585,,,placeholder
lcnn_lfcc__P1__seed2026,lcnn_lfcc,P1,2026,D,internal_test,specificity_bonafide_recall,0.5650433622414943,,,placeholder
lcnn_lfcc__P1__seed2026,lcnn_lfcc,P1,2026,D,internal_test,f1_spoof,0.6251198465963568,,,placeholder
lcnn_lfcc__P1__seed2026,lcnn_lfcc,P1,2026,D,internal_test,f1_macro,0.6079906871628453,0.5913308495794591,0.6240201244951951,placeholder
lcnn_lfcc__P1__seed2026,lcnn_lfcc,P1,2026,D,internal_test,auc,0.6471430141775637,0.6284451050803795,0.663476913876848,placeholder
lcnn_lfcc__P1__seed2026,lcnn_lfcc,P1,2026,D,internal_test,eer,0.39226150767178114,0.37700316253616495,0.4096094153819624,placeholder
lcnn_lfcc__P1__seed2026,lcnn_lfcc,P1,2026,D,internal_test,fpr,0.4349566377585057,,,placeholder
lcnn_lfcc__P1__seed2026,lcnn_lfcc,P1,2026,D,internal_test,fnr,0.3475650433622415,,,placeholder
lcnn_lfcc__P1__seed2026,lcnn_lfcc,P1,2026,D,internal_test,tp,978.0,,,placeholder
lcnn_lfcc__P1__seed2026,lcnn_lfcc,P1,2026,D,internal_test,tn,847.0,,,placeholder
lcnn_lfcc__P1__seed2026,lcnn_lfcc,P1,2026,D,internal_test,fp,652.0,,,placeholder
lcnn_lfcc__P1__seed2026,lcnn_lfcc,P1,2026,D,internal_test,fn,521.0,,,placeholder
lcnn_lfcc__P1__seed2026,lcnn_lfcc,P1,2026,D,internal_test,brier,0.2438997251172109,,,placeholder
lcnn_lfcc__P1__seed2026,lcnn_lfcc,P1,2026,D,internal_test,ece,0.09413775262341359,,,placeholder
lcnn_lfcc__P1__seed2026,lcnn_lfcc,P1,2026,D,internal_test,n_clusters,1494.0,,,placeholder
lcnn_lfcc__P1__seed2026,lcnn_lfcc,P1,2026,D,external_BF-MOZ,n,5594.0,,,placeholder
lcnn_lfcc__P1__seed2026,lcnn_lfcc,P1,2026,D,external_BF-MOZ,n_spoof,2797.0,,,placeholder
lcnn_lfcc__P1__seed2026,lcnn_lfcc,P1,2026,D,external_BF-MOZ,n_bonafide,2797.0,,,placeholder
lcnn_lfcc__P1__seed2026,lcnn_lfcc,P1,2026,D,external_BF-MOZ,threshold,0.22308583745583552,,,placeholder
lcnn_lfcc__P1__seed2026,lcnn_lfcc,P1,2026,D,external_BF-MOZ,accuracy,0.7765462996067215,0.7668930997497319,0.7867760100107257,placeholder
lcnn_lfcc__P1__seed2026,lcnn_lfcc,P1,2026,D,external_BF-MOZ,balanced_accuracy,0.7765462996067215,,,placeholder
lcnn_lfcc__P1__seed2026,lcnn_lfcc,P1,2026,D,external_BF-MOZ,precision_spoof,0.7013798489976568,,,placeholder
lcnn_lfcc__P1__seed2026,lcnn_lfcc,P1,2026,D,external_BF-MOZ,recall_spoof_sensitivity,0.9631748301751877,,,placeholder
lcnn_lfcc__P1__seed2026,lcnn_lfcc,P1,2026,D,external_BF-MOZ,specificity_bonafide_recall,0.5899177690382553,,,placeholder
lcnn_lfcc__P1__seed2026,lcnn_lfcc,P1,2026,D,external_BF-MOZ,f1_spoof,0.8116902681530581,,,placeholder
lcnn_lfcc__P1__seed2026,lcnn_lfcc,P1,2026,D,external_BF-MOZ,f1_macro,0.7684824967138917,0.7577495086786366,0.7801706281225442,placeholder
lcnn_lfcc__P1__seed2026,lcnn_lfcc,P1,2026,D,external_BF-MOZ,auc,0.9216414900841843,0.9151349209768012,0.9280060746172063,placeholder
lcnn_lfcc__P1__seed2026,lcnn_lfcc,P1,2026,D,external_BF-MOZ,eer,0.16195924204504827,0.1515820521987844,0.17054880228816588,placeholder
lcnn_lfcc__P1__seed2026,lcnn_lfcc,P1,2026,D,external_BF-MOZ,fpr,0.41008223096174473,,,placeholder
lcnn_lfcc__P1__seed2026,lcnn_lfcc,P1,2026,D,external_BF-MOZ,fnr,0.0368251698248123,,,placeholder
lcnn_lfcc__P1__seed2026,lcnn_lfcc,P1,2026,D,external_BF-MOZ,tp,2694.0,,,placeholder
lcnn_lfcc__P1__seed2026,lcnn_lfcc,P1,2026,D,external_BF-MOZ,tn,1650.0,,,placeholder
lcnn_lfcc__P1__seed2026,lcnn_lfcc,P1,2026,D,external_BF-MOZ,fp,1147.0,,,placeholder
lcnn_lfcc__P1__seed2026,lcnn_lfcc,P1,2026,D,external_BF-MOZ,fn,103.0,,,placeholder
lcnn_lfcc__P1__seed2026,lcnn_lfcc,P1,2026,D,external_BF-MOZ,brier,0.1660519434682191,,,placeholder
lcnn_lfcc__P1__seed2026,lcnn_lfcc,P1,2026,D,external_BF-MOZ,ece,0.1843649359370135,,,placeholder
lcnn_lfcc__P1__seed2026,lcnn_lfcc,P1,2026,D,external_BF-MOZ,n_clusters,2797.0,,,placeholder
lcnn_lfcc__P1__seed2026,lcnn_lfcc,P1,2026,D,external_MEN,n,4500.0,,,placeholder
lcnn_lfcc__P1__seed2026,lcnn_lfcc,P1,2026,D,external_MEN,n_spoof,2250.0,,,placeholder
lcnn_lfcc__P1__seed2026,lcnn_lfcc,P1,2026,D,external_MEN,n_bonafide,2250.0,,,placeholder
lcnn_lfcc__P1__seed2026,lcnn_lfcc,P1,2026,D,external_MEN,threshold,0.22308583745583552,,,placeholder
lcnn_lfcc__P1__seed2026,lcnn_lfcc,P1,2026,D,external_MEN,accuracy,0.6811111111111111,0.6666555555555556,0.69335,placeholder
lcnn_lfcc__P1__seed2026,lcnn_lfcc,P1,2026,D,external_MEN,balanced_accuracy,0.6811111111111111,,,placeholder
lcnn_lfcc__P1__seed2026,lcnn_lfcc,P1,2026,D,external_MEN,precision_spoof,0.6538316345790864,,,placeholder
lcnn_lfcc__P1__seed2026,lcnn_lfcc,P1,2026,D,external_MEN,recall_spoof_sensitivity,0.7697777777777778,,,placeholder
lcnn_lfcc__P1__seed2026,lcnn_lfcc,P1,2026,D,external_MEN,specificity_bonafide_recall,0.5924444444444444,,,placeholder
lcnn_lfcc__P1__seed2026,lcnn_lfcc,P1,2026,D,external_MEN,f1_spoof,0.7070830781792202,,,placeholder
lcnn_lfcc__P1__seed2026,lcnn_lfcc,P1,2026,D,external_MEN,f1_macro,0.6785842116085079,0.6635556009311518,0.6912281742680603,placeholder
lcnn_lfcc__P1__seed2026,lcnn_lfcc,P1,2026,D,external_MEN,auc,0.7560365432098766,0.7424091802469135,0.7687172098765432,placeholder
lcnn_lfcc__P1__seed2026,lcnn_lfcc,P1,2026,D,external_MEN,eer,0.3128888888888889,0.2991111111111111,0.32711111111111113,placeholder
lcnn_lfcc__P1__seed2026,lcnn_lfcc,P1,2026,D,external_MEN,fpr,0.40755555555555556,,,placeholder
lcnn_lfcc__P1__seed2026,lcnn_lfcc,P1,2026,D,external_MEN,fnr,0.23022222222222222,,,placeholder
lcnn_lfcc__P1__seed2026,lcnn_lfcc,P1,2026,D,external_MEN,tp,1732.0,,,placeholder
lcnn_lfcc__P1__seed2026,lcnn_lfcc,P1,2026,D,external_MEN,tn,1333.0,,,placeholder
lcnn_lfcc__P1__seed2026,lcnn_lfcc,P1,2026,D,external_MEN,fp,917.0,,,placeholder
lcnn_lfcc__P1__seed2026,lcnn_lfcc,P1,2026,D,external_MEN,fn,518.0,,,placeholder
lcnn_lfcc__P1__seed2026,lcnn_lfcc,P1,2026,D,external_MEN,brier,0.21052272151360563,,,placeholder
lcnn_lfcc__P1__seed2026,lcnn_lfcc,P1,2026,D,external_MEN,ece,0.09677360656306687,,,placeholder
lcnn_lfcc__P1__seed2026,lcnn_lfcc,P1,2026,D,external_MEN,n_clusters,75.0,,,placeholder
lcnn_lfcc__P1__seed2026,lcnn_lfcc,P1,2026,D,external_BF-NEWS,n,1000.0,,,placeholder
lcnn_lfcc__P1__seed2026,lcnn_lfcc,P1,2026,D,external_BF-NEWS,n_spoof,0.0,,,placeholder
lcnn_lfcc__P1__seed2026,lcnn_lfcc,P1,2026,D,external_BF-NEWS,n_bonafide,1000.0,,,placeholder
lcnn_lfcc__P1__seed2026,lcnn_lfcc,P1,2026,D,external_BF-NEWS,threshold,0.22308583745583552,,,placeholder
lcnn_lfcc__P1__seed2026,lcnn_lfcc,P1,2026,D,external_BF-NEWS,accuracy,0.615,,,placeholder
lcnn_lfcc__P1__seed2026,lcnn_lfcc,P1,2026,D,external_BF-NEWS,balanced_accuracy,,,,placeholder
lcnn_lfcc__P1__seed2026,lcnn_lfcc,P1,2026,D,external_BF-NEWS,precision_spoof,0.0,,,placeholder
lcnn_lfcc__P1__seed2026,lcnn_lfcc,P1,2026,D,external_BF-NEWS,recall_spoof_sensitivity,,,,placeholder
lcnn_lfcc__P1__seed2026,lcnn_lfcc,P1,2026,D,external_BF-NEWS,specificity_bonafide_recall,0.615,,,placeholder
lcnn_lfcc__P1__seed2026,lcnn_lfcc,P1,2026,D,external_BF-NEWS,f1_spoof,,,,placeholder
lcnn_lfcc__P1__seed2026,lcnn_lfcc,P1,2026,D,external_BF-NEWS,f1_macro,,,,placeholder
lcnn_lfcc__P1__seed2026,lcnn_lfcc,P1,2026,D,external_BF-NEWS,auc,,,,placeholder
lcnn_lfcc__P1__seed2026,lcnn_lfcc,P1,2026,D,external_BF-NEWS,eer,,,,placeholder
lcnn_lfcc__P1__seed2026,lcnn_lfcc,P1,2026,D,external_BF-NEWS,fpr,0.385,,,placeholder
lcnn_lfcc__P1__seed2026,lcnn_lfcc,P1,2026,D,external_BF-NEWS,fnr,,,,placeholder
lcnn_lfcc__P1__seed2026,lcnn_lfcc,P1,2026,D,external_BF-NEWS,tp,0.0,,,placeholder
lcnn_lfcc__P1__seed2026,lcnn_lfcc,P1,2026,D,external_BF-NEWS,tn,615.0,,,placeholder
lcnn_lfcc__P1__seed2026,lcnn_lfcc,P1,2026,D,external_BF-NEWS,fp,385.0,,,placeholder
lcnn_lfcc__P1__seed2026,lcnn_lfcc,P1,2026,D,external_BF-NEWS,fn,0.0,,,placeholder
lcnn_lfcc__P1__seed2026,lcnn_lfcc,P1,2026,D,external_BF-NEWS,frac_pred_spoof,0.385,0.3626663236382675,0.41519041916167665,placeholder
lcnn_lfcc__P1__seed2026,lcnn_lfcc,P1,2026,D,external_BF-NEWS,n_clusters,997.0,,,placeholder
bscan_controlled__P2__seed123,bscan_controlled,P2,123,D,validation,n,900.0,,,placeholder
bscan_controlled__P2__seed123,bscan_controlled,P2,123,D,validation,n_spoof,450.0,,,placeholder
bscan_controlled__P2__seed123,bscan_controlled,P2,123,D,validation,n_bonafide,450.0,,,placeholder
bscan_controlled__P2__seed123,bscan_controlled,P2,123,D,validation,threshold,0.359184233466091,,,placeholder
bscan_controlled__P2__seed123,bscan_controlled,P2,123,D,validation,accuracy,0.63,0.6021666666666666,0.659,placeholder
bscan_controlled__P2__seed123,bscan_controlled,P2,123,D,validation,balanced_accuracy,0.63,,,placeholder
bscan_controlled__P2__seed123,bscan_controlled,P2,123,D,validation,precision_spoof,0.6302895322939867,,,placeholder
bscan_controlled__P2__seed123,bscan_controlled,P2,123,D,validation,recall_spoof_sensitivity,0.6288888888888889,,,placeholder
bscan_controlled__P2__seed123,bscan_controlled,P2,123,D,validation,specificity_bonafide_recall,0.6311111111111111,,,placeholder
bscan_controlled__P2__seed123,bscan_controlled,P2,123,D,validation,f1_spoof,0.6295884315906564,,,placeholder
bscan_controlled__P2__seed123,bscan_controlled,P2,123,D,validation,f1_macro,0.6299995432093126,0.6016725866132329,0.6589621534368679,placeholder
bscan_controlled__P2__seed123,bscan_controlled,P2,123,D,validation,auc,0.6730814814814814,0.6401820987654322,0.714114938271605,placeholder
bscan_controlled__P2__seed123,bscan_controlled,P2,123,D,validation,eer,0.37111111111111106,0.3421666666666667,0.3977777777777778,placeholder
bscan_controlled__P2__seed123,bscan_controlled,P2,123,D,validation,fpr,0.3688888888888889,,,placeholder
bscan_controlled__P2__seed123,bscan_controlled,P2,123,D,validation,fnr,0.3711111111111111,,,placeholder
bscan_controlled__P2__seed123,bscan_controlled,P2,123,D,validation,tp,283.0,,,placeholder
bscan_controlled__P2__seed123,bscan_controlled,P2,123,D,validation,tn,284.0,,,placeholder
bscan_controlled__P2__seed123,bscan_controlled,P2,123,D,validation,fp,166.0,,,placeholder
bscan_controlled__P2__seed123,bscan_controlled,P2,123,D,validation,fn,167.0,,,placeholder
bscan_controlled__P2__seed123,bscan_controlled,P2,123,D,validation,brier,0.23701801917345136,,,placeholder
bscan_controlled__P2__seed123,bscan_controlled,P2,123,D,validation,ece,0.10076483402125508,,,placeholder
bscan_controlled__P2__seed123,bscan_controlled,P2,123,D,validation,n_clusters,15.0,,,placeholder
bscan_controlled__P2__seed123,bscan_controlled,P2,123,D,internal_test,n,900.0,,,placeholder
bscan_controlled__P2__seed123,bscan_controlled,P2,123,D,internal_test,n_spoof,450.0,,,placeholder
bscan_controlled__P2__seed123,bscan_controlled,P2,123,D,internal_test,n_bonafide,450.0,,,placeholder
bscan_controlled__P2__seed123,bscan_controlled,P2,123,D,internal_test,threshold,0.359184233466091,,,placeholder
bscan_controlled__P2__seed123,bscan_controlled,P2,123,D,internal_test,accuracy,0.5877777777777777,0.5466388888888889,0.6244444444444445,placeholder
bscan_controlled__P2__seed123,bscan_controlled,P2,123,D,internal_test,balanced_accuracy,0.5877777777777777,,,placeholder
bscan_controlled__P2__seed123,bscan_controlled,P2,123,D,internal_test,precision_spoof,0.6,,,placeholder
bscan_controlled__P2__seed123,bscan_controlled,P2,123,D,internal_test,recall_spoof_sensitivity,0.5266666666666666,,,placeholder
bscan_controlled__P2__seed123,bscan_controlled,P2,123,D,internal_test,specificity_bonafide_recall,0.6488888888888888,,,placeholder
bscan_controlled__P2__seed123,bscan_controlled,P2,123,D,internal_test,f1_spoof,0.5609467455621302,,,placeholder
bscan_controlled__P2__seed123,bscan_controlled,P2,123,D,internal_test,f1_macro,0.58623253508473,0.5444717259688897,0.6219034612422869,placeholder
bscan_controlled__P2__seed123,bscan_controlled,P2,123,D,internal_test,auc,0.6068,0.5515704938271605,0.6400686419753087,placeholder
bscan_controlled__P2__seed123,bscan_controlled,P2,123,D,internal_test,eer,0.4177777777777778,0.38222222222222224,0.46672222222222226,placeholder
bscan_controlled__P2__seed123,bscan_controlled,P2,123,D,internal_test,fpr,0.3511111111111111,,,placeholder
bscan_controlled__P2__seed123,bscan_controlled,P2,123,D,internal_test,fnr,0.47333333333333333,,,placeholder
bscan_controlled__P2__seed123,bscan_controlled,P2,123,D,internal_test,tp,237.0,,,placeholder
bscan_controlled__P2__seed123,bscan_controlled,P2,123,D,internal_test,tn,292.0,,,placeholder
bscan_controlled__P2__seed123,bscan_controlled,P2,123,D,internal_test,fp,158.0,,,placeholder
bscan_controlled__P2__seed123,bscan_controlled,P2,123,D,internal_test,fn,213.0,,,placeholder
bscan_controlled__P2__seed123,bscan_controlled,P2,123,D,internal_test,brier,0.25635199975696915,,,placeholder
bscan_controlled__P2__seed123,bscan_controlled,P2,123,D,internal_test,ece,0.10989267166650778,,,placeholder
bscan_controlled__P2__seed123,bscan_controlled,P2,123,D,internal_test,n_clusters,15.0,,,placeholder
bscan_controlled__P2__seed123,bscan_controlled,P2,123,D,external_BF-SUST,n,19998.0,,,placeholder
bscan_controlled__P2__seed123,bscan_controlled,P2,123,D,external_BF-SUST,n_spoof,9999.0,,,placeholder
bscan_controlled__P2__seed123,bscan_controlled,P2,123,D,external_BF-SUST,n_bonafide,9999.0,,,placeholder
bscan_controlled__P2__seed123,bscan_controlled,P2,123,D,external_BF-SUST,threshold,0.359184233466091,,,placeholder
bscan_controlled__P2__seed123,bscan_controlled,P2,123,D,external_BF-SUST,accuracy,0.6066106610661066,0.5996318561431373,0.612192376604834,placeholder
bscan_controlled__P2__seed123,bscan_controlled,P2,123,D,external_BF-SUST,balanced_accuracy,0.6066106610661066,,,placeholder
bscan_controlled__P2__seed123,bscan_controlled,P2,123,D,external_BF-SUST,precision_spoof,0.6165536846708943,,,placeholder
bscan_controlled__P2__seed123,bscan_controlled,P2,123,D,external_BF-SUST,recall_spoof_sensitivity,0.5639563956395639,,,placeholder
bscan_controlled__P2__seed123,bscan_controlled,P2,123,D,external_BF-SUST,specificity_bonafide_recall,0.6492649264926492,,,placeholder
bscan_controlled__P2__seed123,bscan_controlled,P2,123,D,external_BF-SUST,f1_spoof,0.5890833115696004,,,placeholder
bscan_controlled__P2__seed123,bscan_controlled,P2,123,D,external_BF-SUST,f1_macro,0.6058936293112498,0.5987363011759025,0.6115825767980384,placeholder
bscan_controlled__P2__seed123,bscan_controlled,P2,123,D,external_BF-SUST,auc,0.6496945424115369,0.6419995785064384,0.6564550892444327,placeholder
bscan_controlled__P2__seed123,bscan_controlled,P2,123,D,external_BF-SUST,eer,0.391039103910391,0.3846659298650233,0.39849368913206296,placeholder
bscan_controlled__P2__seed123,bscan_controlled,P2,123,D,external_BF-SUST,fpr,0.3507350735073507,,,placeholder
bscan_controlled__P2__seed123,bscan_controlled,P2,123,D,external_BF-SUST,fnr,0.43604360436043604,,,placeholder
bscan_controlled__P2__seed123,bscan_controlled,P2,123,D,external_BF-SUST,tp,5639.0,,,placeholder
bscan_controlled__P2__seed123,bscan_controlled,P2,123,D,external_BF-SUST,tn,6492.0,,,placeholder
bscan_controlled__P2__seed123,bscan_controlled,P2,123,D,external_BF-SUST,fp,3507.0,,,placeholder
bscan_controlled__P2__seed123,bscan_controlled,P2,123,D,external_BF-SUST,fn,4360.0,,,placeholder
bscan_controlled__P2__seed123,bscan_controlled,P2,123,D,external_BF-SUST,brier,0.24194678428475863,,,placeholder
bscan_controlled__P2__seed123,bscan_controlled,P2,123,D,external_BF-SUST,ece,0.08102601474822453,,,placeholder
bscan_controlled__P2__seed123,bscan_controlled,P2,123,D,external_BF-SUST,n_clusters,9962.0,,,placeholder
bscan_controlled__P2__seed123,bscan_controlled,P2,123,D,external_BF-MOZ,n,5594.0,,,placeholder
bscan_controlled__P2__seed123,bscan_controlled,P2,123,D,external_BF-MOZ,n_spoof,2797.0,,,placeholder
bscan_controlled__P2__seed123,bscan_controlled,P2,123,D,external_BF-MOZ,n_bonafide,2797.0,,,placeholder
bscan_controlled__P2__seed123,bscan_controlled,P2,123,D,external_BF-MOZ,threshold,0.359184233466091,,,placeholder
bscan_controlled__P2__seed123,bscan_controlled,P2,123,D,external_BF-MOZ,accuracy,0.8063997139792635,0.7953074722917411,0.8156998569896318,placeholder
bscan_controlled__P2__seed123,bscan_controlled,P2,123,D,external_BF-MOZ,balanced_accuracy,0.8063997139792636,,,placeholder
bscan_controlled__P2__seed123,bscan_controlled,P2,123,D,external_BF-MOZ,precision_spoof,0.7349232456140351,,,placeholder
bscan_controlled__P2__seed123,bscan_controlled,P2,123,D,external_BF-MOZ,recall_spoof_sensitivity,0.9585269932070075,,,placeholder
bscan_controlled__P2__seed123,bscan_controlled,P2,123,D,external_BF-MOZ,specificity_bonafide_recall,0.6542724347515195,,,placeholder
bscan_controlled__P2__seed123,bscan_controlled,P2,123,D,external_BF-MOZ,f1_spoof,0.8319627618308767,,,placeholder
bscan_controlled__P2__seed123,bscan_controlled,P2,123,D,external_BF-MOZ,f1_macro,0.8018131329710994,0.7900465481540614,0.8116079142147851,placeholder
bscan_controlled__P2__seed123,bscan_controlled,P2,123,D,external_BF-MOZ,auc,0.9347315149064789,0.9290011554082217,0.9399365305209154,placeholder
bscan_controlled__P2__seed123,bscan_controlled,P2,123,D,external_BF-MOZ,eer,0.14622810153736143,0.13905970682874513,0.1555327136217376,placeholder
bscan_controlled__P2__seed123,bscan_controlled,P2,123,D,external_BF-MOZ,fpr,0.34572756524848053,,,placeholder
bscan_controlled__P2__seed123,bscan_controlled,P2,123,D,external_BF-MOZ,fnr,0.04147300679299249,,,placeholder
bscan_controlled__P2__seed123,bscan_controlled,P2,123,D,external_BF-MOZ,tp,2681.0,,,placeholder
bscan_controlled__P2__seed123,bscan_controlled,P2,123,D,external_BF-MOZ,tn,1830.0,,,placeholder
bscan_controlled__P2__seed123,bscan_controlled,P2,123,D,external_BF-MOZ,fp,967.0,,,placeholder
bscan_controlled__P2__seed123,bscan_controlled,P2,123,D,external_BF-MOZ,fn,116.0,,,placeholder
bscan_controlled__P2__seed123,bscan_controlled,P2,123,D,external_BF-MOZ,brier,0.16170296124456782,,,placeholder
bscan_controlled__P2__seed123,bscan_controlled,P2,123,D,external_BF-MOZ,ece,0.19055584142354814,,,placeholder
bscan_controlled__P2__seed123,bscan_controlled,P2,123,D,external_BF-MOZ,n_clusters,2797.0,,,placeholder
bscan_controlled__P2__seed123,bscan_controlled,P2,123,D,external_BF-NEWS,n,1000.0,,,placeholder
bscan_controlled__P2__seed123,bscan_controlled,P2,123,D,external_BF-NEWS,n_spoof,0.0,,,placeholder
bscan_controlled__P2__seed123,bscan_controlled,P2,123,D,external_BF-NEWS,n_bonafide,1000.0,,,placeholder
bscan_controlled__P2__seed123,bscan_controlled,P2,123,D,external_BF-NEWS,threshold,0.359184233466091,,,placeholder
bscan_controlled__P2__seed123,bscan_controlled,P2,123,D,external_BF-NEWS,accuracy,0.64,,,placeholder
bscan_controlled__P2__seed123,bscan_controlled,P2,123,D,external_BF-NEWS,balanced_accuracy,,,,placeholder
bscan_controlled__P2__seed123,bscan_controlled,P2,123,D,external_BF-NEWS,precision_spoof,0.0,,,placeholder
bscan_controlled__P2__seed123,bscan_controlled,P2,123,D,external_BF-NEWS,recall_spoof_sensitivity,,,,placeholder
bscan_controlled__P2__seed123,bscan_controlled,P2,123,D,external_BF-NEWS,specificity_bonafide_recall,0.64,,,placeholder
bscan_controlled__P2__seed123,bscan_controlled,P2,123,D,external_BF-NEWS,f1_spoof,,,,placeholder
bscan_controlled__P2__seed123,bscan_controlled,P2,123,D,external_BF-NEWS,f1_macro,,,,placeholder
bscan_controlled__P2__seed123,bscan_controlled,P2,123,D,external_BF-NEWS,auc,,,,placeholder
bscan_controlled__P2__seed123,bscan_controlled,P2,123,D,external_BF-NEWS,eer,,,,placeholder
bscan_controlled__P2__seed123,bscan_controlled,P2,123,D,external_BF-NEWS,fpr,0.36,,,placeholder
bscan_controlled__P2__seed123,bscan_controlled,P2,123,D,external_BF-NEWS,fnr,,,,placeholder
bscan_controlled__P2__seed123,bscan_controlled,P2,123,D,external_BF-NEWS,tp,0.0,,,placeholder
bscan_controlled__P2__seed123,bscan_controlled,P2,123,D,external_BF-NEWS,tn,640.0,,,placeholder
bscan_controlled__P2__seed123,bscan_controlled,P2,123,D,external_BF-NEWS,fp,360.0,,,placeholder
bscan_controlled__P2__seed123,bscan_controlled,P2,123,D,external_BF-NEWS,fn,0.0,,,placeholder
bscan_controlled__P2__seed123,bscan_controlled,P2,123,D,external_BF-NEWS,frac_pred_spoof,0.36,0.33524366024366026,0.3900651848151848,placeholder
bscan_controlled__P2__seed123,bscan_controlled,P2,123,D,external_BF-NEWS,n_clusters,997.0,,,placeholder
bscan_controlled__P2__seed2026,bscan_controlled,P2,2026,D,validation,n,900.0,,,placeholder
bscan_controlled__P2__seed2026,bscan_controlled,P2,2026,D,validation,n_spoof,450.0,,,placeholder
bscan_controlled__P2__seed2026,bscan_controlled,P2,2026,D,validation,n_bonafide,450.0,,,placeholder
bscan_controlled__P2__seed2026,bscan_controlled,P2,2026,D,validation,threshold,1.073523532395165,,,placeholder
bscan_controlled__P2__seed2026,bscan_controlled,P2,2026,D,validation,accuracy,0.8311111111111111,0.8121666666666666,0.8478055555555555,placeholder
bscan_controlled__P2__seed2026,bscan_controlled,P2,2026,D,validation,balanced_accuracy,0.8311111111111111,,,placeholder
bscan_controlled__P2__seed2026,bscan_controlled,P2,2026,D,validation,precision_spoof,0.8311111111111111,,,placeholder
bscan_controlled__P2__seed2026,bscan_controlled,P2,2026,D,validation,recall_spoof_sensitivity,0.8311111111111111,,,placeholder
bscan_controlled__P2__seed2026,bscan_controlled,P2,2026,D,validation,specificity_bonafide_recall,0.8311111111111111,,,placeholder
bscan_controlled__P2__seed2026,bscan_controlled,P2,2026,D,validation,f1_spoof,0.8311111111111111,,,placeholder
bscan_controlled__P2__seed2026,bscan_controlled,P2,2026,D,validation,f1_macro,0.8311111111111111,0.8121283132173401,0.847800302928497,placeholder
bscan_controlled__P2__seed2026,bscan_controlled,P2,2026,D,validation,auc,0.9158666666666666,0.9025497530864197,0.9303803703703704,placeholder
bscan_controlled__P2__seed2026,bscan_controlled,P2,2026,D,validation,eer,0.1688888888888889,0.14888888888888885,0.19333333333333336,placeholder
bscan_controlled__P2__seed2026,bscan_controlled,P2,2026,D,validation,fpr,0.1688888888888889,,,placeholder
bscan_controlled__P2__seed2026,bscan_controlled,P2,2026,D,validation,fnr,0.1688888888888889,,,placeholder
bscan_controlled__P2__seed2026,bscan_controlled,P2,2026,D,validation,tp,374.0,,,placeholder
bscan_controlled__P2__seed2026,bscan_controlled,P2,2026,D,validation,tn,374.0,,,placeholder
bscan_controlled__P2__seed2026,bscan_controlled,P2,2026,D,validation,fp,76.0,,,placeholder
bscan_controlled__P2__seed2026,bscan_controlled,P2,2026,D,validation,fn,76.0,,,placeholder
bscan_controlled__P2__seed2026,bscan_controlled,P2,2026,D,validation,brier,0.1670328838869635,,,placeholder
bscan_controlled__P2__seed2026,bscan_controlled,P2,2026,D,validation,ece,0.1793317993223945,,,placeholder
bscan_controlled__P2__seed2026,bscan_controlled,P2,2026,D,validation,n_clusters,15.0,,,placeholder
bscan_controlled__P2__seed2026,bscan_controlled,P2,2026,D,internal_test,n,900.0,,,placeholder
bscan_controlled__P2__seed2026,bscan_controlled,P2,2026,D,internal_test,n_spoof,450.0,,,placeholder
bscan_controlled__P2__seed2026,bscan_controlled,P2,2026,D,internal_test,n_bonafide,450.0,,,placeholder
bscan_controlled__P2__seed2026,bscan_controlled,P2,2026,D,internal_test,threshold,1.073523532395165,,,placeholder
bscan_controlled__P2__seed2026,bscan_controlled,P2,2026,D,internal_test,accuracy,0.87,0.8444444444444444,0.8944722222222222,placeholder
bscan_controlled__P2__seed2026,bscan_controlled,P2,2026,D,internal_test,balanced_accuracy,0.87,,,placeholder
bscan_controlled__P2__seed2026,bscan_controlled,P2,2026,D,internal_test,precision_spoof,0.8535031847133758,,,placeholder
bscan_controlled__P2__seed2026,bscan_controlled,P2,2026,D,internal_test,recall_spoof_sensitivity,0.8933333333333333,,,placeholder
bscan_controlled__P2__seed2026,bscan_controlled,P2,2026,D,internal_test,specificity_bonafide_recall,0.8466666666666667,,,placeholder
bscan_controlled__P2__seed2026,bscan_controlled,P2,2026,D,internal_test,f1_spoof,0.8729641693811074,,,placeholder
bscan_controlled__P2__seed2026,bscan_controlled,P2,2026,D,internal_test,f1_macro,0.8699291836666629,0.8443662620678717,0.8944506289500067,placeholder
bscan_controlled__P2__seed2026,bscan_controlled,P2,2026,D,internal_test,auc,0.9371604938271605,0.9242627160493828,0.9492224691358025,placeholder
bscan_controlled__P2__seed2026,bscan_controlled,P2,2026,D,internal_test,eer,0.13111111111111112,0.10883333333333337,0.15333333333333332,placeholder
bscan_controlled__P2__seed2026,bscan_controlled,P2,2026,D,internal_test,fpr,0.15333333333333332,,,placeholder
bscan_controlled__P2__seed2026,bscan_controlled,P2,2026,D,internal_test,fnr,0.10666666666666667,,,placeholder
bscan_controlled__P2__seed2026,bscan_controlled,P2,2026,D,internal_test,tp,402.0,,,placeholder
bscan_controlled__P2__seed2026,bscan_controlled,P2,2026,D,internal_test,tn,381.0,,,placeholder
bscan_controlled__P2__seed2026,bscan_controlled,P2,2026,D,internal_test,fp,69.0,,,placeholder
bscan_controlled__P2__seed2026,bscan_controlled,P2,2026,D,internal_test,fn,48.0,,,placeholder
bscan_controlled__P2__seed2026,bscan_controlled,P2,2026,D,internal_test,brier,0.17091159321006755,,,placeholder
bscan_controlled__P2__seed2026,bscan_controlled,P2,2026,D,internal_test,ece,0.20051001688395245,,,placeholder
bscan_controlled__P2__seed2026,bscan_controlled,P2,2026,D,internal_test,n_clusters,15.0,,,placeholder
bscan_controlled__P2__seed2026,bscan_controlled,P2,2026,D,external_BF-SUST,n,19998.0,,,placeholder
bscan_controlled__P2__seed2026,bscan_controlled,P2,2026,D,external_BF-SUST,n_spoof,9999.0,,,placeholder
bscan_controlled__P2__seed2026,bscan_controlled,P2,2026,D,external_BF-SUST,n_bonafide,9999.0,,,placeholder
bscan_controlled__P2__seed2026,bscan_controlled,P2,2026,D,external_BF-SUST,threshold,1.073523532395165,,,placeholder
bscan_controlled__P2__seed2026,bscan_controlled,P2,2026,D,external_BF-SUST,accuracy,0.7631763176317632,0.7582764747864285,0.7687782253037181,placeholder
bscan_controlled__P2__seed2026,bscan_controlled,P2,2026,D,external_BF-SUST,balanced_accuracy,0.7631763176317632,,,placeholder
bscan_controlled__P2__seed2026,bscan_controlled,P2,2026,D,external_BF-SUST,precision_spoof,0.8265293460727138,,,placeholder
bscan_controlled__P2__seed2026,bscan_controlled,P2,2026,D,external_BF-SUST,recall_spoof_sensitivity,0.6661666166616662,,,placeholder
bscan_controlled__P2__seed2026,bscan_controlled,P2,2026,D,external_BF-SUST,specificity_bonafide_recall,0.8601860186018602,,,placeholder
bscan_controlled__P2__seed2026,bscan_controlled,P2,2026,D,external_BF-SUST,f1_spoof,0.7377339683242884,,,placeholder
bscan_controlled__P2__seed2026,bscan_controlled,P2,2026,D,external_BF-SUST,f1_macro,0.7609264244028224,0.7558642282926787,0.7666599373626128,placeholder
bscan_controlled__P2__seed2026,bscan_controlled,P2,2026,D,external_BF-SUST,auc,0.8554050924644421,0.8509560403374596,0.8606129246007037,placeholder
bscan_controlled__P2__seed2026,bscan_controlled,P2,2026,D,external_BF-SUST,eer,0.22902290229022904,0.2229043956548925,0.2349421402240864,placeholder
bscan_controlled__P2__seed2026,bscan_controlled,P2,2026,D,external_BF-SUST,fpr,0.1398139813981398,,,placeholder
bscan_controlled__P2__seed2026,bscan_controlled,P2,2026,D,external_BF-SUST,fnr,0.33383338333833384,,,placeholder
bscan_controlled__P2__seed2026,bscan_controlled,P2,2026,D,external_BF-SUST,tp,6661.0,,,placeholder
bscan_controlled__P2__seed2026,bscan_controlled,P2,2026,D,external_BF-SUST,tn,8601.0,,,placeholder
bscan_controlled__P2__seed2026,bscan_controlled,P2,2026,D,external_BF-SUST,fp,1398.0,,,placeholder
bscan_controlled__P2__seed2026,bscan_controlled,P2,2026,D,external_BF-SUST,fn,3338.0,,,placeholder
bscan_controlled__P2__seed2026,bscan_controlled,P2,2026,D,external_BF-SUST,brier,0.1837925969181959,,,placeholder
bscan_controlled__P2__seed2026,bscan_controlled,P2,2026,D,external_BF-SUST,ece,0.14232881010026938,,,placeholder
bscan_controlled__P2__seed2026,bscan_controlled,P2,2026,D,external_BF-SUST,n_clusters,9962.0,,,placeholder
bscan_controlled__P2__seed2026,bscan_controlled,P2,2026,D,external_BF-MOZ,n,5594.0,,,placeholder
bscan_controlled__P2__seed2026,bscan_controlled,P2,2026,D,external_BF-MOZ,n_spoof,2797.0,,,placeholder
bscan_controlled__P2__seed2026,bscan_controlled,P2,2026,D,external_BF-MOZ,n_bonafide,2797.0,,,placeholder
bscan_controlled__P2__seed2026,bscan_controlled,P2,2026,D,external_BF-MOZ,threshold,1.073523532395165,,,placeholder
bscan_controlled__P2__seed2026,bscan_controlled,P2,2026,D,external_BF-MOZ,accuracy,0.788165892027172,0.7784903468001431,0.798538612799428,placeholder
bscan_controlled__P2__seed2026,bscan_controlled,P2,2026,D,external_BF-MOZ,balanced_accuracy,0.7881658920271719,,,placeholder
bscan_controlled__P2__seed2026,bscan_controlled,P2,2026,D,external_BF-MOZ,precision_spoof,0.8300573300573301,,,placeholder
bscan_controlled__P2__seed2026,bscan_controlled,P2,2026,D,external_BF-MOZ,recall_spoof_sensitivity,0.7247050411154808,,,placeholder
bscan_controlled__P2__seed2026,bscan_controlled,P2,2026,D,external_BF-MOZ,specificity_bonafide_recall,0.8516267429388631,,,placeholder
bscan_controlled__P2__seed2026,bscan_controlled,P2,2026,D,external_BF-MOZ,f1_spoof,0.7738117961443024,,,placeholder
bscan_controlled__P2__seed2026,bscan_controlled,P2,2026,D,external_BF-MOZ,f1_macro,0.7873093272199072,0.7773114934646065,0.79778319872528,placeholder
bscan_controlled__P2__seed2026,bscan_controlled,P2,2026,D,external_BF-MOZ,auc,0.8779885594261894,0.8692678541503877,0.8865683826163918,placeholder
bscan_controlled__P2__seed2026,bscan_controlled,P2,2026,D,external_BF-MOZ,eer,0.20343224883804079,0.1923489452985342,0.21666070790132286,placeholder
bscan_controlled__P2__seed2026,bscan_controlled,P2,2026,D,external_BF-MOZ,fpr,0.14837325706113694,,,placeholder
bscan_controlled__P2__seed2026,bscan_controlled,P2,2026,D,external_BF-MOZ,fnr,0.2752949588845191,,,placeholder
bscan_controlled__P2__seed2026,bscan_controlled,P2,2026,D,external_BF-MOZ,tp,2027.0,,,placeholder
bscan_controlled__P2__seed2026,bscan_controlled,P2,2026,D,external_BF-MOZ,tn,2382.0,,,placeholder
bscan_controlled__P2__seed2026,bscan_controlled,P2,2026,D,external_BF-MOZ,fp,415.0,,,placeholder
bscan_controlled__P2__seed2026,bscan_controlled,P2,2026,D,external_BF-MOZ,fn,770.0,,,placeholder
bscan_controlled__P2__seed2026,bscan_controlled,P2,2026,D,external_BF-MOZ,brier,0.1788935676709071,,,placeholder
bscan_controlled__P2__seed2026,bscan_controlled,P2,2026,D,external_BF-MOZ,ece,0.15815955097987477,,,placeholder
bscan_controlled__P2__seed2026,bscan_controlled,P2,2026,D,external_BF-MOZ,n_clusters,2797.0,,,placeholder
bscan_controlled__P2__seed2026,bscan_controlled,P2,2026,D,external_BF-NEWS,n,1000.0,,,placeholder
bscan_controlled__P2__seed2026,bscan_controlled,P2,2026,D,external_BF-NEWS,n_spoof,0.0,,,placeholder
bscan_controlled__P2__seed2026,bscan_controlled,P2,2026,D,external_BF-NEWS,n_bonafide,1000.0,,,placeholder
bscan_controlled__P2__seed2026,bscan_controlled,P2,2026,D,external_BF-NEWS,threshold,1.073523532395165,,,placeholder
bscan_controlled__P2__seed2026,bscan_controlled,P2,2026,D,external_BF-NEWS,accuracy,0.871,,,placeholder
bscan_controlled__P2__seed2026,bscan_controlled,P2,2026,D,external_BF-NEWS,balanced_accuracy,,,,placeholder
bscan_controlled__P2__seed2026,bscan_controlled,P2,2026,D,external_BF-NEWS,precision_spoof,0.0,,,placeholder
bscan_controlled__P2__seed2026,bscan_controlled,P2,2026,D,external_BF-NEWS,recall_spoof_sensitivity,,,,placeholder
bscan_controlled__P2__seed2026,bscan_controlled,P2,2026,D,external_BF-NEWS,specificity_bonafide_recall,0.871,,,placeholder
bscan_controlled__P2__seed2026,bscan_controlled,P2,2026,D,external_BF-NEWS,f1_spoof,,,,placeholder
bscan_controlled__P2__seed2026,bscan_controlled,P2,2026,D,external_BF-NEWS,f1_macro,,,,placeholder
bscan_controlled__P2__seed2026,bscan_controlled,P2,2026,D,external_BF-NEWS,auc,,,,placeholder
bscan_controlled__P2__seed2026,bscan_controlled,P2,2026,D,external_BF-NEWS,eer,,,,placeholder
bscan_controlled__P2__seed2026,bscan_controlled,P2,2026,D,external_BF-NEWS,fpr,0.129,,,placeholder
bscan_controlled__P2__seed2026,bscan_controlled,P2,2026,D,external_BF-NEWS,fnr,,,,placeholder
bscan_controlled__P2__seed2026,bscan_controlled,P2,2026,D,external_BF-NEWS,tp,0.0,,,placeholder
bscan_controlled__P2__seed2026,bscan_controlled,P2,2026,D,external_BF-NEWS,tn,871.0,,,placeholder
bscan_controlled__P2__seed2026,bscan_controlled,P2,2026,D,external_BF-NEWS,fp,129.0,,,placeholder
bscan_controlled__P2__seed2026,bscan_controlled,P2,2026,D,external_BF-NEWS,fn,0.0,,,placeholder
bscan_controlled__P2__seed2026,bscan_controlled,P2,2026,D,external_BF-NEWS,frac_pred_spoof,0.129,0.10699732767232767,0.1480212787212787,placeholder
bscan_controlled__P2__seed2026,bscan_controlled,P2,2026,D,external_BF-NEWS,n_clusters,997.0,,,placeholder
mfcc_only__P1__seed123,mfcc_only,P1,123,D,validation,n,2998.0,,,placeholder
mfcc_only__P1__seed123,mfcc_only,P1,123,D,validation,n_spoof,1499.0,,,placeholder
mfcc_only__P1__seed123,mfcc_only,P1,123,D,validation,n_bonafide,1499.0,,,placeholder
mfcc_only__P1__seed123,mfcc_only,P1,123,D,validation,threshold,0.9622687217673936,,,placeholder
mfcc_only__P1__seed123,mfcc_only,P1,123,D,validation,accuracy,0.8415610406937959,0.8270222983546663,0.8563866065464262,placeholder
mfcc_only__P1__seed123,mfcc_only,P1,123,D,validation,balanced_accuracy,0.8415610406937959,,,placeholder
mfcc_only__P1__seed123,mfcc_only,P1,123,D,validation,precision_spoof,0.8417890520694259,,,placeholder
mfcc_only__P1__seed123,mfcc_only,P1,123,D,validation,recall_spoof_sensitivity,0.8412274849899933,,,placeholder
mfcc_only__P1__seed123,mfcc_only,P1,123,D,validation,specificity_bonafide_recall,0.8418945963975984,,,placeholder
mfcc_only__P1__seed123,mfcc_only,P1,123,D,validation,f1_spoof,0.8415081748415082,,,placeholder
mfcc_only__P1__seed123,mfcc_only,P1,123,D,validation,f1_macro,0.8415610230659691,0.8270217823069957,0.8563801283922328,placeholder
mfcc_only__P1__seed123,mfcc_only,P1,123,D,validation,auc,0.9251099576724711,0.9143355841770876,0.9344895684223302,placeholder
mfcc_only__P1__seed123,mfcc_only,P1,123,D,validation,eer,0.15877251501000667,0.14360148869166905,0.17369448509836763,placeholder
mfcc_only__P1__seed123,mfcc_only,P1,123,D,validation,fpr,0.1581054036024016,,,placeholder
mfcc_only__P1__seed123,mfcc_only,P1,123,D,validation,fnr,0.15877251501000667,,,placeholder
mfcc_only__P1__seed123,mfcc_only,P1,123,D,validation,tp,1261.0,,,placeholder
mfcc_only__P1__seed123,mfcc_only,P1,123,D,validation,tn,1262.0,,,placeholder
mfcc_only__P1__seed123,mfcc_only,P1,123,D,validation,fp,237.0,,,placeholder
mfcc_only__P1__seed123,mfcc_only,P1,123,D,validation,fn,238.0,,,placeholder
mfcc_only__P1__seed123,mfcc_only,P1,123,D,validation,brier,0.1612099395261075,,,placeholder
mfcc_only__P1__seed123,mfcc_only,P1,123,D,validation,ece,0.18022234468339293,,,placeholder
mfcc_only__P1__seed123,mfcc_only,P1,123,D,validation,n_clusters,1495.0,,,placeholder
mfcc_only__P1__seed123,mfcc_only,P1,123,D,internal_test,n,2998.0,,,placeholder
mfcc_only__P1__seed123,mfcc_only,P1,123,D,internal_test,n_spoof,1499.0,,,placeholder
mfcc_only__P1__seed123,mfcc_only,P1,123,D,internal_test,n_bonafide,1499.0,,,placeholder
mfcc_only__P1__seed123,mfcc_only,P1,123,D,internal_test,threshold,0.9622687217673936,,,placeholder
mfcc_only__P1__seed123,mfcc_only,P1,123,D,internal_test,accuracy,0.6507671781187458,0.6332620878849092,0.6665889407061959,placeholder
mfcc_only__P1__seed123,mfcc_only,P1,123,D,internal_test,balanced_accuracy,0.6507671781187458,,,placeholder
mfcc_only__P1__seed123,mfcc_only,P1,123,D,internal_test,precision_spoof,0.739406779661017,,,placeholder
mfcc_only__P1__seed123,mfcc_only,P1,123,D,internal_test,recall_spoof_sensitivity,0.4656437625083389,,,placeholder
mfcc_only__P1__seed123,mfcc_only,P1,123,D,internal_test,specificity_bonafide_recall,0.8358905937291528,,,placeholder
mfcc_only__P1__seed123,mfcc_only,P1,123,D,internal_test,f1_spoof,0.5714285714285714,,,placeholder
mfcc_only__P1__seed123,mfcc_only,P1,123,D,internal_test,f1_macro,0.6383740098910378,0.6193701662061428,0.6562242048556953,placeholder
mfcc_only__P1__seed123,mfcc_only,P1,123,D,internal_test,auc,0.7255915773958267,0.7060833564135339,0.7425131364478593,placeholder
mfcc_only__P1__seed123,mfcc_only,P1,123,D,internal_test,eer,0.3355570380253502,0.3172801298800132,0.35352963893372324,placeholder
mfcc_only__P1__seed123,mfcc_only,P1,123,D,internal_test,fpr,0.16410940627084722,,,placeholder
mfcc_only__P1__seed123,mfcc_only,P1,123,D,internal_test,fnr,0.5343562374916611,,,placeholder
mfcc_only__P1__seed123,mfcc_only,P1,123,D,internal_test,tp,698.0,,,placeholder
mfcc_only__P1__seed123,mfcc_only,P1,123,D,internal_test,tn,1253.0,,,placeholder
mfcc_only__P1__seed123,mfcc_only,P1,123,D,internal_test,fp,246.0,,,placeholder
mfcc_only__P1__seed123,mfcc_only,P1,123,D,internal_test,fn,801.0,,,placeholder
mfcc_only__P1__seed123,mfcc_only,P1,123,D,internal_test,brier,0.21997283328486258,,,placeholder
mfcc_only__P1__seed123,mfcc_only,P1,123,D,internal_test,ece,0.08794948452113356,,,placeholder
mfcc_only__P1__seed123,mfcc_only,P1,123,D,internal_test,n_clusters,1494.0,,,placeholder
mfcc_only__P1__seed123,mfcc_only,P1,123,D,external_BF-MOZ,n,5594.0,,,placeholder
mfcc_only__P1__seed123,mfcc_only,P1,123,D,external_BF-MOZ,n_spoof,2797.0,,,placeholder
mfcc_only__P1__seed123,mfcc_only,P1,123,D,external_BF-MOZ,n_bonafide,2797.0,,,placeholder
mfcc_only__P1__seed123,mfcc_only,P1,123,D,external_BF-MOZ,threshold,0.9622687217673936,,,placeholder
mfcc_only__P1__seed123,mfcc_only,P1,123,D,external_BF-MOZ,accuracy,0.6841258491240615,0.6691097604576332,0.695745441544512,placeholder
mfcc_only__P1__seed123,mfcc_only,P1,123,D,external_BF-MOZ,balanced_accuracy,0.6841258491240615,,,placeholder
mfcc_only__P1__seed123,mfcc_only,P1,123,D,external_BF-MOZ,precision_spoof,0.7603640040444893,,,placeholder
mfcc_only__P1__seed123,mfcc_only,P1,123,D,external_BF-MOZ,recall_spoof_sensitivity,0.5377189846263855,,,placeholder
mfcc_only__P1__seed123,mfcc_only,P1,123,D,external_BF-MOZ,specificity_bonafide_recall,0.8305327136217375,,,placeholder
mfcc_only__P1__seed123,mfcc_only,P1,123,D,external_BF-MOZ,f1_spoof,0.6299476439790576,,,placeholder
mfcc_only__P1__seed123,mfcc_only,P1,123,D,external_BF-MOZ,f1_macro,0.6772067862808121,0.6616549840131187,0.6891814223939557,placeholder
mfcc_only__P1__seed123,mfcc_only,P1,123,D,external_BF-MOZ,auc,0.7734424582035325,0.7592250699169613,0.786695728057374,placeholder
mfcc_only__P1__seed123,mfcc_only,P1,123,D,external_BF-MOZ,eer,0.3038970325348588,0.29065069717554526,0.31606185198426884,placeholder
mfcc_only__P1__seed123,mfcc_only,P1,123,D,external_BF-MOZ,fpr,0.16946728637826242,,,placeholder
mfcc_only__P1__seed123,mfcc_only,P1,123,D,external_BF-MOZ,fnr,0.4622810153736146,,,placeholder
mfcc_only__P1__seed123,mfcc_only,P1,123,D,external_BF-MOZ,tp,1504.0,,,placeholder
mfcc_only__P1__seed123,mfcc_only,P1,123,D,external_BF-MOZ,tn,2323.0,,,placeholder
mfcc_only__P1__seed123,mfcc_only,P1,123,D,external_BF-MOZ,fp,474.0,,,placeholder
mfcc_only__P1__seed123,mfcc_only,P1,123,D,external_BF-MOZ,fn,1293.0,,,placeholder
mfcc_only__P1__seed123,mfcc_only,P1,123,D,external_BF-MOZ,brier,0.20569771881349458,,,placeholder
mfcc_only__P1__seed123,mfcc_only,P1,123,D,external_BF-MOZ,ece,0.10575653703666714,,,placeholder
mfcc_only__P1__seed123,mfcc_only,P1,123,D,external_BF-MOZ,n_clusters,2797.0,,,placeholder
mfcc_only__P1__seed123,mfcc_only,P1,123,D,external_MEN,n,4500.0,,,placeholder
mfcc_only__P1__seed123,mfcc_only,P1,123,D,external_MEN,n_spoof,2250.0,,,placeholder
mfcc_only__P1__seed123,mfcc_only,P1,123,D,external_MEN,n_bonafide,2250.0,,,placeholder
mfcc_only__P1__seed123,mfcc_only,P1,123,D,external_MEN,threshold,0.9622687217673936,,,placeholder
mfcc_only__P1__seed123,mfcc_only,P1,123,D,external_MEN,accuracy,0.8291111111111111,0.8199888888888889,0.8388888888888889,placeholder
mfcc_only__P1__seed123,mfcc_only,P1,123,D,external_MEN,balanced_accuracy,0.8291111111111111,,,placeholder
mfcc_only__P1__seed123,mfcc_only,P1,123,D,external_MEN,precision_spoof,0.8295505117935025,,,placeholder
mfcc_only__P1__seed123,mfcc_only,P1,123,D,external_MEN,recall_spoof_sensitivity,0.8284444444444444,,,placeholder
mfcc_only__P1__seed123,mfcc_only,P1,123,D,external_MEN,specificity_bonafide_recall,0.8297777777777777,,,placeholder
mfcc_only__P1__seed123,mfcc_only,P1,123,D,external_MEN,f1_spoof,0.8289971091839003,,,placeholder
mfcc_only__P1__seed123,mfcc_only,P1,123,D,external_MEN,f1_macro,0.82911103516046,0.8199783982177331,0.8388600188377366,placeholder
mfcc_only__P1__seed123,mfcc_only,P1,123,D,external_MEN,auc,0.905176098765432,0.8983503703703704,0.9123342123456788,placeholder
mfcc_only__P1__seed123,mfcc_only,P1,123,D,external_MEN,eer,0.1711111111111111,0.16133333333333333,0.1809111111111111,placeholder
mfcc_only__P1__seed123,mfcc_only,P1,123,D,external_MEN,fpr,0.17022222222222222,,,placeholder
mfcc_only__P1__seed123,mfcc_only,P1,123,D,external_MEN,fnr,0.17155555555555554,,,placeholder
mfcc_only__P1__seed123,mfcc_only,P1,123,D,external_MEN,tp,1864.0,,,placeholder
mfcc_only__P1__seed123,mfcc_only,P1,123,D,external_MEN,tn,1867.0,,,placeholder
mfcc_only__P1__seed123,mfcc_only,P1,123,D,external_MEN,fp,383.0,,,placeholder
mfcc_only__P1__seed123,mfcc_only,P1,123,D,external_MEN,fn,386.0,,,placeholder
mfcc_only__P1__seed123,mfcc_only,P1,123,D,external_MEN,brier,0.17134081753033867,,,placeholder
mfcc_only__P1__seed123,mfcc_only,P1,123,D,external_MEN,ece,0.17479899958347475,,,placeholder
mfcc_only__P1__seed123,mfcc_only,P1,123,D,external_MEN,n_clusters,75.0,,,placeholder
mfcc_only__P1__seed123,mfcc_only,P1,123,D,external_BF-NEWS,n,1000.0,,,placeholder
mfcc_only__P1__seed123,mfcc_only,P1,123,D,external_BF-NEWS,n_spoof,0.0,,,placeholder
mfcc_only__P1__seed123,mfcc_only,P1,123,D,external_BF-NEWS,n_bonafide,1000.0,,,placeholder
mfcc_only__P1__seed123,mfcc_only,P1,123,D,external_BF-NEWS,threshold,0.9622687217673936,,,placeholder
mfcc_only__P1__seed123,mfcc_only,P1,123,D,external_BF-NEWS,accuracy,0.826,,,placeholder
mfcc_only__P1__seed123,mfcc_only,P1,123,D,external_BF-NEWS,balanced_accuracy,,,,placeholder
mfcc_only__P1__seed123,mfcc_only,P1,123,D,external_BF-NEWS,precision_spoof,0.0,,,placeholder
mfcc_only__P1__seed123,mfcc_only,P1,123,D,external_BF-NEWS,recall_spoof_sensitivity,,,,placeholder
mfcc_only__P1__seed123,mfcc_only,P1,123,D,external_BF-NEWS,specificity_bonafide_recall,0.826,,,placeholder
mfcc_only__P1__seed123,mfcc_only,P1,123,D,external_BF-NEWS,f1_spoof,0.0,,,placeholder
mfcc_only__P1__seed123,mfcc_only,P1,123,D,external_BF-NEWS,f1_macro,,,,placeholder
mfcc_only__P1__seed123,mfcc_only,P1,123,D,external_BF-NEWS,auc,,,,placeholder
mfcc_only__P1__seed123,mfcc_only,P1,123,D,external_BF-NEWS,eer,,,,placeholder
mfcc_only__P1__seed123,mfcc_only,P1,123,D,external_BF-NEWS,fpr,0.174,,,placeholder
mfcc_only__P1__seed123,mfcc_only,P1,123,D,external_BF-NEWS,fnr,,,,placeholder
mfcc_only__P1__seed123,mfcc_only,P1,123,D,external_BF-NEWS,tp,0.0,,,placeholder
mfcc_only__P1__seed123,mfcc_only,P1,123,D,external_BF-NEWS,tn,826.0,,,placeholder
mfcc_only__P1__seed123,mfcc_only,P1,123,D,external_BF-NEWS,fp,174.0,,,placeholder
mfcc_only__P1__seed123,mfcc_only,P1,123,D,external_BF-NEWS,fn,0.0,,,placeholder
mfcc_only__P1__seed123,mfcc_only,P1,123,D,external_BF-NEWS,frac_pred_spoof,0.174,0.151975,0.1968031968031968,placeholder
mfcc_only__P1__seed123,mfcc_only,P1,123,D,external_BF-NEWS,n_clusters,997.0,,,placeholder
mfcc_only__P1__seed2026,mfcc_only,P1,2026,D,validation,n,2998.0,,,placeholder
mfcc_only__P1__seed2026,mfcc_only,P1,2026,D,validation,n_spoof,1499.0,,,placeholder
mfcc_only__P1__seed2026,mfcc_only,P1,2026,D,validation,n_bonafide,1499.0,,,placeholder
mfcc_only__P1__seed2026,mfcc_only,P1,2026,D,validation,threshold,0.632976776836201,,,placeholder
mfcc_only__P1__seed2026,mfcc_only,P1,2026,D,validation,accuracy,0.7461641094062709,0.7306615230460922,0.7653994129152412,placeholder
mfcc_only__P1__seed2026,mfcc_only,P1,2026,D,validation,balanced_accuracy,0.7461641094062709,,,placeholder
mfcc_only__P1__seed2026,mfcc_only,P1,2026,D,validation,precision_spoof,0.7463284379172229,,,placeholder
mfcc_only__P1__seed2026,mfcc_only,P1,2026,D,validation,recall_spoof_sensitivity,0.7458305537024683,,,placeholder
mfcc_only__P1__seed2026,mfcc_only,P1,2026,D,validation,specificity_bonafide_recall,0.7464976651100734,,,placeholder
mfcc_only__P1__seed2026,mfcc_only,P1,2026,D,validation,f1_spoof,0.7460794127460794,,,placeholder
mfcc_only__P1__seed2026,mfcc_only,P1,2026,D,validation,f1_macro,0.7461640811646368,0.7306602012587602,0.7653935122000033,placeholder
mfcc_only__P1__seed2026,mfcc_only,P1,2026,D,validation,auc,0.819232835232383,0.8053511079258628,0.8371836578921134,placeholder
mfcc_only__P1__seed2026,mfcc_only,P1,2026,D,validation,eer,0.25350233488992663,0.23311623246492985,0.2687454900889122,placeholder
mfcc_only__P1__seed2026,mfcc_only,P1,2026,D,validation,fpr,0.25350233488992663,,,placeholder
mfcc_only__P1__seed2026,mfcc_only,P1,2026,D,validation,fnr,0.2541694462975317,,,placeholder
mfcc_only__P1__seed2026,mfcc_only,P1,2026,D,validation,tp,1118.0,,,placeholder
mfcc_only__P1__seed2026,mfcc_only,P1,2026,D,validation,tn,1119.0,,,placeholder
mfcc_only__P1__seed2026,mfcc_only,P1,2026,D,validation,fp,380.0,,,placeholder
mfcc_only__P1__seed2026,mfcc_only,P1,2026,D,validation,fn,381.0,,,placeholder
mfcc_only__P1__seed2026,mfcc_only,P1,2026,D,validation,brier,0.1925807386890509,,,placeholder
mfcc_only__P1__seed2026,mfcc_only,P1,2026,D,validation,ece,0.12307115271230899,,,placeholder
mfcc_only__P1__seed2026,mfcc_only,P1,2026,D,validation,n_clusters,1495.0,,,placeholder
mfcc_only__P1__seed2026,mfcc_only,P1,2026,D,internal_test,n,2998.0,,,placeholder
mfcc_only__P1__seed2026,mfcc_only,P1,2026,D,internal_test,n_spoof,1499.0,,,placeholder
mfcc_only__P1__seed2026,mfcc_only,P1,2026,D,internal_test,n_bonafide,1499.0,,,placeholder
mfcc_only__P1__seed2026,mfcc_only,P1,2026,D,internal_test,threshold,0.632976776836201,,,placeholder
mfcc_only__P1__seed2026,mfcc_only,P1,2026,D,internal_test,accuracy,0.7965310206804537,0.7831264506817202,0.8070156458055925,placeholder
mfcc_only__P1__seed2026,mfcc_only,P1,2026,D,internal_test,balanced_accuracy,0.7965310206804537,,,placeholder
mfcc_only__P1__seed2026,mfcc_only,P1,2026,D,internal_test,precision_spoof,0.7591836734693878,,,placeholder
mfcc_only__P1__seed2026,mfcc_only,P1,2026,D,internal_test,recall_spoof_sensitivity,0.8685790527018012,,,placeholder
mfcc_only__P1__seed2026,mfcc_only,P1,2026,D,internal_test,specificity_bonafide_recall,0.7244829886591061,,,placeholder
mfcc_only__P1__seed2026,mfcc_only,P1,2026,D,internal_test,f1_spoof,0.8102053515868077,,,placeholder
mfcc_only__P1__seed2026,mfcc_only,P1,2026,D,internal_test,f1_macro,0.7954693184964952,0.7817956200459834,0.8060754802328645,placeholder
mfcc_only__P1__seed2026,mfcc_only,P1,2026,D,internal_test,auc,0.8845723700167467,0.8735832742063092,0.8955955695905037,placeholder
mfcc_only__P1__seed2026,mfcc_only,P1,2026,D,internal_test,eer,0.1954636424282855,0.184954763054738,0.20905534993644634,placeholder
mfcc_only__P1__seed2026,mfcc_only,P1,2026,D,internal_test,fpr,0.2755170113408939,,,placeholder
mfcc_only__P1__seed2026,mfcc_only,P1,2026,D,internal_test,fnr,0.1314209472981988,,,placeholder
mfcc_only__P1__seed2026,mfcc_only,P1,2026,D,internal_test,tp,1302.0,,,placeholder
mfcc_only__P1__seed2026,mfcc_only,P1,2026,D,internal_test,tn,1086.0,,,placeholder
mfcc_only__P1__seed2026,mfcc_only,P1,2026,D,internal_test,fp,413.0,,,placeholder
mfcc_only__P1__seed2026,mfcc_only,P1,2026,D,internal_test,fn,197.0,,,placeholder
mfcc_only__P1__seed2026,mfcc_only,P1,2026,D,internal_test,brier,0.17695028550169392,,,placeholder
mfcc_only__P1__seed2026,mfcc_only,P1,2026,D,internal_test,ece,0.1618532285734179,,,placeholder
mfcc_only__P1__seed2026,mfcc_only,P1,2026,D,internal_test,n_clusters,1494.0,,,placeholder
mfcc_only__P1__seed2026,mfcc_only,P1,2026,D,external_BF-MOZ,n,5594.0,,,placeholder
mfcc_only__P1__seed2026,mfcc_only,P1,2026,D,external_BF-MOZ,n_spoof,2797.0,,,placeholder
mfcc_only__P1__seed2026,mfcc_only,P1,2026,D,external_BF-MOZ,n_bonafide,2797.0,,,placeholder
mfcc_only__P1__seed2026,mfcc_only,P1,2026,D,external_BF-MOZ,threshold,0.632976776836201,,,placeholder
mfcc_only__P1__seed2026,mfcc_only,P1,2026,D,external_BF-MOZ,accuracy,0.8405434393993565,0.8317751161959243,0.8507552735073293,placeholder
mfcc_only__P1__seed2026,mfcc_only,P1,2026,D,external_BF-MOZ,balanced_accuracy,0.8405434393993565,,,placeholder
mfcc_only__P1__seed2026,mfcc_only,P1,2026,D,external_BF-MOZ,precision_spoof,0.7789165446559297,,,placeholder
mfcc_only__P1__seed2026,mfcc_only,P1,2026,D,external_BF-MOZ,recall_spoof_sensitivity,0.9510189488737933,,,placeholder
mfcc_only__P1__seed2026,mfcc_only,P1,2026,D,external_BF-MOZ,specificity_bonafide_recall,0.7300679299249195,,,placeholder
mfcc_only__P1__seed2026,mfcc_only,P1,2026,D,external_BF-MOZ,f1_spoof,0.8564069542820347,,,placeholder
mfcc_only__P1__seed2026,mfcc_only,P1,2026,D,external_BF-MOZ,f1_macro,0.8385732520606315,0.8294916998016773,0.8493197717831051,placeholder
mfcc_only__P1__seed2026,mfcc_only,P1,2026,D,external_BF-MOZ,auc,0.9454979408066435,0.9395796117680096,0.9513573426198891,placeholder
mfcc_only__P1__seed2026,mfcc_only,P1,2026,D,external_BF-MOZ,eer,0.12656417590275296,0.11762602788702181,0.1340990346800143,placeholder
mfcc_only__P1__seed2026,mfcc_only,P1,2026,D,external_BF-MOZ,fpr,0.26993207007508047,,,placeholder
mfcc_only__P1__seed2026,mfcc_only,P1,2026,D,external_BF-MOZ,fnr,0.04898105112620665,,,placeholder
mfcc_only__P1__seed2026,mfcc_only,P1,2026,D,external_BF-MOZ,tp,2660.0,,,placeholder
mfcc_only__P1__seed2026,mfcc_only,P1,2026,D,external_BF-MOZ,tn,2042.0,,,placeholder
mfcc_only__P1__seed2026,mfcc_only,P1,2026,D,external_BF-MOZ,fp,755.0,,,placeholder
mfcc_only__P1__seed2026,mfcc_only,P1,2026,D,external_BF-MOZ,fn,137.0,,,placeholder
mfcc_only__P1__seed2026,mfcc_only,P1,2026,D,external_BF-MOZ,brier,0.1613307595459655,,,placeholder
mfcc_only__P1__seed2026,mfcc_only,P1,2026,D,external_BF-MOZ,ece,0.2017080026629619,,,placeholder
mfcc_only__P1__seed2026,mfcc_only,P1,2026,D,external_BF-MOZ,n_clusters,2797.0,,,placeholder
mfcc_only__P1__seed2026,mfcc_only,P1,2026,D,external_MEN,n,4500.0,,,placeholder
mfcc_only__P1__seed2026,mfcc_only,P1,2026,D,external_MEN,n_spoof,2250.0,,,placeholder
mfcc_only__P1__seed2026,mfcc_only,P1,2026,D,external_MEN,n_bonafide,2250.0,,,placeholder
mfcc_only__P1__seed2026,mfcc_only,P1,2026,D,external_MEN,threshold,0.632976776836201,,,placeholder
mfcc_only__P1__seed2026,mfcc_only,P1,2026,D,external_MEN,accuracy,0.7217777777777777,0.7088888888888889,0.73535,placeholder
mfcc_only__P1__seed2026,mfcc_only,P1,2026,D,external_MEN,balanced_accuracy,0.7217777777777779,,,placeholder
mfcc_only__P1__seed2026,mfcc_only,P1,2026,D,external_MEN,precision_spoof,0.7282708142726441,,,placeholder
mfcc_only__P1__seed2026,mfcc_only,P1,2026,D,external_MEN,recall_spoof_sensitivity,0.7075555555555556,,,placeholder
mfcc_only__P1__seed2026,mfcc_only,P1,2026,D,external_MEN,specificity_bonafide_recall,0.736,,,placeholder
mfcc_only__P1__seed2026,mfcc_only,P1,2026,D,external_MEN,f1_spoof,0.7177637511271415,,,placeholder
mfcc_only__P1__seed2026,mfcc_only,P1,2026,D,external_MEN,f1_macro,0.7217214899369275,0.7088773805526162,0.7352776097963146,placeholder
mfcc_only__P1__seed2026,mfcc_only,P1,2026,D,external_MEN,auc,0.8013716543209877,0.7882652839506173,0.8124647308641975,placeholder
mfcc_only__P1__seed2026,mfcc_only,P1,2026,D,external_MEN,eer,0.27822222222222226,0.2644222222222223,0.29023333333333334,placeholder
mfcc_only__P1__seed2026,mfcc_only,P1,2026,D,external_MEN,fpr,0.264,,,placeholder
mfcc_only__P1__seed2026,mfcc_only,P1,2026,D,external_MEN,fnr,0.29244444444444445,,,placeholder
mfcc_only__P1__seed2026,mfcc_only,P1,2026,D,external_MEN,tp,1592.0,,,placeholder
mfcc_only__P1__seed2026,mfcc_only,P1,2026,D,external_MEN,tn,1656.0,,,placeholder
mfcc_only__P1__seed2026,mfcc_only,P1,2026,D,external_MEN,fp,594.0,,,placeholder
mfcc_only__P1__seed2026,mfcc_only,P1,2026,D,external_MEN,fn,658.0,,,placeholder
mfcc_only__P1__seed2026,mfcc_only,P1,2026,D,external_MEN,brier,0.19678879068442004,,,placeholder
mfcc_only__P1__seed2026,mfcc_only,P1,2026,D,external_MEN,ece,0.1101901541187781,,,placeholder
mfcc_only__P1__seed2026,mfcc_only,P1,2026,D,external_MEN,n_clusters,75.0,,,placeholder
mfcc_only__P1__seed2026,mfcc_only,P1,2026,D,external_BF-NEWS,n,1000.0,,,placeholder
mfcc_only__P1__seed2026,mfcc_only,P1,2026,D,external_BF-NEWS,n_spoof,0.0,,,placeholder
mfcc_only__P1__seed2026,mfcc_only,P1,2026,D,external_BF-NEWS,n_bonafide,1000.0,,,placeholder
mfcc_only__P1__seed2026,mfcc_only,P1,2026,D,external_BF-NEWS,threshold,0.632976776836201,,,placeholder
mfcc_only__P1__seed2026,mfcc_only,P1,2026,D,external_BF-NEWS,accuracy,0.746,,,placeholder
mfcc_only__P1__seed2026,mfcc_only,P1,2026,D,external_BF-NEWS,balanced_accuracy,,,,placeholder
mfcc_only__P1__seed2026,mfcc_only,P1,2026,D,external_BF-NEWS,precision_spoof,0.0,,,placeholder
mfcc_only__P1__seed2026,mfcc_only,P1,2026,D,external_BF-NEWS,recall_spoof_sensitivity,,,,placeholder
mfcc_only__P1__seed2026,mfcc_only,P1,2026,D,external_BF-NEWS,specificity_bonafide_recall,0.746,,,placeholder
mfcc_only__P1__seed2026,mfcc_only,P1,2026,D,external_BF-NEWS,f1_spoof,0.0,,,placeholder
mfcc_only__P1__seed2026,mfcc_only,P1,2026,D,external_BF-NEWS,f1_macro,,,,placeholder
mfcc_only__P1__seed2026,mfcc_only,P1,2026,D,external_BF-NEWS,auc,,,,placeholder
mfcc_only__P1__seed2026,mfcc_only,P1,2026,D,external_BF-NEWS,eer,,,,placeholder
mfcc_only__P1__seed2026,mfcc_only,P1,2026,D,external_BF-NEWS,fpr,0.254,,,placeholder
mfcc_only__P1__seed2026,mfcc_only,P1,2026,D,external_BF-NEWS,fnr,,,,placeholder
mfcc_only__P1__seed2026,mfcc_only,P1,2026,D,external_BF-NEWS,tp,0.0,,,placeholder
mfcc_only__P1__seed2026,mfcc_only,P1,2026,D,external_BF-NEWS,tn,746.0,,,placeholder
mfcc_only__P1__seed2026,mfcc_only,P1,2026,D,external_BF-NEWS,fp,254.0,,,placeholder
mfcc_only__P1__seed2026,mfcc_only,P1,2026,D,external_BF-NEWS,fn,0.0,,,placeholder
mfcc_only__P1__seed2026,mfcc_only,P1,2026,D,external_BF-NEWS,frac_pred_spoof,0.254,0.22742985971943888,0.28174325674325673,placeholder
mfcc_only__P1__seed2026,mfcc_only,P1,2026,D,external_BF-NEWS,n_clusters,997.0,,,placeholder
mel_mfcc__P1__seed123,mel_mfcc,P1,123,D,validation,n,2998.0,,,placeholder
mel_mfcc__P1__seed123,mel_mfcc,P1,123,D,validation,n_spoof,1499.0,,,placeholder
mel_mfcc__P1__seed123,mel_mfcc,P1,123,D,validation,n_bonafide,1499.0,,,placeholder
mel_mfcc__P1__seed123,mel_mfcc,P1,123,D,validation,threshold,0.9582875406342295,,,placeholder
mel_mfcc__P1__seed123,mel_mfcc,P1,123,D,validation,accuracy,0.8392261507671781,0.8253126932055601,0.8503748830995324,placeholder
mel_mfcc__P1__seed123,mel_mfcc,P1,123,D,validation,balanced_accuracy,0.8392261507671781,,,placeholder
mel_mfcc__P1__seed123,mel_mfcc,P1,123,D,validation,precision_spoof,0.8392261507671781,,,placeholder
mel_mfcc__P1__seed123,mel_mfcc,P1,123,D,validation,recall_spoof_sensitivity,0.8392261507671781,,,placeholder
mel_mfcc__P1__seed123,mel_mfcc,P1,123,D,validation,specificity_bonafide_recall,0.8392261507671781,,,placeholder
mel_mfcc__P1__seed123,mel_mfcc,P1,123,D,validation,f1_spoof,0.8392261507671781,,,placeholder
mel_mfcc__P1__seed123,mel_mfcc,P1,123,D,validation,f1_macro,0.8392261507671781,0.8253124809325595,0.8503715586790778,placeholder
mel_mfcc__P1__seed123,mel_mfcc,P1,123,D,validation,auc,0.9165398680285411,0.906285380535914,0.9257165259435536,placeholder
mel_mfcc__P1__seed123,mel_mfcc,P1,123,D,validation,eer,0.1607738492328219,0.14828179312717255,0.17489986648865152,placeholder
mel_mfcc__P1__seed123,mel_mfcc,P1,123,D,validation,fpr,0.16077384923282187,,,placeholder
mel_mfcc__P1__seed123,mel_mfcc,P1,123,D,validation,fnr,0.16077384923282187,,,placeholder
mel_mfcc__P1__seed123,mel_mfcc,P1,123,D,validation,tp,1258.0,,,placeholder
mel_mfcc__P1__seed123,mel_mfcc,P1,123,D,validation,tn,1258.0,,,placeholder
mel_mfcc__P1__seed123,mel_mfcc,P1,123,D,validation,fp,241.0,,,placeholder
mel_mfcc__P1__seed123,mel_mfcc,P1,123,D,validation,fn,241.0,,,placeholder
mel_mfcc__P1__seed123,mel_mfcc,P1,123,D,validation,brier,0.16629536766375022,,,placeholder
mel_mfcc__P1__seed123,mel_mfcc,P1,123,D,validation,ece,0.17670945642585092,,,placeholder
mel_mfcc__P1__seed123,mel_mfcc,P1,123,D,validation,n_clusters,1495.0,,,placeholder
mel_mfcc__P1__seed123,mel_mfcc,P1,123,D,internal_test,n,2998.0,,,placeholder
mel_mfcc__P1__seed123,mel_mfcc,P1,123,D,internal_test,n_spoof,1499.0,,,placeholder
mel_mfcc__P1__seed123,mel_mfcc,P1,123,D,internal_test,n_bonafide,1499.0,,,placeholder
mel_mfcc__P1__seed123,mel_mfcc,P1,123,D,internal_test,threshold,0.9582875406342295,,,placeholder
mel_mfcc__P1__seed123,mel_mfcc,P1,123,D,internal_test,accuracy,0.7264843228819213,0.7124071711999231,0.7426684906141005,placeholder
mel_mfcc__P1__seed123,mel_mfcc,P1,123,D,internal_test,balanced_accuracy,0.7264843228819213,,,placeholder
mel_mfcc__P1__seed123,mel_mfcc,P1,123,D,internal_test,precision_spoof,0.7879558948261238,,,placeholder
mel_mfcc__P1__seed123,mel_mfcc,P1,123,D,internal_test,recall_spoof_sensitivity,0.61974649766511,,,placeholder
mel_mfcc__P1__seed123,mel_mfcc,P1,123,D,internal_test,specificity_bonafide_recall,0.8332221480987325,,,placeholder
mel_mfcc__P1__seed123,mel_mfcc,P1,123,D,internal_test,f1_spoof,0.6938013442867812,,,placeholder
mel_mfcc__P1__seed123,mel_mfcc,P1,123,D,internal_test,f1_macro,0.7233322574357354,0.7093108937313836,0.7397624029061849,placeholder
mel_mfcc__P1__seed123,mel_mfcc,P1,123,D,internal_test,auc,0.8199288740859484,0.8051565673600528,0.8338872298153828,placeholder
mel_mfcc__P1__seed123,mel_mfcc,P1,123,D,internal_test,eer,0.25150100066711145,0.2335240578137529,0.26720553406277797,placeholder
mel_mfcc__P1__seed123,mel_mfcc,P1,123,D,internal_test,fpr,0.1667778519012675,,,placeholder
mel_mfcc__P1__seed123,mel_mfcc,P1,123,D,internal_test,fnr,0.3802535023348899,,,placeholder
mel_mfcc__P1__seed123,mel_mfcc,P1,123,D,internal_test,tp,929.0,,,placeholder
mel_mfcc__P1__seed123,mel_mfcc,P1,123,D,internal_test,tn,1249.0,,,placeholder
mel_mfcc__P1__seed123,mel_mfcc,P1,123,D,internal_test,fp,250.0,,,placeholder
mel_mfcc__P1__seed123,mel_mfcc,P1,123,D,internal_test,fn,570.0,,,placeholder
mel_mfcc__P1__seed123,mel_mfcc,P1,123,D,internal_test,brier,0.1920295250363093,,,placeholder
mel_mfcc__P1__seed123,mel_mfcc,P1,123,D,internal_test,ece,0.12237271447897503,,,placeholder
mel_mfcc__P1__seed123,mel_mfcc,P1,123,D,internal_test,n_clusters,1494.0,,,placeholder
mel_mfcc__P1__seed123,mel_mfcc,P1,123,D,external_BF-MOZ,n,5594.0,,,placeholder
mel_mfcc__P1__seed123,mel_mfcc,P1,123,D,external_BF-MOZ,n_spoof,2797.0,,,placeholder
mel_mfcc__P1__seed123,mel_mfcc,P1,123,D,external_BF-MOZ,n_bonafide,2797.0,,,placeholder
mel_mfcc__P1__seed123,mel_mfcc,P1,123,D,external_BF-MOZ,threshold,0.9582875406342295,,,placeholder
mel_mfcc__P1__seed123,mel_mfcc,P1,123,D,external_BF-MOZ,accuracy,0.7180908115838398,0.7075125134072221,0.7298891669646049,placeholder
mel_mfcc__P1__seed123,mel_mfcc,P1,123,D,external_BF-MOZ,balanced_accuracy,0.7180908115838398,,,placeholder
mel_mfcc__P1__seed123,mel_mfcc,P1,123,D,external_BF-MOZ,precision_spoof,0.7871939736346516,,,placeholder
mel_mfcc__P1__seed123,mel_mfcc,P1,123,D,external_BF-MOZ,recall_spoof_sensitivity,0.5977833392920987,,,placeholder
mel_mfcc__P1__seed123,mel_mfcc,P1,123,D,external_BF-MOZ,specificity_bonafide_recall,0.838398283875581,,,placeholder
mel_mfcc__P1__seed123,mel_mfcc,P1,123,D,external_BF-MOZ,f1_spoof,0.6795366795366795,,,placeholder
mel_mfcc__P1__seed123,mel_mfcc,P1,123,D,external_BF-MOZ,f1_macro,0.7139505641181083,0.7027363910100375,0.7259979728133129,placeholder
mel_mfcc__P1__seed123,mel_mfcc,P1,123,D,external_BF-MOZ,auc,0.811715371531043,0.8006801077409539,0.8223940744776217,placeholder
mel_mfcc__P1__seed123,mel_mfcc,P1,123,D,external_BF-MOZ,eer,0.2710046478369682,0.2595459420808009,0.2835538076510547,placeholder
mel_mfcc__P1__seed123,mel_mfcc,P1,123,D,external_BF-MOZ,fpr,0.161601716124419,,,placeholder
mel_mfcc__P1__seed123,mel_mfcc,P1,123,D,external_BF-MOZ,fnr,0.4022166607079013,,,placeholder
mel_mfcc__P1__seed123,mel_mfcc,P1,123,D,external_BF-MOZ,tp,1672.0,,,placeholder
mel_mfcc__P1__seed123,mel_mfcc,P1,123,D,external_BF-MOZ,tn,2345.0,,,placeholder
mel_mfcc__P1__seed123,mel_mfcc,P1,123,D,external_BF-MOZ,fp,452.0,,,placeholder
mel_mfcc__P1__seed123,mel_mfcc,P1,123,D,external_BF-MOZ,fn,1125.0,,,placeholder
mel_mfcc__P1__seed123,mel_mfcc,P1,123,D,external_BF-MOZ,brier,0.1927371041642759,,,placeholder
mel_mfcc__P1__seed123,mel_mfcc,P1,123,D,external_BF-MOZ,ece,0.11281363086736869,,,placeholder
mel_mfcc__P1__seed123,mel_mfcc,P1,123,D,external_BF-MOZ,n_clusters,2797.0,,,placeholder
mel_mfcc__P1__seed123,mel_mfcc,P1,123,D,external_MEN,n,4500.0,,,placeholder
mel_mfcc__P1__seed123,mel_mfcc,P1,123,D,external_MEN,n_spoof,2250.0,,,placeholder
mel_mfcc__P1__seed123,mel_mfcc,P1,123,D,external_MEN,n_bonafide,2250.0,,,placeholder
mel_mfcc__P1__seed123,mel_mfcc,P1,123,D,external_MEN,threshold,0.9582875406342295,,,placeholder
mel_mfcc__P1__seed123,mel_mfcc,P1,123,D,external_MEN,accuracy,0.8033333333333333,0.791988888888889,0.8126833333333333,placeholder
mel_mfcc__P1__seed123,mel_mfcc,P1,123,D,external_MEN,balanced_accuracy,0.8033333333333333,,,placeholder
mel_mfcc__P1__seed123,mel_mfcc,P1,123,D,external_MEN,precision_spoof,0.8251548356360171,,,placeholder
mel_mfcc__P1__seed123,mel_mfcc,P1,123,D,external_MEN,recall_spoof_sensitivity,0.7697777777777778,,,placeholder
mel_mfcc__P1__seed123,mel_mfcc,P1,123,D,external_MEN,specificity_bonafide_recall,0.8368888888888889,,,placeholder
mel_mfcc__P1__seed123,mel_mfcc,P1,123,D,external_MEN,f1_spoof,0.7965049436652104,,,placeholder
mel_mfcc__P1__seed123,mel_mfcc,P1,123,D,external_MEN,f1_macro,0.8031116419035577,0.791603645237001,0.812387817572111,placeholder
mel_mfcc__P1__seed123,mel_mfcc,P1,123,D,external_MEN,auc,0.8835616790123457,0.8732425925925925,0.8928735061728396,placeholder
mel_mfcc__P1__seed123,mel_mfcc,P1,123,D,external_MEN,eer,0.1928888888888889,0.18266666666666664,0.20445555555555553,placeholder
mel_mfcc__P1__seed123,mel_mfcc,P1,123,D,external_MEN,fpr,0.16311111111111112,,,placeholder
mel_mfcc__P1__seed123,mel_mfcc,P1,123,D,external_MEN,fnr,0.23022222222222222,,,placeholder
mel_mfcc__P1__seed123,mel_mfcc,P1,123,D,external_MEN,tp,1732.0,,,placeholder
mel_mfcc__P1__seed123,mel_mfcc,P1,123,D,external_MEN,tn,1883.0,,,placeholder
mel_mfcc__P1__seed123,mel_mfcc,P1,123,D,external_MEN,fp,367.0,,,placeholder
mel_mfcc__P1__seed123,mel_mfcc,P1,123,D,external_MEN,fn,518.0,,,placeholder
mel_mfcc__P1__seed123,mel_mfcc,P1,123,D,external_MEN,brier,0.17674353283928987,,,placeholder
mel_mfcc__P1__seed123,mel_mfcc,P1,123,D,external_MEN,ece,0.15833664839909906,,,placeholder
mel_mfcc__P1__seed123,mel_mfcc,P1,123,D,external_MEN,n_clusters,75.0,,,placeholder
mel_mfcc__P1__seed123,mel_mfcc,P1,123,D,external_BF-NEWS,n,1000.0,,,placeholder
mel_mfcc__P1__seed123,mel_mfcc,P1,123,D,external_BF-NEWS,n_spoof,0.0,,,placeholder
mel_mfcc__P1__seed123,mel_mfcc,P1,123,D,external_BF-NEWS,n_bonafide,1000.0,,,placeholder
mel_mfcc__P1__seed123,mel_mfcc,P1,123,D,external_BF-NEWS,threshold,0.9582875406342295,,,placeholder
mel_mfcc__P1__seed123,mel_mfcc,P1,123,D,external_BF-NEWS,accuracy,0.849,,,placeholder
mel_mfcc__P1__seed123,mel_mfcc,P1,123,D,external_BF-NEWS,balanced_accuracy,,,,placeholder
mel_mfcc__P1__seed123,mel_mfcc,P1,123,D,external_BF-NEWS,precision_spoof,0.0,,,placeholder
mel_mfcc__P1__seed123,mel_mfcc,P1,123,D,external_BF-NEWS,recall_spoof_sensitivity,,,,placeholder
mel_mfcc__P1__seed123,mel_mfcc,P1,123,D,external_BF-NEWS,specificity_bonafide_recall,0.849,,,placeholder
mel_mfcc__P1__seed123,mel_mfcc,P1,123,D,external_BF-NEWS,f1_spoof,0.0,,,placeholder
mel_mfcc__P1__seed123,mel_mfcc,P1,123,D,external_BF-NEWS,f1_macro,,,,placeholder
mel_mfcc__P1__seed123,mel_mfcc,P1,123,D,external_BF-NEWS,auc,,,,placeholder
mel_mfcc__P1__seed123,mel_mfcc,P1,123,D,external_BF-NEWS,eer,,,,placeholder
mel_mfcc__P1__seed123,mel_mfcc,P1,123,D,external_BF-NEWS,fpr,0.151,,,placeholder
mel_mfcc__P1__seed123,mel_mfcc,P1,123,D,external_BF-NEWS,fnr,,,,placeholder
mel_mfcc__P1__seed123,mel_mfcc,P1,123,D,external_BF-NEWS,tp,0.0,,,placeholder
mel_mfcc__P1__seed123,mel_mfcc,P1,123,D,external_BF-NEWS,tn,849.0,,,placeholder
mel_mfcc__P1__seed123,mel_mfcc,P1,123,D,external_BF-NEWS,fp,151.0,,,placeholder
mel_mfcc__P1__seed123,mel_mfcc,P1,123,D,external_BF-NEWS,fn,0.0,,,placeholder
mel_mfcc__P1__seed123,mel_mfcc,P1,123,D,external_BF-NEWS,frac_pred_spoof,0.151,0.13383453535497403,0.17101641716566868,placeholder
mel_mfcc__P1__seed123,mel_mfcc,P1,123,D,external_BF-NEWS,n_clusters,997.0,,,placeholder
mel_mfcc__P1__seed2026,mel_mfcc,P1,2026,D,validation,n,2998.0,,,placeholder
mel_mfcc__P1__seed2026,mel_mfcc,P1,2026,D,validation,n_spoof,1499.0,,,placeholder
mel_mfcc__P1__seed2026,mel_mfcc,P1,2026,D,validation,n_bonafide,1499.0,,,placeholder
mel_mfcc__P1__seed2026,mel_mfcc,P1,2026,D,validation,threshold,0.24992602175985618,,,placeholder
mel_mfcc__P1__seed2026,mel_mfcc,P1,2026,D,validation,accuracy,0.600400266844563,0.5824405095683133,0.615947571153197,placeholder
mel_mfcc__P1__seed2026,mel_mfcc,P1,2026,D,validation,balanced_accuracy,0.600400266844563,,,placeholder
mel_mfcc__P1__seed2026,mel_mfcc,P1,2026,D,validation,precision_spoof,0.600400266844563,,,placeholder
mel_mfcc__P1__seed2026,mel_mfcc,P1,2026,D,validation,recall_spoof_sensitivity,0.600400266844563,,,placeholder
mel_mfcc__P1__seed2026,mel_mfcc,P1,2026,D,validation,specificity_bonafide_recall,0.600400266844563,,,placeholder
mel_mfcc__P1__seed2026,mel_mfcc,P1,2026,D,validation,f1_spoof,0.600400266844563,,,placeholder
mel_mfcc__P1__seed2026,mel_mfcc,P1,2026,D,validation,f1_macro,0.600400266844563,0.5824352471491896,0.6158939132424776,placeholder
mel_mfcc__P1__seed2026,mel_mfcc,P1,2026,D,validation,auc,0.6287002097462351,0.6069034401500059,0.6468514603163695,placeholder
mel_mfcc__P1__seed2026,mel_mfcc,P1,2026,D,validation,eer,0.39959973315543695,0.3848086909076668,0.41933764195056783,placeholder
mel_mfcc__P1__seed2026,mel_mfcc,P1,2026,D,validation,fpr,0.39959973315543695,,,placeholder
mel_mfcc__P1__seed2026,mel_mfcc,P1,2026,D,validation,fnr,0.39959973315543695,,,placeholder
mel_mfcc__P1__seed2026,mel_mfcc,P1,2026,D,validation,tp,900.0,,,placeholder
mel_mfcc__P1__seed2026,mel_mfcc,P1,2026,D,validation,tn,900.0,,,placeholder
mel_mfcc__P1__seed2026,mel_mfcc,P1,2026,D,validation,fp,599.0,,,placeholder
mel_mfcc__P1__seed2026,mel_mfcc,P1,2026,D,validation,fn,599.0,,,placeholder
mel_mfcc__P1__seed2026,mel_mfcc,P1,2026,D,validation,brier,0.24938384895159413,,,placeholder
mel_mfcc__P1__seed2026,mel_mfcc,P1,2026,D,validation,ece,0.09212127792463383,,,placeholder
mel_mfcc__P1__seed2026,mel_mfcc,P1,2026,D,validation,n_clusters,1495.0,,,placeholder
mel_mfcc__P1__seed2026,mel_mfcc,P1,2026,D,internal_test,n,2998.0,,,placeholder
mel_mfcc__P1__seed2026,mel_mfcc,P1,2026,D,internal_test,n_spoof,1499.0,,,placeholder
mel_mfcc__P1__seed2026,mel_mfcc,P1,2026,D,internal_test,n_bonafide,1499.0,,,placeholder
mel_mfcc__P1__seed2026,mel_mfcc,P1,2026,D,internal_test,threshold,0.24992602175985618,,,placeholder
mel_mfcc__P1__seed2026,mel_mfcc,P1,2026,D,internal_test,accuracy,0.7578385590393596,0.7408032443048548,0.7702314234874018,placeholder
mel_mfcc__P1__seed2026,mel_mfcc,P1,2026,D,internal_test,balanced_accuracy,0.7578385590393595,,,placeholder
mel_mfcc__P1__seed2026,mel_mfcc,P1,2026,D,internal_test,precision_spoof,0.6910528917449332,,,placeholder
mel_mfcc__P1__seed2026,mel_mfcc,P1,2026,D,internal_test,recall_spoof_sensitivity,0.9326217478318879,,,placeholder
mel_mfcc__P1__seed2026,mel_mfcc,P1,2026,D,internal_test,specificity_bonafide_recall,0.5830553702468312,,,placeholder
mel_mfcc__P1__seed2026,mel_mfcc,P1,2026,D,internal_test,f1_spoof,0.7938671209540034,,,placeholder
mel_mfcc__P1__seed2026,mel_mfcc,P1,2026,D,internal_test,f1_macro,0.7502076105982628,0.7322510557090675,0.7634334067538088,placeholder
mel_mfcc__P1__seed2026,mel_mfcc,P1,2026,D,internal_test,auc,0.8800463373180519,0.8671466233503384,0.8903441708623213,placeholder
mel_mfcc__P1__seed2026,mel_mfcc,P1,2026,D,internal_test,eer,0.20346897931954633,0.19034420643690586,0.21778040445495112,placeholder
mel_mfcc__P1__seed2026,mel_mfcc,P1,2026,D,internal_test,fpr,0.41694462975316876,,,placeholder
mel_mfcc__P1__seed2026,mel_mfcc,P1,2026,D,internal_test,fnr,0.06737825216811208,,,placeholder
mel_mfcc__P1__seed2026,mel_mfcc,P1,2026,D,internal_test,tp,1398.0,,,placeholder
mel_mfcc__P1__seed2026,mel_mfcc,P1,2026,D,internal_test,tn,874.0,,,placeholder
mel_mfcc__P1__seed2026,mel_mfcc,P1,2026,D,internal_test,fp,625.0,,,placeholder
mel_mfcc__P1__seed2026,mel_mfcc,P1,2026,D,internal_test,fn,101.0,,,placeholder
mel_mfcc__P1__seed2026,mel_mfcc,P1,2026,D,internal_test,brier,0.1793486165624424,,,placeholder
mel_mfcc__P1__seed2026,mel_mfcc,P1,2026,D,internal_test,ece,0.16182980139835995,,,placeholder
mel_mfcc__P1__seed2026,mel_mfcc,P1,2026,D,internal_test,n_clusters,1494.0,,,placeholder
mel_mfcc__P1__seed2026,mel_mfcc,P1,2026,D,external_BF-MOZ,n,5594.0,,,placeholder
mel_mfcc__P1__seed2026,mel_mfcc,P1,2026,D,external_BF-MOZ,n_spoof,2797.0,,,placeholder
mel_mfcc__P1__seed2026,mel_mfcc,P1,2026,D,external_BF-MOZ,n_bonafide,2797.0,,,placeholder
mel_mfcc__P1__seed2026,mel_mfcc,P1,2026,D,external_BF-MOZ,threshold,0.24992602175985618,,,placeholder
mel_mfcc__P1__seed2026,mel_mfcc,P1,2026,D,external_BF-MOZ,accuracy,0.7801215588130139,0.7717018233821952,0.7903155166249554,placeholder
mel_mfcc__P1__seed2026,mel_mfcc,P1,2026,D,external_BF-MOZ,balanced_accuracy,0.7801215588130139,,,placeholder
mel_mfcc__P1__seed2026,mel_mfcc,P1,2026,D,external_BF-MOZ,precision_spoof,0.7054812483608707,,,placeholder
mel_mfcc__P1__seed2026,mel_mfcc,P1,2026,D,external_BF-MOZ,recall_spoof_sensitivity,0.9617447264926707,,,placeholder
mel_mfcc__P1__seed2026,mel_mfcc,P1,2026,D,external_BF-MOZ,specificity_bonafide_recall,0.5984983911333571,,,placeholder
mel_mfcc__P1__seed2026,mel_mfcc,P1,2026,D,external_BF-MOZ,f1_spoof,0.8139183055975794,,,placeholder
mel_mfcc__P1__seed2026,mel_mfcc,P1,2026,D,external_BF-MOZ,f1_macro,0.7726210138734948,0.7633508594367336,0.7836430138715631,placeholder
mel_mfcc__P1__seed2026,mel_mfcc,P1,2026,D,external_BF-MOZ,auc,0.9184107186705609,0.9117684220119904,0.9247719829548208,placeholder
mel_mfcc__P1__seed2026,mel_mfcc,P1,2026,D,external_BF-MOZ,eer,0.163031819806936,0.15336968180193064,0.17197890597068288,placeholder
mel_mfcc__P1__seed2026,mel_mfcc,P1,2026,D,external_BF-MOZ,fpr,0.4015016088666428,,,placeholder
mel_mfcc__P1__seed2026,mel_mfcc,P1,2026,D,external_BF-MOZ,fnr,0.03825527350732928,,,placeholder
mel_mfcc__P1__seed2026,mel_mfcc,P1,2026,D,external_BF-MOZ,tp,2690.0,,,placeholder
mel_mfcc__P1__seed2026,mel_mfcc,P1,2026,D,external_BF-MOZ,tn,1674.0,,,placeholder
mel_mfcc__P1__seed2026,mel_mfcc,P1,2026,D,external_BF-MOZ,fp,1123.0,,,placeholder
mel_mfcc__P1__seed2026,mel_mfcc,P1,2026,D,external_BF-MOZ,fn,107.0,,,placeholder
mel_mfcc__P1__seed2026,mel_mfcc,P1,2026,D,external_BF-MOZ,brier,0.16733458837957124,,,placeholder
mel_mfcc__P1__seed2026,mel_mfcc,P1,2026,D,external_BF-MOZ,ece,0.18099128176763118,,,placeholder
mel_mfcc__P1__seed2026,mel_mfcc,P1,2026,D,external_BF-MOZ,n_clusters,2797.0,,,placeholder
mel_mfcc__P1__seed2026,mel_mfcc,P1,2026,D,external_MEN,n,4500.0,,,placeholder
mel_mfcc__P1__seed2026,mel_mfcc,P1,2026,D,external_MEN,n_spoof,2250.0,,,placeholder
mel_mfcc__P1__seed2026,mel_mfcc,P1,2026,D,external_MEN,n_bonafide,2250.0,,,placeholder
mel_mfcc__P1__seed2026,mel_mfcc,P1,2026,D,external_MEN,threshold,0.24992602175985618,,,placeholder
mel_mfcc__P1__seed2026,mel_mfcc,P1,2026,D,external_MEN,accuracy,0.7173333333333334,0.7044444444444444,0.7297777777777777,placeholder
mel_mfcc__P1__seed2026,mel_mfcc,P1,2026,D,external_MEN,balanced_accuracy,0.7173333333333334,,,placeholder
mel_mfcc__P1__seed2026,mel_mfcc,P1,2026,D,external_MEN,precision_spoof,0.6752688172043011,,,placeholder
mel_mfcc__P1__seed2026,mel_mfcc,P1,2026,D,external_MEN,recall_spoof_sensitivity,0.8373333333333334,,,placeholder
mel_mfcc__P1__seed2026,mel_mfcc,P1,2026,D,external_MEN,specificity_bonafide_recall,0.5973333333333334,,,placeholder
mel_mfcc__P1__seed2026,mel_mfcc,P1,2026,D,external_MEN,f1_spoof,0.7476190476190476,,,placeholder
mel_mfcc__P1__seed2026,mel_mfcc,P1,2026,D,external_MEN,f1_macro,0.7132034632034632,0.6993811347307202,0.7262624591347293,placeholder
mel_mfcc__P1__seed2026,mel_mfcc,P1,2026,D,external_MEN,auc,0.8007334320987655,0.7882146913580247,0.8118379802469137,placeholder
mel_mfcc__P1__seed2026,mel_mfcc,P1,2026,D,external_MEN,eer,0.2786666666666667,0.2653333333333333,0.2911222222222222,placeholder
mel_mfcc__P1__seed2026,mel_mfcc,P1,2026,D,external_MEN,fpr,0.4026666666666667,,,placeholder
mel_mfcc__P1__seed2026,mel_mfcc,P1,2026,D,external_MEN,fnr,0.16266666666666665,,,placeholder
mel_mfcc__P1__seed2026,mel_mfcc,P1,2026,D,external_MEN,tp,1884.0,,,placeholder
mel_mfcc__P1__seed2026,mel_mfcc,P1,2026,D,external_MEN,tn,1344.0,,,placeholder
mel_mfcc__P1__seed2026,mel_mfcc,P1,2026,D,external_MEN,fp,906.0,,,placeholder
mel_mfcc__P1__seed2026,mel_mfcc,P1,2026,D,external_MEN,fn,366.0,,,placeholder
mel_mfcc__P1__seed2026,mel_mfcc,P1,2026,D,external_MEN,brier,0.19987843107703238,,,placeholder
mel_mfcc__P1__seed2026,mel_mfcc,P1,2026,D,external_MEN,ece,0.1216838556132227,,,placeholder
mel_mfcc__P1__seed2026,mel_mfcc,P1,2026,D,external_MEN,n_clusters,75.0,,,placeholder
mel_mfcc__P1__seed2026,mel_mfcc,P1,2026,D,external_BF-NEWS,n,1000.0,,,placeholder
mel_mfcc__P1__seed2026,mel_mfcc,P1,2026,D,external_BF-NEWS,n_spoof,0.0,,,placeholder
mel_mfcc__P1__seed2026,mel_mfcc,P1,2026,D,external_BF-NEWS,n_bonafide,1000.0,,,placeholder
mel_mfcc__P1__seed2026,mel_mfcc,P1,2026,D,external_BF-NEWS,threshold,0.24992602175985618,,,placeholder
mel_mfcc__P1__seed2026,mel_mfcc,P1,2026,D,external_BF-NEWS,accuracy,0.606,,,placeholder
mel_mfcc__P1__seed2026,mel_mfcc,P1,2026,D,external_BF-NEWS,balanced_accuracy,,,,placeholder
mel_mfcc__P1__seed2026,mel_mfcc,P1,2026,D,external_BF-NEWS,precision_spoof,0.0,,,placeholder
mel_mfcc__P1__seed2026,mel_mfcc,P1,2026,D,external_BF-NEWS,recall_spoof_sensitivity,,,,placeholder
mel_mfcc__P1__seed2026,mel_mfcc,P1,2026,D,external_BF-NEWS,specificity_bonafide_recall,0.606,,,placeholder
mel_mfcc__P1__seed2026,mel_mfcc,P1,2026,D,external_BF-NEWS,f1_spoof,0.0,,,placeholder
mel_mfcc__P1__seed2026,mel_mfcc,P1,2026,D,external_BF-NEWS,f1_macro,,,,placeholder
mel_mfcc__P1__seed2026,mel_mfcc,P1,2026,D,external_BF-NEWS,auc,,,,placeholder
mel_mfcc__P1__seed2026,mel_mfcc,P1,2026,D,external_BF-NEWS,eer,,,,placeholder
mel_mfcc__P1__seed2026,mel_mfcc,P1,2026,D,external_BF-NEWS,fpr,0.394,,,placeholder
mel_mfcc__P1__seed2026,mel_mfcc,P1,2026,D,external_BF-NEWS,fnr,,,,placeholder
mel_mfcc__P1__seed2026,mel_mfcc,P1,2026,D,external_BF-NEWS,tp,0.0,,,placeholder
mel_mfcc__P1__seed2026,mel_mfcc,P1,2026,D,external_BF-NEWS,tn,606.0,,,placeholder
mel_mfcc__P1__seed2026,mel_mfcc,P1,2026,D,external_BF-NEWS,fp,394.0,,,placeholder
mel_mfcc__P1__seed2026,mel_mfcc,P1,2026,D,external_BF-NEWS,fn,0.0,,,placeholder
mel_mfcc__P1__seed2026,mel_mfcc,P1,2026,D,external_BF-NEWS,frac_pred_spoof,0.394,0.3657108084563943,0.4246323816464097,placeholder
mel_mfcc__P1__seed2026,mel_mfcc,P1,2026,D,external_BF-NEWS,n_clusters,997.0,,,placeholder
dual_no_se__P1__seed123,dual_no_se,P1,123,D,validation,n,2998.0,,,placeholder
dual_no_se__P1__seed123,dual_no_se,P1,123,D,validation,n_spoof,1499.0,,,placeholder
dual_no_se__P1__seed123,dual_no_se,P1,123,D,validation,n_bonafide,1499.0,,,placeholder
dual_no_se__P1__seed123,dual_no_se,P1,123,D,validation,threshold,0.727728201793368,,,placeholder
dual_no_se__P1__seed123,dual_no_se,P1,123,D,validation,accuracy,0.7771847898599066,0.7644386676946308,0.7920560747663551,placeholder
dual_no_se__P1__seed123,dual_no_se,P1,123,D,validation,balanced_accuracy,0.7771847898599066,,,placeholder
dual_no_se__P1__seed123,dual_no_se,P1,123,D,validation,precision_spoof,0.7771847898599066,,,placeholder
dual_no_se__P1__seed123,dual_no_se,P1,123,D,validation,recall_spoof_sensitivity,0.7771847898599066,,,placeholder
dual_no_se__P1__seed123,dual_no_se,P1,123,D,validation,specificity_bonafide_recall,0.7771847898599066,,,placeholder
dual_no_se__P1__seed123,dual_no_se,P1,123,D,validation,f1_spoof,0.7771847898599066,,,placeholder
dual_no_se__P1__seed123,dual_no_se,P1,123,D,validation,f1_macro,0.7771847898599066,0.7644347445365273,0.7920439162130826,placeholder
dual_no_se__P1__seed123,dual_no_se,P1,123,D,validation,auc,0.8626618323712362,0.8514821404883794,0.8746139658481301,placeholder
dual_no_se__P1__seed123,dual_no_se,P1,123,D,validation,eer,0.2228152101400934,0.20719909069475856,0.23648261259711703,placeholder
dual_no_se__P1__seed123,dual_no_se,P1,123,D,validation,fpr,0.2228152101400934,,,placeholder
dual_no_se__P1__seed123,dual_no_se,P1,123,D,validation,fnr,0.2228152101400934,,,placeholder
dual_no_se__P1__seed123,dual_no_se,P1,123,D,validation,tp,1165.0,,,placeholder
dual_no_se__P1__seed123,dual_no_se,P1,123,D,validation,tn,1165.0,,,placeholder
dual_no_se__P1__seed123,dual_no_se,P1,123,D,validation,fp,334.0,,,placeholder
dual_no_se__P1__seed123,dual_no_se,P1,123,D,validation,fn,334.0,,,placeholder
dual_no_se__P1__seed123,dual_no_se,P1,123,D,validation,brier,0.17780421306632255,,,placeholder
dual_no_se__P1__seed123,dual_no_se,P1,123,D,validation,ece,0.13686996636957535,,,placeholder
dual_no_se__P1__seed123,dual_no_se,P1,123,D,validation,n_clusters,1495.0,,,placeholder
dual_no_se__P1__seed123,dual_no_se,P1,123,D,internal_test,n,2998.0,,,placeholder
dual_no_se__P1__seed123,dual_no_se,P1,123,D,internal_test,n_spoof,1499.0,,,placeholder
dual_no_se__P1__seed123,dual_no_se,P1,123,D,internal_test,n_bonafide,1499.0,,,placeholder
dual_no_se__P1__seed123,dual_no_se,P1,123,D,internal_test,threshold,0.727728201793368,,,placeholder
dual_no_se__P1__seed123,dual_no_se,P1,123,D,internal_test,accuracy,0.80920613742495,0.7952951032644904,0.8215795605858854,placeholder
dual_no_se__P1__seed123,dual_no_se,P1,123,D,internal_test,balanced_accuracy,0.80920613742495,,,placeholder
dual_no_se__P1__seed123,dual_no_se,P1,123,D,internal_test,precision_spoof,0.7913262099308611,,,placeholder
dual_no_se__P1__seed123,dual_no_se,P1,123,D,internal_test,recall_spoof_sensitivity,0.8398932621747832,,,placeholder
dual_no_se__P1__seed123,dual_no_se,P1,123,D,internal_test,specificity_bonafide_recall,0.7785190126751167,,,placeholder
dual_no_se__P1__seed123,dual_no_se,P1,123,D,internal_test,f1_spoof,0.8148867313915857,,,placeholder
dual_no_se__P1__seed123,dual_no_se,P1,123,D,internal_test,f1_macro,0.8090262975608995,0.795127039092432,0.821315505125405,placeholder
dual_no_se__P1__seed123,dual_no_se,P1,123,D,internal_test,auc,0.8867899925278182,0.8756208303765167,0.8954497956309533,placeholder
dual_no_se__P1__seed123,dual_no_se,P1,123,D,internal_test,eer,0.19146097398265516,0.1779234480353406,0.2044118550225034,placeholder
dual_no_se__P1__seed123,dual_no_se,P1,123,D,internal_test,fpr,0.22148098732488325,,,placeholder
dual_no_se__P1__seed123,dual_no_se,P1,123,D,internal_test,fnr,0.1601067378252168,,,placeholder
dual_no_se__P1__seed123,dual_no_se,P1,123,D,internal_test,tp,1259.0,,,placeholder
dual_no_se__P1__seed123,dual_no_se,P1,123,D,internal_test,tn,1167.0,,,placeholder
dual_no_se__P1__seed123,dual_no_se,P1,123,D,internal_test,fp,332.0,,,placeholder
dual_no_se__P1__seed123,dual_no_se,P1,123,D,internal_test,fn,240.0,,,placeholder
dual_no_se__P1__seed123,dual_no_se,P1,123,D,internal_test,brier,0.1740319344910905,,,placeholder
dual_no_se__P1__seed123,dual_no_se,P1,123,D,internal_test,ece,0.1558274552682302,,,placeholder
dual_no_se__P1__seed123,dual_no_se,P1,123,D,internal_test,n_clusters,1494.0,,,placeholder
dual_no_se__P1__seed123,dual_no_se,P1,123,D,external_BF-MOZ,n,5594.0,,,placeholder
dual_no_se__P1__seed123,dual_no_se,P1,123,D,external_BF-MOZ,n_spoof,2797.0,,,placeholder
dual_no_se__P1__seed123,dual_no_se,P1,123,D,external_BF-MOZ,n_bonafide,2797.0,,,placeholder
dual_no_se__P1__seed123,dual_no_se,P1,123,D,external_BF-MOZ,threshold,0.727728201793368,,,placeholder
dual_no_se__P1__seed123,dual_no_se,P1,123,D,external_BF-MOZ,accuracy,0.778691455130497,0.7690337861994995,0.7881703611011799,placeholder
dual_no_se__P1__seed123,dual_no_se,P1,123,D,external_BF-MOZ,balanced_accuracy,0.7786914551304969,,,placeholder
dual_no_se__P1__seed123,dual_no_se,P1,123,D,external_BF-MOZ,precision_spoof,0.7753444012716355,,,placeholder
dual_no_se__P1__seed123,dual_no_se,P1,123,D,external_BF-MOZ,recall_spoof_sensitivity,0.7847693957811941,,,placeholder
dual_no_se__P1__seed123,dual_no_se,P1,123,D,external_BF-MOZ,specificity_bonafide_recall,0.7726135144797998,,,placeholder
dual_no_se__P1__seed123,dual_no_se,P1,123,D,external_BF-MOZ,f1_spoof,0.7800284292821607,,,placeholder
dual_no_se__P1__seed123,dual_no_se,P1,123,D,external_BF-MOZ,f1_macro,0.7786832793892817,0.7690196273895402,0.7881654818222201,placeholder
dual_no_se__P1__seed123,dual_no_se,P1,123,D,external_BF-MOZ,auc,0.8639510973054664,0.8554641100602067,0.8723874723275321,placeholder
dual_no_se__P1__seed123,dual_no_se,P1,123,D,external_BF-MOZ,eer,0.22345370039327853,0.2134250983196282,0.23205219878441188,placeholder
dual_no_se__P1__seed123,dual_no_se,P1,123,D,external_BF-MOZ,fpr,0.22738648552020022,,,placeholder
dual_no_se__P1__seed123,dual_no_se,P1,123,D,external_BF-MOZ,fnr,0.21523060421880585,,,placeholder
dual_no_se__P1__seed123,dual_no_se,P1,123,D,external_BF-MOZ,tp,2195.0,,,placeholder
dual_no_se__P1__seed123,dual_no_se,P1,123,D,external_BF-MOZ,tn,2161.0,,,placeholder
dual_no_se__P1__seed123,dual_no_se,P1,123,D,external_BF-MOZ,fp,636.0,,,placeholder
dual_no_se__P1__seed123,dual_no_se,P1,123,D,external_BF-MOZ,fn,602.0,,,placeholder
dual_no_se__P1__seed123,dual_no_se,P1,123,D,external_BF-MOZ,brier,0.18050123932147727,,,placeholder
dual_no_se__P1__seed123,dual_no_se,P1,123,D,external_BF-MOZ,ece,0.14465009014035599,,,placeholder
dual_no_se__P1__seed123,dual_no_se,P1,123,D,external_BF-MOZ,n_clusters,2797.0,,,placeholder
dual_no_se__P1__seed123,dual_no_se,P1,123,D,external_MEN,n,4500.0,,,placeholder
dual_no_se__P1__seed123,dual_no_se,P1,123,D,external_MEN,n_spoof,2250.0,,,placeholder
dual_no_se__P1__seed123,dual_no_se,P1,123,D,external_MEN,n_bonafide,2250.0,,,placeholder
dual_no_se__P1__seed123,dual_no_se,P1,123,D,external_MEN,threshold,0.727728201793368,,,placeholder
dual_no_se__P1__seed123,dual_no_se,P1,123,D,external_MEN,accuracy,0.7611111111111111,0.75065,0.7697833333333334,placeholder
dual_no_se__P1__seed123,dual_no_se,P1,123,D,external_MEN,balanced_accuracy,0.7611111111111111,,,placeholder
dual_no_se__P1__seed123,dual_no_se,P1,123,D,external_MEN,precision_spoof,0.7628635346756152,,,placeholder
dual_no_se__P1__seed123,dual_no_se,P1,123,D,external_MEN,recall_spoof_sensitivity,0.7577777777777778,,,placeholder
dual_no_se__P1__seed123,dual_no_se,P1,123,D,external_MEN,specificity_bonafide_recall,0.7644444444444445,,,placeholder
dual_no_se__P1__seed123,dual_no_se,P1,123,D,external_MEN,f1_spoof,0.7603121516164995,,,placeholder
dual_no_se__P1__seed123,dual_no_se,P1,123,D,external_MEN,f1_macro,0.7611084567606307,0.7506326608551239,0.7697793939486527,placeholder
dual_no_se__P1__seed123,dual_no_se,P1,123,D,external_MEN,auc,0.8500341728395062,0.8391635259259259,0.8595165530864196,placeholder
dual_no_se__P1__seed123,dual_no_se,P1,123,D,external_MEN,eer,0.24088888888888893,0.23022222222222222,0.2511222222222222,placeholder
dual_no_se__P1__seed123,dual_no_se,P1,123,D,external_MEN,fpr,0.23555555555555555,,,placeholder
dual_no_se__P1__seed123,dual_no_se,P1,123,D,external_MEN,fnr,0.24222222222222223,,,placeholder
dual_no_se__P1__seed123,dual_no_se,P1,123,D,external_MEN,tp,1705.0,,,placeholder
dual_no_se__P1__seed123,dual_no_se,P1,123,D,external_MEN,tn,1720.0,,,placeholder
dual_no_se__P1__seed123,dual_no_se,P1,123,D,external_MEN,fp,530.0,,,placeholder
dual_no_se__P1__seed123,dual_no_se,P1,123,D,external_MEN,fn,545.0,,,placeholder
dual_no_se__P1__seed123,dual_no_se,P1,123,D,external_MEN,brier,0.1836016536116682,,,placeholder
dual_no_se__P1__seed123,dual_no_se,P1,123,D,external_MEN,ece,0.13600416982824398,,,placeholder
dual_no_se__P1__seed123,dual_no_se,P1,123,D,external_MEN,n_clusters,75.0,,,placeholder
dual_no_se__P1__seed123,dual_no_se,P1,123,D,external_BF-NEWS,n,1000.0,,,placeholder
dual_no_se__P1__seed123,dual_no_se,P1,123,D,external_BF-NEWS,n_spoof,0.0,,,placeholder
dual_no_se__P1__seed123,dual_no_se,P1,123,D,external_BF-NEWS,n_bonafide,1000.0,,,placeholder
dual_no_se__P1__seed123,dual_no_se,P1,123,D,external_BF-NEWS,threshold,0.727728201793368,,,placeholder
dual_no_se__P1__seed123,dual_no_se,P1,123,D,external_BF-NEWS,accuracy,0.746,,,placeholder
dual_no_se__P1__seed123,dual_no_se,P1,123,D,external_BF-NEWS,balanced_accuracy,,,,placeholder
dual_no_se__P1__seed123,dual_no_se,P1,123,D,external_BF-NEWS,precision_spoof,0.0,,,placeholder
dual_no_se__P1__seed123,dual_no_se,P1,123,D,external_BF-NEWS,recall_spoof_sensitivity,,,,placeholder
dual_no_se__P1__seed123,dual_no_se,P1,123,D,external_BF-NEWS,specificity_bonafide_recall,0.746,,,placeholder
dual_no_se__P1__seed123,dual_no_se,P1,123,D,external_BF-NEWS,f1_spoof,0.0,,,placeholder
dual_no_se__P1__seed123,dual_no_se,P1,123,D,external_BF-NEWS,f1_macro,,,,placeholder
dual_no_se__P1__seed123,dual_no_se,P1,123,D,external_BF-NEWS,auc,,,,placeholder
dual_no_se__P1__seed123,dual_no_se,P1,123,D,external_BF-NEWS,eer,,,,placeholder
dual_no_se__P1__seed123,dual_no_se,P1,123,D,external_BF-NEWS,fpr,0.254,,,placeholder
dual_no_se__P1__seed123,dual_no_se,P1,123,D,external_BF-NEWS,fnr,,,,placeholder
dual_no_se__P1__seed123,dual_no_se,P1,123,D,external_BF-NEWS,tp,0.0,,,placeholder
dual_no_se__P1__seed123,dual_no_se,P1,123,D,external_BF-NEWS,tn,746.0,,,placeholder
dual_no_se__P1__seed123,dual_no_se,P1,123,D,external_BF-NEWS,fp,254.0,,,placeholder
dual_no_se__P1__seed123,dual_no_se,P1,123,D,external_BF-NEWS,fn,0.0,,,placeholder
dual_no_se__P1__seed123,dual_no_se,P1,123,D,external_BF-NEWS,frac_pred_spoof,0.254,0.228975,0.2775551102204409,placeholder
dual_no_se__P1__seed123,dual_no_se,P1,123,D,external_BF-NEWS,n_clusters,997.0,,,placeholder
dual_no_se__P1__seed2026,dual_no_se,P1,2026,D,validation,n,2998.0,,,placeholder
dual_no_se__P1__seed2026,dual_no_se,P1,2026,D,validation,n_spoof,1499.0,,,placeholder
dual_no_se__P1__seed2026,dual_no_se,P1,2026,D,validation,n_bonafide,1499.0,,,placeholder
dual_no_se__P1__seed2026,dual_no_se,P1,2026,D,validation,threshold,1.0533232084313822,,,placeholder
dual_no_se__P1__seed2026,dual_no_se,P1,2026,D,validation,accuracy,0.8519012675116745,0.8406669935473879,0.8618171832231157,placeholder
dual_no_se__P1__seed2026,dual_no_se,P1,2026,D,validation,balanced_accuracy,0.8519012675116745,,,placeholder
dual_no_se__P1__seed2026,dual_no_se,P1,2026,D,validation,precision_spoof,0.8519012675116745,,,placeholder
dual_no_se__P1__seed2026,dual_no_se,P1,2026,D,validation,recall_spoof_sensitivity,0.8519012675116745,,,placeholder
dual_no_se__P1__seed2026,dual_no_se,P1,2026,D,validation,specificity_bonafide_recall,0.8519012675116745,,,placeholder
dual_no_se__P1__seed2026,dual_no_se,P1,2026,D,validation,f1_spoof,0.8519012675116745,,,placeholder
dual_no_se__P1__seed2026,dual_no_se,P1,2026,D,validation,f1_macro,0.8519012675116745,0.8406577622166225,0.8618096765832345,placeholder
dual_no_se__P1__seed2026,dual_no_se,P1,2026,D,validation,auc,0.9270222843692548,0.9182933339182611,0.9337150982337317,placeholder
dual_no_se__P1__seed2026,dual_no_se,P1,2026,D,validation,eer,0.14809873248832556,0.13711688047831894,0.16179508763571135,placeholder
dual_no_se__P1__seed2026,dual_no_se,P1,2026,D,validation,fpr,0.14809873248832556,,,placeholder
dual_no_se__P1__seed2026,dual_no_se,P1,2026,D,validation,fnr,0.14809873248832556,,,placeholder
dual_no_se__P1__seed2026,dual_no_se,P1,2026,D,validation,tp,1277.0,,,placeholder
dual_no_se__P1__seed2026,dual_no_se,P1,2026,D,validation,tn,1277.0,,,placeholder
dual_no_se__P1__seed2026,dual_no_se,P1,2026,D,validation,fp,222.0,,,placeholder
dual_no_se__P1__seed2026,dual_no_se,P1,2026,D,validation,fn,222.0,,,placeholder
dual_no_se__P1__seed2026,dual_no_se,P1,2026,D,validation,brier,0.16808966107803602,,,placeholder
dual_no_se__P1__seed2026,dual_no_se,P1,2026,D,validation,ece,0.19898231205965305,,,placeholder
dual_no_se__P1__seed2026,dual_no_se,P1,2026,D,validation,n_clusters,1495.0,,,placeholder
dual_no_se__P1__seed2026,dual_no_se,P1,2026,D,internal_test,n,2998.0,,,placeholder
dual_no_se__P1__seed2026,dual_no_se,P1,2026,D,internal_test,n_spoof,1499.0,,,placeholder
dual_no_se__P1__seed2026,dual_no_se,P1,2026,D,internal_test,n_bonafide,1499.0,,,placeholder
dual_no_se__P1__seed2026,dual_no_se,P1,2026,D,internal_test,threshold,1.0533232084313822,,,placeholder
dual_no_se__P1__seed2026,dual_no_se,P1,2026,D,internal_test,accuracy,0.6577718478985991,0.6421658258090512,0.6709225412851019,placeholder
dual_no_se__P1__seed2026,dual_no_se,P1,2026,D,internal_test,balanced_accuracy,0.657771847898599,,,placeholder
dual_no_se__P1__seed2026,dual_no_se,P1,2026,D,internal_test,precision_spoof,0.7596048298572997,,,placeholder
dual_no_se__P1__seed2026,dual_no_se,P1,2026,D,internal_test,recall_spoof_sensitivity,0.4616410940627085,,,placeholder
dual_no_se__P1__seed2026,dual_no_se,P1,2026,D,internal_test,specificity_bonafide_recall,0.8539026017344896,,,placeholder
dual_no_se__P1__seed2026,dual_no_se,P1,2026,D,internal_test,f1_spoof,0.5742738589211618,,,placeholder
dual_no_se__P1__seed2026,dual_no_se,P1,2026,D,internal_test,f1_macro,0.6440805992876864,0.6266624211168977,0.6584389328024419,placeholder
dual_no_se__P1__seed2026,dual_no_se,P1,2026,D,internal_test,auc,0.7542760328099543,0.7381196060913078,0.7703939751293103,placeholder
dual_no_se__P1__seed2026,dual_no_se,P1,2026,D,internal_test,eer,0.3162108072048032,0.30146374374217777,0.33337224816544364,placeholder
dual_no_se__P1__seed2026,dual_no_se,P1,2026,D,internal_test,fpr,0.14609739826551035,,,placeholder
dual_no_se__P1__seed2026,dual_no_se,P1,2026,D,internal_test,fnr,0.5383589059372915,,,placeholder
dual_no_se__P1__seed2026,dual_no_se,P1,2026,D,internal_test,tp,692.0,,,placeholder
dual_no_se__P1__seed2026,dual_no_se,P1,2026,D,internal_test,tn,1280.0,,,placeholder
dual_no_se__P1__seed2026,dual_no_se,P1,2026,D,internal_test,fp,219.0,,,placeholder
dual_no_se__P1__seed2026,dual_no_se,P1,2026,D,internal_test,fn,807.0,,,placeholder
dual_no_se__P1__seed2026,dual_no_se,P1,2026,D,internal_test,brier,0.2096560610189256,,,placeholder
dual_no_se__P1__seed2026,dual_no_se,P1,2026,D,internal_test,ece,0.09089542761391416,,,placeholder
dual_no_se__P1__seed2026,dual_no_se,P1,2026,D,internal_test,n_clusters,1494.0,,,placeholder
dual_no_se__P1__seed2026,dual_no_se,P1,2026,D,external_BF-MOZ,n,5594.0,,,placeholder
dual_no_se__P1__seed2026,dual_no_se,P1,2026,D,external_BF-MOZ,n_spoof,2797.0,,,placeholder
dual_no_se__P1__seed2026,dual_no_se,P1,2026,D,external_BF-MOZ,n_bonafide,2797.0,,,placeholder
dual_no_se__P1__seed2026,dual_no_se,P1,2026,D,external_BF-MOZ,threshold,1.0533232084313822,,,placeholder
dual_no_se__P1__seed2026,dual_no_se,P1,2026,D,external_BF-MOZ,accuracy,0.6122631390775831,0.6020691812656418,0.623172148730783,placeholder
dual_no_se__P1__seed2026,dual_no_se,P1,2026,D,external_BF-MOZ,balanced_accuracy,0.6122631390775831,,,placeholder
dual_no_se__P1__seed2026,dual_no_se,P1,2026,D,external_BF-MOZ,precision_spoof,0.7214386459802539,,,placeholder
dual_no_se__P1__seed2026,dual_no_se,P1,2026,D,external_BF-MOZ,recall_spoof_sensitivity,0.3657490168037183,,,placeholder
dual_no_se__P1__seed2026,dual_no_se,P1,2026,D,external_BF-MOZ,specificity_bonafide_recall,0.8587772613514479,,,placeholder
dual_no_se__P1__seed2026,dual_no_se,P1,2026,D,external_BF-MOZ,f1_spoof,0.48540925266903917,,,placeholder
dual_no_se__P1__seed2026,dual_no_se,P1,2026,D,external_BF-MOZ,f1_macro,0.587176159390593,0.5750608357081777,0.6002376838266338,placeholder
dual_no_se__P1__seed2026,dual_no_se,P1,2026,D,external_BF-MOZ,auc,0.7068594230321599,0.6942139152871922,0.7179600628079859,placeholder
dual_no_se__P1__seed2026,dual_no_se,P1,2026,D,external_BF-MOZ,eer,0.34501251340722205,0.3332052198784412,0.3586163746871648,placeholder
dual_no_se__P1__seed2026,dual_no_se,P1,2026,D,external_BF-MOZ,fpr,0.14122273864855203,,,placeholder
dual_no_se__P1__seed2026,dual_no_se,P1,2026,D,external_BF-MOZ,fnr,0.6342509831962817,,,placeholder
dual_no_se__P1__seed2026,dual_no_se,P1,2026,D,external_BF-MOZ,tp,1023.0,,,placeholder
dual_no_se__P1__seed2026,dual_no_se,P1,2026,D,external_BF-MOZ,tn,2402.0,,,placeholder
dual_no_se__P1__seed2026,dual_no_se,P1,2026,D,external_BF-MOZ,fp,395.0,,,placeholder
dual_no_se__P1__seed2026,dual_no_se,P1,2026,D,external_BF-MOZ,fn,1774.0,,,placeholder
dual_no_se__P1__seed2026,dual_no_se,P1,2026,D,external_BF-MOZ,brier,0.22432658472800593,,,placeholder
dual_no_se__P1__seed2026,dual_no_se,P1,2026,D,external_BF-MOZ,ece,0.07578554667359838,,,placeholder
dual_no_se__P1__seed2026,dual_no_se,P1,2026,D,external_BF-MOZ,n_clusters,2797.0,,,placeholder
dual_no_se__P1__seed2026,dual_no_se,P1,2026,D,external_MEN,n,4500.0,,,placeholder
dual_no_se__P1__seed2026,dual_no_se,P1,2026,D,external_MEN,n_spoof,2250.0,,,placeholder
dual_no_se__P1__seed2026,dual_no_se,P1,2026,D,external_MEN,n_bonafide,2250.0,,,placeholder
dual_no_se__P1__seed2026,dual_no_se,P1,2026,D,external_MEN,threshold,1.0533232084313822,,,placeholder
dual_no_se__P1__seed2026,dual_no_se,P1,2026,D,external_MEN,accuracy,0.7702222222222223,0.7599888888888889,0.7824611111111112,placeholder
dual_no_se__P1__seed2026,dual_no_se,P1,2026,D,external_MEN,balanced_accuracy,0.7702222222222223,,,placeholder
dual_no_se__P1__seed2026,dual_no_se,P1,2026,D,external_MEN,precision_spoof,0.819327731092437,,,placeholder
dual_no_se__P1__seed2026,dual_no_se,P1,2026,D,external_MEN,recall_spoof_sensitivity,0.6933333333333334,,,placeholder
dual_no_se__P1__seed2026,dual_no_se,P1,2026,D,external_MEN,specificity_bonafide_recall,0.8471111111111111,,,placeholder
dual_no_se__P1__seed2026,dual_no_se,P1,2026,D,external_MEN,f1_spoof,0.7510832932113626,,,placeholder
dual_no_se__P1__seed2026,dual_no_se,P1,2026,D,external_MEN,f1_macro,0.7688557200683309,0.7583283346841486,0.7809787048609561,placeholder
dual_no_se__P1__seed2026,dual_no_se,P1,2026,D,external_MEN,auc,0.8582704197530864,0.8492058864197531,0.8688242765432099,placeholder
dual_no_se__P1__seed2026,dual_no_se,P1,2026,D,external_MEN,eer,0.22177777777777777,0.2102222222222222,0.2329,placeholder
dual_no_se__P1__seed2026,dual_no_se,P1,2026,D,external_MEN,fpr,0.15288888888888888,,,placeholder
dual_no_se__P1__seed2026,dual_no_se,P1,2026,D,external_MEN,fnr,0.30666666666666664,,,placeholder
dual_no_se__P1__seed2026,dual_no_se,P1,2026,D,external_MEN,tp,1560.0,,,placeholder
dual_no_se__P1__seed2026,dual_no_se,P1,2026,D,external_MEN,tn,1906.0,,,placeholder
dual_no_se__P1__seed2026,dual_no_se,P1,2026,D,external_MEN,fp,344.0,,,placeholder
dual_no_se__P1__seed2026,dual_no_se,P1,2026,D,external_MEN,fn,690.0,,,placeholder
dual_no_se__P1__seed2026,dual_no_se,P1,2026,D,external_MEN,brier,0.18336745298982274,,,placeholder
dual_no_se__P1__seed2026,dual_no_se,P1,2026,D,external_MEN,ece,0.1480784964702262,,,placeholder
dual_no_se__P1__seed2026,dual_no_se,P1,2026,D,external_MEN,n_clusters,75.0,,,placeholder
dual_no_se__P1__seed2026,dual_no_se,P1,2026,D,external_BF-NEWS,n,1000.0,,,placeholder
dual_no_se__P1__seed2026,dual_no_se,P1,2026,D,external_BF-NEWS,n_spoof,0.0,,,placeholder
dual_no_se__P1__seed2026,dual_no_se,P1,2026,D,external_BF-NEWS,n_bonafide,1000.0,,,placeholder
dual_no_se__P1__seed2026,dual_no_se,P1,2026,D,external_BF-NEWS,threshold,1.0533232084313822,,,placeholder
dual_no_se__P1__seed2026,dual_no_se,P1,2026,D,external_BF-NEWS,accuracy,0.868,,,placeholder
dual_no_se__P1__seed2026,dual_no_se,P1,2026,D,external_BF-NEWS,balanced_accuracy,,,,placeholder
dual_no_se__P1__seed2026,dual_no_se,P1,2026,D,external_BF-NEWS,precision_spoof,0.0,,,placeholder
dual_no_se__P1__seed2026,dual_no_se,P1,2026,D,external_BF-NEWS,recall_spoof_sensitivity,,,,placeholder
dual_no_se__P1__seed2026,dual_no_se,P1,2026,D,external_BF-NEWS,specificity_bonafide_recall,0.868,,,placeholder
dual_no_se__P1__seed2026,dual_no_se,P1,2026,D,external_BF-NEWS,f1_spoof,0.0,,,placeholder
dual_no_se__P1__seed2026,dual_no_se,P1,2026,D,external_BF-NEWS,f1_macro,,,,placeholder
dual_no_se__P1__seed2026,dual_no_se,P1,2026,D,external_BF-NEWS,auc,,,,placeholder
dual_no_se__P1__seed2026,dual_no_se,P1,2026,D,external_BF-NEWS,eer,,,,placeholder
dual_no_se__P1__seed2026,dual_no_se,P1,2026,D,external_BF-NEWS,fpr,0.132,,,placeholder
dual_no_se__P1__seed2026,dual_no_se,P1,2026,D,external_BF-NEWS,fnr,,,,placeholder
dual_no_se__P1__seed2026,dual_no_se,P1,2026,D,external_BF-NEWS,tp,0.0,,,placeholder
dual_no_se__P1__seed2026,dual_no_se,P1,2026,D,external_BF-NEWS,tn,868.0,,,placeholder
dual_no_se__P1__seed2026,dual_no_se,P1,2026,D,external_BF-NEWS,fp,132.0,,,placeholder
dual_no_se__P1__seed2026,dual_no_se,P1,2026,D,external_BF-NEWS,fn,0.0,,,placeholder
dual_no_se__P1__seed2026,dual_no_se,P1,2026,D,external_BF-NEWS,frac_pred_spoof,0.132,0.10921025367418152,0.15172537043794532,placeholder
dual_no_se__P1__seed2026,dual_no_se,P1,2026,D,external_BF-NEWS,n_clusters,997.0,,,placeholder
dual_no_tattn__P1__seed123,dual_no_tattn,P1,123,D,validation,n,2998.0,,,placeholder
dual_no_tattn__P1__seed123,dual_no_tattn,P1,123,D,validation,n_spoof,1499.0,,,placeholder
dual_no_tattn__P1__seed123,dual_no_tattn,P1,123,D,validation,n_bonafide,1499.0,,,placeholder
dual_no_tattn__P1__seed123,dual_no_tattn,P1,123,D,validation,threshold,0.18283844132026136,,,placeholder
dual_no_tattn__P1__seed123,dual_no_tattn,P1,123,D,validation,accuracy,0.5740493662441628,0.55640760395671,0.5930688236602178,placeholder
dual_no_tattn__P1__seed123,dual_no_tattn,P1,123,D,validation,balanced_accuracy,0.5740493662441628,,,placeholder
dual_no_tattn__P1__seed123,dual_no_tattn,P1,123,D,validation,precision_spoof,0.5740987983978638,,,placeholder
dual_no_tattn__P1__seed123,dual_no_tattn,P1,123,D,validation,recall_spoof_sensitivity,0.5737158105403602,,,placeholder
dual_no_tattn__P1__seed123,dual_no_tattn,P1,123,D,validation,specificity_bonafide_recall,0.5743829219479654,,,placeholder
dual_no_tattn__P1__seed123,dual_no_tattn,P1,123,D,validation,f1_spoof,0.5739072405739073,,,placeholder
dual_no_tattn__P1__seed123,dual_no_tattn,P1,123,D,validation,f1_macro,0.5740493188531424,0.5563073973945037,0.5930131578117477,placeholder
dual_no_tattn__P1__seed123,dual_no_tattn,P1,123,D,validation,auc,0.6032747648977459,0.5827891922790136,0.6220970333333334,placeholder
dual_no_tattn__P1__seed123,dual_no_tattn,P1,123,D,validation,eer,0.4256170780520347,0.40409801607640783,0.4416518110426978,placeholder
dual_no_tattn__P1__seed123,dual_no_tattn,P1,123,D,validation,fpr,0.4256170780520347,,,placeholder
dual_no_tattn__P1__seed123,dual_no_tattn,P1,123,D,validation,fnr,0.42628418945963975,,,placeholder
dual_no_tattn__P1__seed123,dual_no_tattn,P1,123,D,validation,tp,860.0,,,placeholder
dual_no_tattn__P1__seed123,dual_no_tattn,P1,123,D,validation,tn,861.0,,,placeholder
dual_no_tattn__P1__seed123,dual_no_tattn,P1,123,D,validation,fp,638.0,,,placeholder
dual_no_tattn__P1__seed123,dual_no_tattn,P1,123,D,validation,fn,639.0,,,placeholder
dual_no_tattn__P1__seed123,dual_no_tattn,P1,123,D,validation,brier,0.2579410055942337,,,placeholder
dual_no_tattn__P1__seed123,dual_no_tattn,P1,123,D,validation,ece,0.11618013116154996,,,placeholder
dual_no_tattn__P1__seed123,dual_no_tattn,P1,123,D,validation,n_clusters,1495.0,,,placeholder
dual_no_tattn__P1__seed123,dual_no_tattn,P1,123,D,internal_test,n,2998.0,,,placeholder
dual_no_tattn__P1__seed123,dual_no_tattn,P1,123,D,internal_test,n_spoof,1499.0,,,placeholder
dual_no_tattn__P1__seed123,dual_no_tattn,P1,123,D,internal_test,n_bonafide,1499.0,,,placeholder
dual_no_tattn__P1__seed123,dual_no_tattn,P1,123,D,internal_test,threshold,0.18283844132026136,,,placeholder
dual_no_tattn__P1__seed123,dual_no_tattn,P1,123,D,internal_test,accuracy,0.7588392261507672,0.7449996657754011,0.7723431818181818,placeholder
dual_no_tattn__P1__seed123,dual_no_tattn,P1,123,D,internal_test,balanced_accuracy,0.7588392261507672,,,placeholder
dual_no_tattn__P1__seed123,dual_no_tattn,P1,123,D,internal_test,precision_spoof,0.6847619047619048,,,placeholder
dual_no_tattn__P1__seed123,dual_no_tattn,P1,123,D,internal_test,recall_spoof_sensitivity,0.9593062041360907,,,placeholder
dual_no_tattn__P1__seed123,dual_no_tattn,P1,123,D,internal_test,specificity_bonafide_recall,0.5583722481654436,,,placeholder
dual_no_tattn__P1__seed123,dual_no_tattn,P1,123,D,internal_test,f1_spoof,0.7991108641289247,,,placeholder
dual_no_tattn__P1__seed123,dual_no_tattn,P1,123,D,internal_test,f1_macro,0.7487419151683422,0.7340724366774493,0.763613692770416,placeholder
dual_no_tattn__P1__seed123,dual_no_tattn,P1,123,D,internal_test,auc,0.9114646588942328,0.9012868576505869,0.920611597037939,placeholder
dual_no_tattn__P1__seed123,dual_no_tattn,P1,123,D,internal_test,eer,0.1667778519012675,0.15620567249550432,0.18044575919648775,placeholder
dual_no_tattn__P1__seed123,dual_no_tattn,P1,123,D,internal_test,fpr,0.4416277518345564,,,placeholder
dual_no_tattn__P1__seed123,dual_no_tattn,P1,123,D,internal_test,fnr,0.040693795863909275,,,placeholder
dual_no_tattn__P1__seed123,dual_no_tattn,P1,123,D,internal_test,tp,1438.0,,,placeholder
dual_no_tattn__P1__seed123,dual_no_tattn,P1,123,D,internal_test,tn,837.0,,,placeholder
dual_no_tattn__P1__seed123,dual_no_tattn,P1,123,D,internal_test,fp,662.0,,,placeholder
dual_no_tattn__P1__seed123,dual_no_tattn,P1,123,D,internal_test,fn,61.0,,,placeholder
dual_no_tattn__P1__seed123,dual_no_tattn,P1,123,D,internal_test,brier,0.1717913008849081,,,placeholder
dual_no_tattn__P1__seed123,dual_no_tattn,P1,123,D,internal_test,ece,0.18044718330637297,,,placeholder
dual_no_tattn__P1__seed123,dual_no_tattn,P1,123,D,internal_test,n_clusters,1494.0,,,placeholder
dual_no_tattn__P1__seed123,dual_no_tattn,P1,123,D,external_BF-MOZ,n,5594.0,,,placeholder
dual_no_tattn__P1__seed123,dual_no_tattn,P1,123,D,external_BF-MOZ,n_spoof,2797.0,,,placeholder
dual_no_tattn__P1__seed123,dual_no_tattn,P1,123,D,external_BF-MOZ,n_bonafide,2797.0,,,placeholder
dual_no_tattn__P1__seed123,dual_no_tattn,P1,123,D,external_BF-MOZ,threshold,0.18283844132026136,,,placeholder
dual_no_tattn__P1__seed123,dual_no_tattn,P1,123,D,external_BF-MOZ,accuracy,0.5825884876653558,0.5702493743296388,0.5945700750804433,placeholder
dual_no_tattn__P1__seed123,dual_no_tattn,P1,123,D,external_BF-MOZ,balanced_accuracy,0.5825884876653558,,,placeholder
dual_no_tattn__P1__seed123,dual_no_tattn,P1,123,D,external_BF-MOZ,precision_spoof,0.5847395451210565,,,placeholder
dual_no_tattn__P1__seed123,dual_no_tattn,P1,123,D,external_BF-MOZ,recall_spoof_sensitivity,0.5698963174830175,,,placeholder
dual_no_tattn__P1__seed123,dual_no_tattn,P1,123,D,external_BF-MOZ,specificity_bonafide_recall,0.5952806578476939,,,placeholder
dual_no_tattn__P1__seed123,dual_no_tattn,P1,123,D,external_BF-MOZ,f1_spoof,0.5772225239905848,,,placeholder
dual_no_tattn__P1__seed123,dual_no_tattn,P1,123,D,external_BF-MOZ,f1_macro,0.5825212355169165,0.570179576437867,0.5945335748473183,placeholder
dual_no_tattn__P1__seed123,dual_no_tattn,P1,123,D,external_BF-MOZ,auc,0.6123764557485298,0.5994153709813965,0.6253181463003226,placeholder
dual_no_tattn__P1__seed123,dual_no_tattn,P1,123,D,external_BF-MOZ,eer,0.41723274937432964,0.4054254558455488,0.4297461565963533,placeholder
dual_no_tattn__P1__seed123,dual_no_tattn,P1,123,D,external_BF-MOZ,fpr,0.40471934215230604,,,placeholder
dual_no_tattn__P1__seed123,dual_no_tattn,P1,123,D,external_BF-MOZ,fnr,0.4301036825169825,,,placeholder
dual_no_tattn__P1__seed123,dual_no_tattn,P1,123,D,external_BF-MOZ,tp,1594.0,,,placeholder
dual_no_tattn__P1__seed123,dual_no_tattn,P1,123,D,external_BF-MOZ,tn,1665.0,,,placeholder
dual_no_tattn__P1__seed123,dual_no_tattn,P1,123,D,external_BF-MOZ,fp,1132.0,,,placeholder
dual_no_tattn__P1__seed123,dual_no_tattn,P1,123,D,external_BF-MOZ,fn,1203.0,,,placeholder
dual_no_tattn__P1__seed123,dual_no_tattn,P1,123,D,external_BF-MOZ,brier,0.25351413251913163,,,placeholder
dual_no_tattn__P1__seed123,dual_no_tattn,P1,123,D,external_BF-MOZ,ece,0.09720764181800244,,,placeholder
dual_no_tattn__P1__seed123,dual_no_tattn,P1,123,D,external_BF-MOZ,n_clusters,2797.0,,,placeholder
dual_no_tattn__P1__seed123,dual_no_tattn,P1,123,D,external_MEN,n,4500.0,,,placeholder
dual_no_tattn__P1__seed123,dual_no_tattn,P1,123,D,external_MEN,n_spoof,2250.0,,,placeholder
dual_no_tattn__P1__seed123,dual_no_tattn,P1,123,D,external_MEN,n_bonafide,2250.0,,,placeholder
dual_no_tattn__P1__seed123,dual_no_tattn,P1,123,D,external_MEN,threshold,0.18283844132026136,,,placeholder
dual_no_tattn__P1__seed123,dual_no_tattn,P1,123,D,external_MEN,accuracy,0.7322222222222222,0.7184444444444444,0.7437777777777778,placeholder
dual_no_tattn__P1__seed123,dual_no_tattn,P1,123,D,external_MEN,balanced_accuracy,0.7322222222222222,,,placeholder
dual_no_tattn__P1__seed123,dual_no_tattn,P1,123,D,external_MEN,precision_spoof,0.6751592356687898,,,placeholder
dual_no_tattn__P1__seed123,dual_no_tattn,P1,123,D,external_MEN,recall_spoof_sensitivity,0.8951111111111111,,,placeholder
dual_no_tattn__P1__seed123,dual_no_tattn,P1,123,D,external_MEN,specificity_bonafide_recall,0.5693333333333334,,,placeholder
dual_no_tattn__P1__seed123,dual_no_tattn,P1,123,D,external_MEN,f1_spoof,0.769730556086375,,,placeholder
dual_no_tattn__P1__seed123,dual_no_tattn,P1,123,D,external_MEN,f1_macro,0.7249236799545228,0.7104660468309172,0.7373678018828583,placeholder
dual_no_tattn__P1__seed123,dual_no_tattn,P1,123,D,external_MEN,auc,0.8389779753086419,0.8278690617283951,0.8505700049382717,placeholder
dual_no_tattn__P1__seed123,dual_no_tattn,P1,123,D,external_MEN,eer,0.23555555555555555,0.224,0.248,placeholder
dual_no_tattn__P1__seed123,dual_no_tattn,P1,123,D,external_MEN,fpr,0.43066666666666664,,,placeholder
dual_no_tattn__P1__seed123,dual_no_tattn,P1,123,D,external_MEN,fnr,0.10488888888888889,,,placeholder
dual_no_tattn__P1__seed123,dual_no_tattn,P1,123,D,external_MEN,tp,2014.0,,,placeholder
dual_no_tattn__P1__seed123,dual_no_tattn,P1,123,D,external_MEN,tn,1281.0,,,placeholder
dual_no_tattn__P1__seed123,dual_no_tattn,P1,123,D,external_MEN,fp,969.0,,,placeholder
dual_no_tattn__P1__seed123,dual_no_tattn,P1,123,D,external_MEN,fn,236.0,,,placeholder
dual_no_tattn__P1__seed123,dual_no_tattn,P1,123,D,external_MEN,brier,0.18890227828234377,,,placeholder
dual_no_tattn__P1__seed123,dual_no_tattn,P1,123,D,external_MEN,ece,0.13537751863495537,,,placeholder
dual_no_tattn__P1__seed123,dual_no_tattn,P1,123,D,external_MEN,n_clusters,75.0,,,placeholder
dual_no_tattn__P1__seed123,dual_no_tattn,P1,123,D,external_BF-NEWS,n,1000.0,,,placeholder
dual_no_tattn__P1__seed123,dual_no_tattn,P1,123,D,external_BF-NEWS,n_spoof,0.0,,,placeholder
dual_no_tattn__P1__seed123,dual_no_tattn,P1,123,D,external_BF-NEWS,n_bonafide,1000.0,,,placeholder
dual_no_tattn__P1__seed123,dual_no_tattn,P1,123,D,external_BF-NEWS,threshold,0.18283844132026136,,,placeholder
dual_no_tattn__P1__seed123,dual_no_tattn,P1,123,D,external_BF-NEWS,accuracy,0.556,,,placeholder
dual_no_tattn__P1__seed123,dual_no_tattn,P1,123,D,external_BF-NEWS,balanced_accuracy,,,,placeholder
dual_no_tattn__P1__seed123,dual_no_tattn,P1,123,D,external_BF-NEWS,precision_spoof,0.0,,,placeholder
dual_no_tattn__P1__seed123,dual_no_tattn,P1,123,D,external_BF-NEWS,recall_spoof_sensitivity,,,,placeholder
dual_no_tattn__P1__seed123,dual_no_tattn,P1,123,D,external_BF-NEWS,specificity_bonafide_recall,0.556,,,placeholder
dual_no_tattn__P1__seed123,dual_no_tattn,P1,123,D,external_BF-NEWS,f1_spoof,0.0,,,placeholder
dual_no_tattn__P1__seed123,dual_no_tattn,P1,123,D,external_BF-NEWS,f1_macro,,,,placeholder
dual_no_tattn__P1__seed123,dual_no_tattn,P1,123,D,external_BF-NEWS,auc,,,,placeholder
dual_no_tattn__P1__seed123,dual_no_tattn,P1,123,D,external_BF-NEWS,eer,,,,placeholder
dual_no_tattn__P1__seed123,dual_no_tattn,P1,123,D,external_BF-NEWS,fpr,0.444,,,placeholder
dual_no_tattn__P1__seed123,dual_no_tattn,P1,123,D,external_BF-NEWS,fnr,,,,placeholder
dual_no_tattn__P1__seed123,dual_no_tattn,P1,123,D,external_BF-NEWS,tp,0.0,,,placeholder
dual_no_tattn__P1__seed123,dual_no_tattn,P1,123,D,external_BF-NEWS,tn,556.0,,,placeholder
dual_no_tattn__P1__seed123,dual_no_tattn,P1,123,D,external_BF-NEWS,fp,444.0,,,placeholder
dual_no_tattn__P1__seed123,dual_no_tattn,P1,123,D,external_BF-NEWS,fn,0.0,,,placeholder
dual_no_tattn__P1__seed123,dual_no_tattn,P1,123,D,external_BF-NEWS,frac_pred_spoof,0.444,0.41397934131736525,0.47148328187907346,placeholder
dual_no_tattn__P1__seed123,dual_no_tattn,P1,123,D,external_BF-NEWS,n_clusters,997.0,,,placeholder
dual_no_tattn__P1__seed2026,dual_no_tattn,P1,2026,D,validation,n,2998.0,,,placeholder
dual_no_tattn__P1__seed2026,dual_no_tattn,P1,2026,D,validation,n_spoof,1499.0,,,placeholder
dual_no_tattn__P1__seed2026,dual_no_tattn,P1,2026,D,validation,n_bonafide,1499.0,,,placeholder
dual_no_tattn__P1__seed2026,dual_no_tattn,P1,2026,D,validation,threshold,1.0241648605987044,,,placeholder
dual_no_tattn__P1__seed2026,dual_no_tattn,P1,2026,D,validation,accuracy,0.8525683789192795,0.840336008909079,0.8637297291512264,placeholder
dual_no_tattn__P1__seed2026,dual_no_tattn,P1,2026,D,validation,balanced_accuracy,0.8525683789192795,,,placeholder
dual_no_tattn__P1__seed2026,dual_no_tattn,P1,2026,D,validation,precision_spoof,0.8525683789192795,,,placeholder
dual_no_tattn__P1__seed2026,dual_no_tattn,P1,2026,D,validation,recall_spoof_sensitivity,0.8525683789192795,,,placeholder
dual_no_tattn__P1__seed2026,dual_no_tattn,P1,2026,D,validation,specificity_bonafide_recall,0.8525683789192795,,,placeholder
dual_no_tattn__P1__seed2026,dual_no_tattn,P1,2026,D,validation,f1_spoof,0.8525683789192795,,,placeholder
dual_no_tattn__P1__seed2026,dual_no_tattn,P1,2026,D,validation,f1_macro,0.8525683789192795,0.8403076425627144,0.8637225533560414,placeholder
dual_no_tattn__P1__seed2026,dual_no_tattn,P1,2026,D,validation,auc,0.9317249970071219,0.9229876943793244,0.9390703507494278,placeholder
dual_no_tattn__P1__seed2026,dual_no_tattn,P1,2026,D,validation,eer,0.14743162108072047,0.13550183667349688,0.15922983566511217,placeholder
dual_no_tattn__P1__seed2026,dual_no_tattn,P1,2026,D,validation,fpr,0.14743162108072047,,,placeholder
dual_no_tattn__P1__seed2026,dual_no_tattn,P1,2026,D,validation,fnr,0.14743162108072047,,,placeholder
dual_no_tattn__P1__seed2026,dual_no_tattn,P1,2026,D,validation,tp,1278.0,,,placeholder
dual_no_tattn__P1__seed2026,dual_no_tattn,P1,2026,D,validation,tn,1278.0,,,placeholder
dual_no_tattn__P1__seed2026,dual_no_tattn,P1,2026,D,validation,fp,221.0,,,placeholder
dual_no_tattn__P1__seed2026,dual_no_tattn,P1,2026,D,validation,fn,221.0,,,placeholder
dual_no_tattn__P1__seed2026,dual_no_tattn,P1,2026,D,validation,brier,0.16301762062133862,,,placeholder
dual_no_tattn__P1__seed2026,dual_no_tattn,P1,2026,D,validation,ece,0.18822127886331663,,,placeholder
dual_no_tattn__P1__seed2026,dual_no_tattn,P1,2026,D,validation,n_clusters,1495.0,,,placeholder
dual_no_tattn__P1__seed2026,dual_no_tattn,P1,2026,D,internal_test,n,2998.0,,,placeholder
dual_no_tattn__P1__seed2026,dual_no_tattn,P1,2026,D,internal_test,n_spoof,1499.0,,,placeholder
dual_no_tattn__P1__seed2026,dual_no_tattn,P1,2026,D,internal_test,n_bonafide,1499.0,,,placeholder
dual_no_tattn__P1__seed2026,dual_no_tattn,P1,2026,D,internal_test,threshold,1.0241648605987044,,,placeholder
dual_no_tattn__P1__seed2026,dual_no_tattn,P1,2026,D,internal_test,accuracy,0.771847898599066,0.757514529391895,0.7867670358670485,placeholder
dual_no_tattn__P1__seed2026,dual_no_tattn,P1,2026,D,internal_test,balanced_accuracy,0.771847898599066,,,placeholder
dual_no_tattn__P1__seed2026,dual_no_tattn,P1,2026,D,internal_test,precision_spoof,0.8201099764336214,,,placeholder
dual_no_tattn__P1__seed2026,dual_no_tattn,P1,2026,D,internal_test,recall_spoof_sensitivity,0.6964643095396932,,,placeholder
dual_no_tattn__P1__seed2026,dual_no_tattn,P1,2026,D,internal_test,specificity_bonafide_recall,0.8472314876584389,,,placeholder
dual_no_tattn__P1__seed2026,dual_no_tattn,P1,2026,D,internal_test,f1_spoof,0.7532467532467533,,,placeholder
dual_no_tattn__P1__seed2026,dual_no_tattn,P1,2026,D,internal_test,f1_macro,0.7705439721568754,0.7560211682529963,0.785572899556464,placeholder
dual_no_tattn__P1__seed2026,dual_no_tattn,P1,2026,D,internal_test,auc,0.8621282322526781,0.8487619456830977,0.875754097043518,placeholder
dual_no_tattn__P1__seed2026,dual_no_tattn,P1,2026,D,internal_test,eer,0.21947965310206807,0.20425907444617764,0.23580494321977286,placeholder
dual_no_tattn__P1__seed2026,dual_no_tattn,P1,2026,D,internal_test,fpr,0.15276851234156105,,,placeholder
dual_no_tattn__P1__seed2026,dual_no_tattn,P1,2026,D,internal_test,fnr,0.3035356904603069,,,placeholder
dual_no_tattn__P1__seed2026,dual_no_tattn,P1,2026,D,internal_test,tp,1044.0,,,placeholder
dual_no_tattn__P1__seed2026,dual_no_tattn,P1,2026,D,internal_test,tn,1270.0,,,placeholder
dual_no_tattn__P1__seed2026,dual_no_tattn,P1,2026,D,internal_test,fp,229.0,,,placeholder
dual_no_tattn__P1__seed2026,dual_no_tattn,P1,2026,D,internal_test,fn,455.0,,,placeholder
dual_no_tattn__P1__seed2026,dual_no_tattn,P1,2026,D,internal_test,brier,0.18183353660209067,,,placeholder
dual_no_tattn__P1__seed2026,dual_no_tattn,P1,2026,D,internal_test,ece,0.14889220459293961,,,placeholder
dual_no_tattn__P1__seed2026,dual_no_tattn,P1,2026,D,internal_test,n_clusters,1494.0,,,placeholder
dual_no_tattn__P1__seed2026,dual_no_tattn,P1,2026,D,external_BF-MOZ,n,5594.0,,,placeholder
dual_no_tattn__P1__seed2026,dual_no_tattn,P1,2026,D,external_BF-MOZ,n_spoof,2797.0,,,placeholder
dual_no_tattn__P1__seed2026,dual_no_tattn,P1,2026,D,external_BF-MOZ,n_bonafide,2797.0,,,placeholder
dual_no_tattn__P1__seed2026,dual_no_tattn,P1,2026,D,external_BF-MOZ,threshold,1.0241648605987044,,,placeholder
dual_no_tattn__P1__seed2026,dual_no_tattn,P1,2026,D,external_BF-MOZ,accuracy,0.600464783696818,0.5908071147658205,0.6113782624240257,placeholder
dual_no_tattn__P1__seed2026,dual_no_tattn,P1,2026,D,external_BF-MOZ,balanced_accuracy,0.600464783696818,,,placeholder
dual_no_tattn__P1__seed2026,dual_no_tattn,P1,2026,D,external_BF-MOZ,precision_spoof,0.6962290502793296,,,placeholder
dual_no_tattn__P1__seed2026,dual_no_tattn,P1,2026,D,external_BF-MOZ,recall_spoof_sensitivity,0.35645334286735786,,,placeholder
dual_no_tattn__P1__seed2026,dual_no_tattn,P1,2026,D,external_BF-MOZ,specificity_bonafide_recall,0.8444762245262781,,,placeholder
dual_no_tattn__P1__seed2026,dual_no_tattn,P1,2026,D,external_BF-MOZ,f1_spoof,0.4715062662567983,,,placeholder
dual_no_tattn__P1__seed2026,dual_no_tattn,P1,2026,D,external_BF-MOZ,f1_macro,0.5751697159707616,0.5643148570014381,0.5873622622623705,placeholder
dual_no_tattn__P1__seed2026,dual_no_tattn,P1,2026,D,external_BF-MOZ,auc,0.6749010540303858,0.658523490807928,0.6862314876158875,placeholder
dual_no_tattn__P1__seed2026,dual_no_tattn,P1,2026,D,external_BF-MOZ,eer,0.37254200929567394,0.36287987129066857,0.384706828745084,placeholder
dual_no_tattn__P1__seed2026,dual_no_tattn,P1,2026,D,external_BF-MOZ,fpr,0.15552377547372184,,,placeholder
dual_no_tattn__P1__seed2026,dual_no_tattn,P1,2026,D,external_BF-MOZ,fnr,0.6435466571326421,,,placeholder
dual_no_tattn__P1__seed2026,dual_no_tattn,P1,2026,D,external_BF-MOZ,tp,997.0,,,placeholder
dual_no_tattn__P1__seed2026,dual_no_tattn,P1,2026,D,external_BF-MOZ,tn,2362.0,,,placeholder
dual_no_tattn__P1__seed2026,dual_no_tattn,P1,2026,D,external_BF-MOZ,fp,435.0,,,placeholder
dual_no_tattn__P1__seed2026,dual_no_tattn,P1,2026,D,external_BF-MOZ,fn,1800.0,,,placeholder
dual_no_tattn__P1__seed2026,dual_no_tattn,P1,2026,D,external_BF-MOZ,brier,0.23479366807323307,,,placeholder
dual_no_tattn__P1__seed2026,dual_no_tattn,P1,2026,D,external_BF-MOZ,ece,0.08184990124745896,,,placeholder
dual_no_tattn__P1__seed2026,dual_no_tattn,P1,2026,D,external_BF-MOZ,n_clusters,2797.0,,,placeholder
dual_no_tattn__P1__seed2026,dual_no_tattn,P1,2026,D,external_MEN,n,4500.0,,,placeholder
dual_no_tattn__P1__seed2026,dual_no_tattn,P1,2026,D,external_MEN,n_spoof,2250.0,,,placeholder
dual_no_tattn__P1__seed2026,dual_no_tattn,P1,2026,D,external_MEN,n_bonafide,2250.0,,,placeholder
dual_no_tattn__P1__seed2026,dual_no_tattn,P1,2026,D,external_MEN,threshold,1.0241648605987044,,,placeholder
dual_no_tattn__P1__seed2026,dual_no_tattn,P1,2026,D,external_MEN,accuracy,0.6573333333333333,0.6428833333333333,0.6722444444444445,placeholder
dual_no_tattn__P1__seed2026,dual_no_tattn,P1,2026,D,external_MEN,balanced_accuracy,0.6573333333333333,,,placeholder
dual_no_tattn__P1__seed2026,dual_no_tattn,P1,2026,D,external_MEN,precision_spoof,0.7465181058495822,,,placeholder
dual_no_tattn__P1__seed2026,dual_no_tattn,P1,2026,D,external_MEN,recall_spoof_sensitivity,0.47644444444444445,,,placeholder
dual_no_tattn__P1__seed2026,dual_no_tattn,P1,2026,D,external_MEN,specificity_bonafide_recall,0.8382222222222222,,,placeholder
dual_no_tattn__P1__seed2026,dual_no_tattn,P1,2026,D,external_MEN,f1_spoof,0.5816603364080304,,,placeholder
dual_no_tattn__P1__seed2026,dual_no_tattn,P1,2026,D,external_MEN,f1_macro,0.6457417225886595,0.6301035473572002,0.6624689726346459,placeholder
dual_no_tattn__P1__seed2026,dual_no_tattn,P1,2026,D,external_MEN,auc,0.7381313580246913,0.7222565827160495,0.751939975308642,placeholder
dual_no_tattn__P1__seed2026,dual_no_tattn,P1,2026,D,external_MEN,eer,0.3337777777777778,0.3199888888888888,0.3475555555555555,placeholder
dual_no_tattn__P1__seed2026,dual_no_tattn,P1,2026,D,external_MEN,fpr,0.16177777777777777,,,placeholder
dual_no_tattn__P1__seed2026,dual_no_tattn,P1,2026,D,external_MEN,fnr,0.5235555555555556,,,placeholder
dual_no_tattn__P1__seed2026,dual_no_tattn,P1,2026,D,external_MEN,tp,1072.0,,,placeholder
dual_no_tattn__P1__seed2026,dual_no_tattn,P1,2026,D,external_MEN,tn,1886.0,,,placeholder
dual_no_tattn__P1__seed2026,dual_no_tattn,P1,2026,D,external_MEN,fp,364.0,,,placeholder
dual_no_tattn__P1__seed2026,dual_no_tattn,P1,2026,D,external_MEN,fn,1178.0,,,placeholder
dual_no_tattn__P1__seed2026,dual_no_tattn,P1,2026,D,external_MEN,brier,0.21650605685097613,,,placeholder
dual_no_tattn__P1__seed2026,dual_no_tattn,P1,2026,D,external_MEN,ece,0.09328889886080424,,,placeholder
dual_no_tattn__P1__seed2026,dual_no_tattn,P1,2026,D,external_MEN,n_clusters,75.0,,,placeholder
dual_no_tattn__P1__seed2026,dual_no_tattn,P1,2026,D,external_BF-NEWS,n,1000.0,,,placeholder
dual_no_tattn__P1__seed2026,dual_no_tattn,P1,2026,D,external_BF-NEWS,n_spoof,0.0,,,placeholder
dual_no_tattn__P1__seed2026,dual_no_tattn,P1,2026,D,external_BF-NEWS,n_bonafide,1000.0,,,placeholder
dual_no_tattn__P1__seed2026,dual_no_tattn,P1,2026,D,external_BF-NEWS,threshold,1.0241648605987044,,,placeholder
dual_no_tattn__P1__seed2026,dual_no_tattn,P1,2026,D,external_BF-NEWS,accuracy,0.834,,,placeholder
dual_no_tattn__P1__seed2026,dual_no_tattn,P1,2026,D,external_BF-NEWS,balanced_accuracy,,,,placeholder
dual_no_tattn__P1__seed2026,dual_no_tattn,P1,2026,D,external_BF-NEWS,precision_spoof,0.0,,,placeholder
dual_no_tattn__P1__seed2026,dual_no_tattn,P1,2026,D,external_BF-NEWS,recall_spoof_sensitivity,,,,placeholder
dual_no_tattn__P1__seed2026,dual_no_tattn,P1,2026,D,external_BF-NEWS,specificity_bonafide_recall,0.834,,,placeholder
dual_no_tattn__P1__seed2026,dual_no_tattn,P1,2026,D,external_BF-NEWS,f1_spoof,0.0,,,placeholder
dual_no_tattn__P1__seed2026,dual_no_tattn,P1,2026,D,external_BF-NEWS,f1_macro,,,,placeholder
dual_no_tattn__P1__seed2026,dual_no_tattn,P1,2026,D,external_BF-NEWS,auc,,,,placeholder
dual_no_tattn__P1__seed2026,dual_no_tattn,P1,2026,D,external_BF-NEWS,eer,,,,placeholder
dual_no_tattn__P1__seed2026,dual_no_tattn,P1,2026,D,external_BF-NEWS,fpr,0.166,,,placeholder
dual_no_tattn__P1__seed2026,dual_no_tattn,P1,2026,D,external_BF-NEWS,fnr,,,,placeholder
dual_no_tattn__P1__seed2026,dual_no_tattn,P1,2026,D,external_BF-NEWS,tp,0.0,,,placeholder
dual_no_tattn__P1__seed2026,dual_no_tattn,P1,2026,D,external_BF-NEWS,tn,834.0,,,placeholder
dual_no_tattn__P1__seed2026,dual_no_tattn,P1,2026,D,external_BF-NEWS,fp,166.0,,,placeholder
dual_no_tattn__P1__seed2026,dual_no_tattn,P1,2026,D,external_BF-NEWS,fn,0.0,,,placeholder
dual_no_tattn__P1__seed2026,dual_no_tattn,P1,2026,D,external_BF-NEWS,frac_pred_spoof,0.166,0.14185814185814186,0.19091396103896108,placeholder
dual_no_tattn__P1__seed2026,dual_no_tattn,P1,2026,D,external_BF-NEWS,n_clusters,997.0,,,placeholder
dual_plain__P1__seed123,dual_plain,P1,123,D,validation,n,2998.0,,,placeholder
dual_plain__P1__seed123,dual_plain,P1,123,D,validation,n_spoof,1499.0,,,placeholder
dual_plain__P1__seed123,dual_plain,P1,123,D,validation,n_bonafide,1499.0,,,placeholder
dual_plain__P1__seed123,dual_plain,P1,123,D,validation,threshold,0.37490467250675186,,,placeholder
dual_plain__P1__seed123,dual_plain,P1,123,D,validation,accuracy,0.6457638425617078,0.6329114199045188,0.6607795030020014,placeholder
dual_plain__P1__seed123,dual_plain,P1,123,D,validation,balanced_accuracy,0.6457638425617078,,,placeholder
dual_plain__P1__seed123,dual_plain,P1,123,D,validation,precision_spoof,0.6457638425617078,,,placeholder
dual_plain__P1__seed123,dual_plain,P1,123,D,validation,recall_spoof_sensitivity,0.6457638425617078,,,placeholder
dual_plain__P1__seed123,dual_plain,P1,123,D,validation,specificity_bonafide_recall,0.6457638425617078,,,placeholder
dual_plain__P1__seed123,dual_plain,P1,123,D,validation,f1_spoof,0.6457638425617078,,,placeholder
dual_plain__P1__seed123,dual_plain,P1,123,D,validation,f1_macro,0.6457638425617078,0.6328565237221213,0.6607785832321968,placeholder
dual_plain__P1__seed123,dual_plain,P1,123,D,validation,auc,0.7011839336075063,0.6862664988267995,0.7189820988114073,placeholder
dual_plain__P1__seed123,dual_plain,P1,123,D,validation,eer,0.3542361574382922,0.33844078460104615,0.3674058925054913,placeholder
dual_plain__P1__seed123,dual_plain,P1,123,D,validation,fpr,0.3542361574382922,,,placeholder
dual_plain__P1__seed123,dual_plain,P1,123,D,validation,fnr,0.3542361574382922,,,placeholder
dual_plain__P1__seed123,dual_plain,P1,123,D,validation,tp,968.0,,,placeholder
dual_plain__P1__seed123,dual_plain,P1,123,D,validation,tn,968.0,,,placeholder
dual_plain__P1__seed123,dual_plain,P1,123,D,validation,fp,531.0,,,placeholder
dual_plain__P1__seed123,dual_plain,P1,123,D,validation,fn,531.0,,,placeholder
dual_plain__P1__seed123,dual_plain,P1,123,D,validation,brier,0.22635382710626084,,,placeholder
dual_plain__P1__seed123,dual_plain,P1,123,D,validation,ece,0.08095421403056517,,,placeholder
dual_plain__P1__seed123,dual_plain,P1,123,D,validation,n_clusters,1495.0,,,placeholder
dual_plain__P1__seed123,dual_plain,P1,123,D,internal_test,n,2998.0,,,placeholder
dual_plain__P1__seed123,dual_plain,P1,123,D,internal_test,n_spoof,1499.0,,,placeholder
dual_plain__P1__seed123,dual_plain,P1,123,D,internal_test,n_bonafide,1499.0,,,placeholder
dual_plain__P1__seed123,dual_plain,P1,123,D,internal_test,threshold,0.37490467250675186,,,placeholder
dual_plain__P1__seed123,dual_plain,P1,123,D,internal_test,accuracy,0.7354903268845897,0.7190427116780931,0.7503716717820919,placeholder
dual_plain__P1__seed123,dual_plain,P1,123,D,internal_test,balanced_accuracy,0.7354903268845897,,,placeholder
dual_plain__P1__seed123,dual_plain,P1,123,D,internal_test,precision_spoof,0.7005681818181818,,,placeholder
dual_plain__P1__seed123,dual_plain,P1,123,D,internal_test,recall_spoof_sensitivity,0.8225483655770514,,,placeholder
dual_plain__P1__seed123,dual_plain,P1,123,D,internal_test,specificity_bonafide_recall,0.6484322881921281,,,placeholder
dual_plain__P1__seed123,dual_plain,P1,123,D,internal_test,f1_spoof,0.7566738263270942,,,placeholder
dual_plain__P1__seed123,dual_plain,P1,123,D,internal_test,f1_macro,0.7334702708544496,0.716244319039761,0.7487895921249915,placeholder
dual_plain__P1__seed123,dual_plain,P1,123,D,internal_test,auc,0.8252577546694462,0.8105932992651839,0.8393973775379675,placeholder
dual_plain__P1__seed123,dual_plain,P1,123,D,internal_test,eer,0.25350233488992663,0.23864522378089514,0.26992931305058554,placeholder
dual_plain__P1__seed123,dual_plain,P1,123,D,internal_test,fpr,0.35156771180787194,,,placeholder
dual_plain__P1__seed123,dual_plain,P1,123,D,internal_test,fnr,0.17745163442294865,,,placeholder
dual_plain__P1__seed123,dual_plain,P1,123,D,internal_test,tp,1233.0,,,placeholder
dual_plain__P1__seed123,dual_plain,P1,123,D,internal_test,tn,972.0,,,placeholder
dual_plain__P1__seed123,dual_plain,P1,123,D,internal_test,fp,527.0,,,placeholder
dual_plain__P1__seed123,dual_plain,P1,123,D,internal_test,fn,266.0,,,placeholder
dual_plain__P1__seed123,dual_plain,P1,123,D,internal_test,brier,0.18981098249159922,,,placeholder
dual_plain__P1__seed123,dual_plain,P1,123,D,internal_test,ece,0.12167355537528048,,,placeholder
dual_plain__P1__seed123,dual_plain,P1,123,D,internal_test,n_clusters,1494.0,,,placeholder
dual_plain__P1__seed123,dual_plain,P1,123,D,external_BF-MOZ,n,5594.0,,,placeholder
dual_plain__P1__seed123,dual_plain,P1,123,D,external_BF-MOZ,n_spoof,2797.0,,,placeholder
dual_plain__P1__seed123,dual_plain,P1,123,D,external_BF-MOZ,n_bonafide,2797.0,,,placeholder
dual_plain__P1__seed123,dual_plain,P1,123,D,external_BF-MOZ,threshold,0.37490467250675186,,,placeholder
dual_plain__P1__seed123,dual_plain,P1,123,D,external_BF-MOZ,accuracy,0.8065784769395781,0.7970951018948874,0.8160618519842688,placeholder
dual_plain__P1__seed123,dual_plain,P1,123,D,external_BF-MOZ,balanced_accuracy,0.8065784769395781,,,placeholder
dual_plain__P1__seed123,dual_plain,P1,123,D,external_BF-MOZ,precision_spoof,0.7292167869553595,,,placeholder
dual_plain__P1__seed123,dual_plain,P1,123,D,external_BF-MOZ,recall_spoof_sensitivity,0.975330711476582,,,placeholder
dual_plain__P1__seed123,dual_plain,P1,123,D,external_BF-MOZ,specificity_bonafide_recall,0.6378262424025742,,,placeholder
dual_plain__P1__seed123,dual_plain,P1,123,D,external_BF-MOZ,f1_spoof,0.8345059651269502,,,placeholder
dual_plain__P1__seed123,dual_plain,P1,123,D,external_BF-MOZ,f1_macro,0.8009088965419697,0.7904234667020237,0.8110096994296448,placeholder
dual_plain__P1__seed123,dual_plain,P1,123,D,external_BF-MOZ,auc,0.9488208738894743,0.9444167029156452,0.953700390082893,placeholder
dual_plain__P1__seed123,dual_plain,P1,123,D,external_BF-MOZ,eer,0.1226313907758313,0.11512334644261712,0.13085448695030388,placeholder
dual_plain__P1__seed123,dual_plain,P1,123,D,external_BF-MOZ,fpr,0.3621737575974258,,,placeholder
dual_plain__P1__seed123,dual_plain,P1,123,D,external_BF-MOZ,fnr,0.02466928852341795,,,placeholder
dual_plain__P1__seed123,dual_plain,P1,123,D,external_BF-MOZ,tp,2728.0,,,placeholder
dual_plain__P1__seed123,dual_plain,P1,123,D,external_BF-MOZ,tn,1784.0,,,placeholder
dual_plain__P1__seed123,dual_plain,P1,123,D,external_BF-MOZ,fp,1013.0,,,placeholder
dual_plain__P1__seed123,dual_plain,P1,123,D,external_BF-MOZ,fn,69.0,,,placeholder
dual_plain__P1__seed123,dual_plain,P1,123,D,external_BF-MOZ,brier,0.16130876691125307,,,placeholder
dual_plain__P1__seed123,dual_plain,P1,123,D,external_BF-MOZ,ece,0.20365097174500982,,,placeholder
dual_plain__P1__seed123,dual_plain,P1,123,D,external_BF-MOZ,n_clusters,2797.0,,,placeholder
dual_plain__P1__seed123,dual_plain,P1,123,D,external_MEN,n,4500.0,,,placeholder
dual_plain__P1__seed123,dual_plain,P1,123,D,external_MEN,n_spoof,2250.0,,,placeholder
dual_plain__P1__seed123,dual_plain,P1,123,D,external_MEN,n_bonafide,2250.0,,,placeholder
dual_plain__P1__seed123,dual_plain,P1,123,D,external_MEN,threshold,0.37490467250675186,,,placeholder
dual_plain__P1__seed123,dual_plain,P1,123,D,external_MEN,accuracy,0.6342222222222222,0.6204166666666667,0.6475777777777778,placeholder
dual_plain__P1__seed123,dual_plain,P1,123,D,external_MEN,balanced_accuracy,0.6342222222222222,,,placeholder
dual_plain__P1__seed123,dual_plain,P1,123,D,external_MEN,precision_spoof,0.6362815884476535,,,placeholder
dual_plain__P1__seed123,dual_plain,P1,123,D,external_MEN,recall_spoof_sensitivity,0.6266666666666667,,,placeholder
dual_plain__P1__seed123,dual_plain,P1,123,D,external_MEN,specificity_bonafide_recall,0.6417777777777778,,,placeholder
dual_plain__P1__seed123,dual_plain,P1,123,D,external_MEN,f1_spoof,0.6314375279892521,,,placeholder
dual_plain__P1__seed123,dual_plain,P1,123,D,external_MEN,f1_macro,0.6342013400863773,0.6204141243068287,0.6475472141200354,placeholder
dual_plain__P1__seed123,dual_plain,P1,123,D,external_MEN,auc,0.6849501234567901,0.6689281037037037,0.7001347259259258,placeholder
dual_plain__P1__seed123,dual_plain,P1,123,D,external_MEN,eer,0.36444444444444446,0.3510888888888889,0.37867777777777784,placeholder
dual_plain__P1__seed123,dual_plain,P1,123,D,external_MEN,fpr,0.3582222222222222,,,placeholder
dual_plain__P1__seed123,dual_plain,P1,123,D,external_MEN,fnr,0.37333333333333335,,,placeholder
dual_plain__P1__seed123,dual_plain,P1,123,D,external_MEN,tp,1410.0,,,placeholder
dual_plain__P1__seed123,dual_plain,P1,123,D,external_MEN,tn,1444.0,,,placeholder
dual_plain__P1__seed123,dual_plain,P1,123,D,external_MEN,fp,806.0,,,placeholder
dual_plain__P1__seed123,dual_plain,P1,123,D,external_MEN,fn,840.0,,,placeholder
dual_plain__P1__seed123,dual_plain,P1,123,D,external_MEN,brier,0.23134538724908013,,,placeholder
dual_plain__P1__seed123,dual_plain,P1,123,D,external_MEN,ece,0.07603831369263968,,,placeholder
dual_plain__P1__seed123,dual_plain,P1,123,D,external_MEN,n_clusters,75.0,,,placeholder
dual_plain__P1__seed123,dual_plain,P1,123,D,external_BF-NEWS,n,1000.0,,,placeholder
dual_plain__P1__seed123,dual_plain,P1,123,D,external_BF-NEWS,n_spoof,0.0,,,placeholder
dual_plain__P1__seed123,dual_plain,P1,123,D,external_BF-NEWS,n_bonafide,1000.0,,,placeholder
dual_plain__P1__seed123,dual_plain,P1,123,D,external_BF-NEWS,threshold,0.37490467250675186,,,placeholder
dual_plain__P1__seed123,dual_plain,P1,123,D,external_BF-NEWS,accuracy,0.651,,,placeholder
dual_plain__P1__seed123,dual_plain,P1,123,D,external_BF-NEWS,balanced_accuracy,,,,placeholder
dual_plain__P1__seed123,dual_plain,P1,123,D,external_BF-NEWS,precision_spoof,0.0,,,placeholder
dual_plain__P1__seed123,dual_plain,P1,123,D,external_BF-NEWS,recall_spoof_sensitivity,,,,placeholder
dual_plain__P1__seed123,dual_plain,P1,123,D,external_BF-NEWS,specificity_bonafide_recall,0.651,,,placeholder
dual_plain__P1__seed123,dual_plain,P1,123,D,external_BF-NEWS,f1_spoof,0.0,,,placeholder
dual_plain__P1__seed123,dual_plain,P1,123,D,external_BF-NEWS,f1_macro,,,,placeholder
dual_plain__P1__seed123,dual_plain,P1,123,D,external_BF-NEWS,auc,,,,placeholder
dual_plain__P1__seed123,dual_plain,P1,123,D,external_BF-NEWS,eer,,,,placeholder
dual_plain__P1__seed123,dual_plain,P1,123,D,external_BF-NEWS,fpr,0.349,,,placeholder
dual_plain__P1__seed123,dual_plain,P1,123,D,external_BF-NEWS,fnr,,,,placeholder
dual_plain__P1__seed123,dual_plain,P1,123,D,external_BF-NEWS,tp,0.0,,,placeholder
dual_plain__P1__seed123,dual_plain,P1,123,D,external_BF-NEWS,tn,651.0,,,placeholder
dual_plain__P1__seed123,dual_plain,P1,123,D,external_BF-NEWS,fp,349.0,,,placeholder
dual_plain__P1__seed123,dual_plain,P1,123,D,external_BF-NEWS,fn,0.0,,,placeholder
dual_plain__P1__seed123,dual_plain,P1,123,D,external_BF-NEWS,frac_pred_spoof,0.349,0.32031231231231233,0.37691319149444774,placeholder
dual_plain__P1__seed123,dual_plain,P1,123,D,external_BF-NEWS,n_clusters,997.0,,,placeholder
dual_plain__P1__seed2026,dual_plain,P1,2026,D,validation,n,2998.0,,,placeholder
dual_plain__P1__seed2026,dual_plain,P1,2026,D,validation,n_spoof,1499.0,,,placeholder
dual_plain__P1__seed2026,dual_plain,P1,2026,D,validation,n_bonafide,1499.0,,,placeholder
dual_plain__P1__seed2026,dual_plain,P1,2026,D,validation,threshold,0.7617244580915503,,,placeholder
dual_plain__P1__seed2026,dual_plain,P1,2026,D,validation,accuracy,0.7705136757838559,0.7548301329690006,0.784732035563296,placeholder
dual_plain__P1__seed2026,dual_plain,P1,2026,D,validation,balanced_accuracy,0.7705136757838559,,,placeholder
dual_plain__P1__seed2026,dual_plain,P1,2026,D,validation,precision_spoof,0.7705136757838559,,,placeholder
dual_plain__P1__seed2026,dual_plain,P1,2026,D,validation,recall_spoof_sensitivity,0.7705136757838559,,,placeholder
dual_plain__P1__seed2026,dual_plain,P1,2026,D,validation,specificity_bonafide_recall,0.7705136757838559,,,placeholder
dual_plain__P1__seed2026,dual_plain,P1,2026,D,validation,f1_spoof,0.7705136757838559,,,placeholder
dual_plain__P1__seed2026,dual_plain,P1,2026,D,validation,f1_macro,0.7705136757838559,0.7548300349599893,0.7847318955350371,placeholder
dual_plain__P1__seed2026,dual_plain,P1,2026,D,validation,auc,0.8572123465899658,0.8439112065370686,0.8719938206406131,placeholder
dual_plain__P1__seed2026,dual_plain,P1,2026,D,validation,eer,0.22948632421614412,0.21509327065345646,0.24683122081387587,placeholder
dual_plain__P1__seed2026,dual_plain,P1,2026,D,validation,fpr,0.2294863242161441,,,placeholder
dual_plain__P1__seed2026,dual_plain,P1,2026,D,validation,fnr,0.2294863242161441,,,placeholder
dual_plain__P1__seed2026,dual_plain,P1,2026,D,validation,tp,1155.0,,,placeholder
dual_plain__P1__seed2026,dual_plain,P1,2026,D,validation,tn,1155.0,,,placeholder
dual_plain__P1__seed2026,dual_plain,P1,2026,D,validation,fp,344.0,,,placeholder
dual_plain__P1__seed2026,dual_plain,P1,2026,D,validation,fn,344.0,,,placeholder
dual_plain__P1__seed2026,dual_plain,P1,2026,D,validation,brier,0.1829450703702236,,,placeholder
dual_plain__P1__seed2026,dual_plain,P1,2026,D,validation,ece,0.1418957069876514,,,placeholder
dual_plain__P1__seed2026,dual_plain,P1,2026,D,validation,n_clusters,1495.0,,,placeholder
dual_plain__P1__seed2026,dual_plain,P1,2026,D,internal_test,n,2998.0,,,placeholder
dual_plain__P1__seed2026,dual_plain,P1,2026,D,internal_test,n_spoof,1499.0,,,placeholder
dual_plain__P1__seed2026,dual_plain,P1,2026,D,internal_test,n_bonafide,1499.0,,,placeholder
dual_plain__P1__seed2026,dual_plain,P1,2026,D,internal_test,threshold,0.7617244580915503,,,placeholder
dual_plain__P1__seed2026,dual_plain,P1,2026,D,internal_test,accuracy,0.7861907938625751,0.7716538718291055,0.8016047929191717,placeholder
dual_plain__P1__seed2026,dual_plain,P1,2026,D,internal_test,balanced_accuracy,0.786190793862575,,,placeholder
dual_plain__P1__seed2026,dual_plain,P1,2026,D,internal_test,precision_spoof,0.779296875,,,placeholder
dual_plain__P1__seed2026,dual_plain,P1,2026,D,internal_test,recall_spoof_sensitivity,0.7985323549032688,,,placeholder
dual_plain__P1__seed2026,dual_plain,P1,2026,D,internal_test,specificity_bonafide_recall,0.7738492328218812,,,placeholder
dual_plain__P1__seed2026,dual_plain,P1,2026,D,internal_test,f1_spoof,0.7887973640856673,,,placeholder
dual_plain__P1__seed2026,dual_plain,P1,2026,D,internal_test,f1_macro,0.7861582227385445,0.7716013532505415,0.8015370037049623,placeholder
dual_plain__P1__seed2026,dual_plain,P1,2026,D,internal_test,auc,0.8737895532756772,0.8617455561248637,0.8848841022180811,placeholder
dual_plain__P1__seed2026,dual_plain,P1,2026,D,internal_test,eer,0.2154769846564376,0.19971609886439545,0.22964087491711097,placeholder
dual_plain__P1__seed2026,dual_plain,P1,2026,D,internal_test,fpr,0.22615076717811874,,,placeholder
dual_plain__P1__seed2026,dual_plain,P1,2026,D,internal_test,fnr,0.20146764509673115,,,placeholder
dual_plain__P1__seed2026,dual_plain,P1,2026,D,internal_test,tp,1197.0,,,placeholder
dual_plain__P1__seed2026,dual_plain,P1,2026,D,internal_test,tn,1160.0,,,placeholder
dual_plain__P1__seed2026,dual_plain,P1,2026,D,internal_test,fp,339.0,,,placeholder
dual_plain__P1__seed2026,dual_plain,P1,2026,D,internal_test,fn,302.0,,,placeholder
dual_plain__P1__seed2026,dual_plain,P1,2026,D,internal_test,brier,0.1795704563443034,,,placeholder
dual_plain__P1__seed2026,dual_plain,P1,2026,D,internal_test,ece,0.1514928248328338,,,placeholder
dual_plain__P1__seed2026,dual_plain,P1,2026,D,internal_test,n_clusters,1494.0,,,placeholder
dual_plain__P1__seed2026,dual_plain,P1,2026,D,external_BF-MOZ,n,5594.0,,,placeholder
dual_plain__P1__seed2026,dual_plain,P1,2026,D,external_BF-MOZ,n_spoof,2797.0,,,placeholder
dual_plain__P1__seed2026,dual_plain,P1,2026,D,external_BF-MOZ,n_bonafide,2797.0,,,placeholder
dual_plain__P1__seed2026,dual_plain,P1,2026,D,external_BF-MOZ,threshold,0.7617244580915503,,,placeholder
dual_plain__P1__seed2026,dual_plain,P1,2026,D,external_BF-MOZ,accuracy,0.8619949946371112,0.8548355380765106,0.8714739006077941,placeholder
dual_plain__P1__seed2026,dual_plain,P1,2026,D,external_BF-MOZ,balanced_accuracy,0.8619949946371113,,,placeholder
dual_plain__P1__seed2026,dual_plain,P1,2026,D,external_BF-MOZ,precision_spoof,0.8091603053435115,,,placeholder
dual_plain__P1__seed2026,dual_plain,P1,2026,D,external_BF-MOZ,recall_spoof_sensitivity,0.9474436896675009,,,placeholder
dual_plain__P1__seed2026,dual_plain,P1,2026,D,external_BF-MOZ,specificity_bonafide_recall,0.7765462996067215,,,placeholder
dual_plain__P1__seed2026,dual_plain,P1,2026,D,external_BF-MOZ,f1_spoof,0.8728590250329381,,,placeholder
dual_plain__P1__seed2026,dual_plain,P1,2026,D,external_BF-MOZ,f1_macro,0.8609799425399249,0.8533426321246953,0.8707593321056956,placeholder
dual_plain__P1__seed2026,dual_plain,P1,2026,D,external_BF-MOZ,auc,0.9563993496786294,0.9525244532007262,0.9616481676508961,placeholder
dual_plain__P1__seed2026,dual_plain,P1,2026,D,external_BF-MOZ,eer,0.1147658205219878,0.10581873435824096,0.12336431891312118,placeholder
dual_plain__P1__seed2026,dual_plain,P1,2026,D,external_BF-MOZ,fpr,0.22345370039327853,,,placeholder
dual_plain__P1__seed2026,dual_plain,P1,2026,D,external_BF-MOZ,fnr,0.05255631033249911,,,placeholder
dual_plain__P1__seed2026,dual_plain,P1,2026,D,external_BF-MOZ,tp,2650.0,,,placeholder
dual_plain__P1__seed2026,dual_plain,P1,2026,D,external_BF-MOZ,tn,2172.0,,,placeholder
dual_plain__P1__seed2026,dual_plain,P1,2026,D,external_BF-MOZ,fp,625.0,,,placeholder
dual_plain__P1__seed2026,dual_plain,P1,2026,D,external_BF-MOZ,fn,147.0,,,placeholder
dual_plain__P1__seed2026,dual_plain,P1,2026,D,external_BF-MOZ,brier,0.15687298162176744,,,placeholder
dual_plain__P1__seed2026,dual_plain,P1,2026,D,external_BF-MOZ,ece,0.20923424943047428,,,placeholder
dual_plain__P1__seed2026,dual_plain,P1,2026,D,external_BF-MOZ,n_clusters,2797.0,,,placeholder
dual_plain__P1__seed2026,dual_plain,P1,2026,D,external_MEN,n,4500.0,,,placeholder
dual_plain__P1__seed2026,dual_plain,P1,2026,D,external_MEN,n_spoof,2250.0,,,placeholder
dual_plain__P1__seed2026,dual_plain,P1,2026,D,external_MEN,n_bonafide,2250.0,,,placeholder
dual_plain__P1__seed2026,dual_plain,P1,2026,D,external_MEN,threshold,0.7617244580915503,,,placeholder
dual_plain__P1__seed2026,dual_plain,P1,2026,D,external_MEN,accuracy,0.8008888888888889,0.7897777777777778,0.8131222222222222,placeholder
dual_plain__P1__seed2026,dual_plain,P1,2026,D,external_MEN,balanced_accuracy,0.8008888888888889,,,placeholder
dual_plain__P1__seed2026,dual_plain,P1,2026,D,external_MEN,precision_spoof,0.7893162393162393,,,placeholder
dual_plain__P1__seed2026,dual_plain,P1,2026,D,external_MEN,recall_spoof_sensitivity,0.8208888888888889,,,placeholder
dual_plain__P1__seed2026,dual_plain,P1,2026,D,external_MEN,specificity_bonafide_recall,0.7808888888888889,,,placeholder
dual_plain__P1__seed2026,dual_plain,P1,2026,D,external_MEN,f1_spoof,0.80479302832244,,,placeholder
dual_plain__P1__seed2026,dual_plain,P1,2026,D,external_MEN,f1_macro,0.8008092125739183,0.7897040391470412,0.8129601748226427,placeholder
dual_plain__P1__seed2026,dual_plain,P1,2026,D,external_MEN,auc,0.8839342222222224,0.8752871012345679,0.8939440543209876,placeholder
dual_plain__P1__seed2026,dual_plain,P1,2026,D,external_MEN,eer,0.19733333333333333,0.18443333333333334,0.2088888888888889,placeholder
dual_plain__P1__seed2026,dual_plain,P1,2026,D,external_MEN,fpr,0.21911111111111112,,,placeholder
dual_plain__P1__seed2026,dual_plain,P1,2026,D,external_MEN,fnr,0.1791111111111111,,,placeholder
dual_plain__P1__seed2026,dual_plain,P1,2026,D,external_MEN,tp,1847.0,,,placeholder
dual_plain__P1__seed2026,dual_plain,P1,2026,D,external_MEN,tn,1757.0,,,placeholder
dual_plain__P1__seed2026,dual_plain,P1,2026,D,external_MEN,fp,493.0,,,placeholder
dual_plain__P1__seed2026,dual_plain,P1,2026,D,external_MEN,fn,403.0,,,placeholder
dual_plain__P1__seed2026,dual_plain,P1,2026,D,external_MEN,brier,0.17662729056933554,,,placeholder
dual_plain__P1__seed2026,dual_plain,P1,2026,D,external_MEN,ece,0.1613505438859969,,,placeholder
dual_plain__P1__seed2026,dual_plain,P1,2026,D,external_MEN,n_clusters,75.0,,,placeholder
dual_plain__P1__seed2026,dual_plain,P1,2026,D,external_BF-NEWS,n,1000.0,,,placeholder
dual_plain__P1__seed2026,dual_plain,P1,2026,D,external_BF-NEWS,n_spoof,0.0,,,placeholder
dual_plain__P1__seed2026,dual_plain,P1,2026,D,external_BF-NEWS,n_bonafide,1000.0,,,placeholder
dual_plain__P1__seed2026,dual_plain,P1,2026,D,external_BF-NEWS,threshold,0.7617244580915503,,,placeholder
dual_plain__P1__seed2026,dual_plain,P1,2026,D,external_BF-NEWS,accuracy,0.778,,,placeholder
dual_plain__P1__seed2026,dual_plain,P1,2026,D,external_BF-NEWS,balanced_accuracy,,,,placeholder
dual_plain__P1__seed2026,dual_plain,P1,2026,D,external_BF-NEWS,precision_spoof,0.0,,,placeholder
dual_plain__P1__seed2026,dual_plain,P1,2026,D,external_BF-NEWS,recall_spoof_sensitivity,,,,placeholder
dual_plain__P1__seed2026,dual_plain,P1,2026,D,external_BF-NEWS,specificity_bonafide_recall,0.778,,,placeholder
dual_plain__P1__seed2026,dual_plain,P1,2026,D,external_BF-NEWS,f1_spoof,0.0,,,placeholder
dual_plain__P1__seed2026,dual_plain,P1,2026,D,external_BF-NEWS,f1_macro,,,,placeholder
dual_plain__P1__seed2026,dual_plain,P1,2026,D,external_BF-NEWS,auc,,,,placeholder
dual_plain__P1__seed2026,dual_plain,P1,2026,D,external_BF-NEWS,eer,,,,placeholder
dual_plain__P1__seed2026,dual_plain,P1,2026,D,external_BF-NEWS,fpr,0.222,,,placeholder
dual_plain__P1__seed2026,dual_plain,P1,2026,D,external_BF-NEWS,fnr,,,,placeholder
dual_plain__P1__seed2026,dual_plain,P1,2026,D,external_BF-NEWS,tp,0.0,,,placeholder
dual_plain__P1__seed2026,dual_plain,P1,2026,D,external_BF-NEWS,tn,778.0,,,placeholder
dual_plain__P1__seed2026,dual_plain,P1,2026,D,external_BF-NEWS,fp,222.0,,,placeholder
dual_plain__P1__seed2026,dual_plain,P1,2026,D,external_BF-NEWS,fn,0.0,,,placeholder
dual_plain__P1__seed2026,dual_plain,P1,2026,D,external_BF-NEWS,frac_pred_spoof,0.222,0.19698526919242274,0.2510062812812813,placeholder
dual_plain__P1__seed2026,dual_plain,P1,2026,D,external_BF-NEWS,n_clusters,997.0,,,placeholder
stats_hgb_controlled__P1__seed42,stats_hgb_controlled,P1,42,LOCAL,external_BF-MOZ,n,5594.0,,,real
stats_hgb_controlled__P1__seed42,stats_hgb_controlled,P1,42,LOCAL,external_BF-MOZ,n_spoof,2797.0,,,real
stats_hgb_controlled__P1__seed42,stats_hgb_controlled,P1,42,LOCAL,external_BF-MOZ,n_bonafide,2797.0,,,real
stats_hgb_controlled__P1__seed42,stats_hgb_controlled,P1,42,LOCAL,external_BF-MOZ,threshold,-0.1385230822917337,,,real
stats_hgb_controlled__P1__seed42,stats_hgb_controlled,P1,42,LOCAL,external_BF-MOZ,accuracy,0.8945298534143725,0.8863067572398999,0.9025741866285306,real
stats_hgb_controlled__P1__seed42,stats_hgb_controlled,P1,42,LOCAL,external_BF-MOZ,balanced_accuracy,0.8945298534143725,,,real
stats_hgb_controlled__P1__seed42,stats_hgb_controlled,P1,42,LOCAL,external_BF-MOZ,precision_spoof,0.90764684152198,,,real
stats_hgb_controlled__P1__seed42,stats_hgb_controlled,P1,42,LOCAL,external_BF-MOZ,recall_spoof_sensitivity,0.8784411869860564,,,real
stats_hgb_controlled__P1__seed42,stats_hgb_controlled,P1,42,LOCAL,external_BF-MOZ,specificity_bonafide_recall,0.9106185198426886,,,real
stats_hgb_controlled__P1__seed42,stats_hgb_controlled,P1,42,LOCAL,external_BF-MOZ,f1_spoof,0.8928052325581395,,,real
stats_hgb_controlled__P1__seed42,stats_hgb_controlled,P1,42,LOCAL,external_BF-MOZ,f1_macro,0.8945025459060929,0.8862746106506842,0.9025506159177097,real
stats_hgb_controlled__P1__seed42,stats_hgb_controlled,P1,42,LOCAL,external_BF-MOZ,auc,0.953573782830038,0.9482179243837151,0.9592023139098035,real
stats_hgb_controlled__P1__seed42,stats_hgb_controlled,P1,42,LOCAL,external_BF-MOZ,eer,0.10010725777618878,0.09224168752234536,0.10833035395066143,real
stats_hgb_controlled__P1__seed42,stats_hgb_controlled,P1,42,LOCAL,external_BF-MOZ,fpr,0.0893814801573114,,,real
stats_hgb_controlled__P1__seed42,stats_hgb_controlled,P1,42,LOCAL,external_BF-MOZ,fnr,0.12155881301394351,,,real
stats_hgb_controlled__P1__seed42,stats_hgb_controlled,P1,42,LOCAL,external_BF-MOZ,tp,2457.0,,,real
stats_hgb_controlled__P1__seed42,stats_hgb_controlled,P1,42,LOCAL,external_BF-MOZ,tn,2547.0,,,real
stats_hgb_controlled__P1__seed42,stats_hgb_controlled,P1,42,LOCAL,external_BF-MOZ,fp,250.0,,,real
stats_hgb_controlled__P1__seed42,stats_hgb_controlled,P1,42,LOCAL,external_BF-MOZ,fn,340.0,,,real
stats_hgb_controlled__P1__seed42,stats_hgb_controlled,P1,42,LOCAL,external_BF-MOZ,brier,0.08104369449363394,,,real
stats_hgb_controlled__P1__seed42,stats_hgb_controlled,P1,42,LOCAL,external_BF-MOZ,ece,0.0579462426463216,,,real
stats_hgb_controlled__P1__seed42,stats_hgb_controlled,P1,42,LOCAL,external_BF-MOZ,n_clusters,2797.0,,,real
stats_hgb_controlled__P1__seed42,stats_hgb_controlled,P1,42,LOCAL,external_BF-NEWS,n,1000.0,,,real
stats_hgb_controlled__P1__seed42,stats_hgb_controlled,P1,42,LOCAL,external_BF-NEWS,n_spoof,0.0,,,real
stats_hgb_controlled__P1__seed42,stats_hgb_controlled,P1,42,LOCAL,external_BF-NEWS,n_bonafide,1000.0,,,real
stats_hgb_controlled__P1__seed42,stats_hgb_controlled,P1,42,LOCAL,external_BF-NEWS,threshold,-0.1385230822917337,,,real
stats_hgb_controlled__P1__seed42,stats_hgb_controlled,P1,42,LOCAL,external_BF-NEWS,accuracy,0.156,,,real
stats_hgb_controlled__P1__seed42,stats_hgb_controlled,P1,42,LOCAL,external_BF-NEWS,balanced_accuracy,,,,real
stats_hgb_controlled__P1__seed42,stats_hgb_controlled,P1,42,LOCAL,external_BF-NEWS,precision_spoof,0.0,,,real
stats_hgb_controlled__P1__seed42,stats_hgb_controlled,P1,42,LOCAL,external_BF-NEWS,recall_spoof_sensitivity,,,,real
stats_hgb_controlled__P1__seed42,stats_hgb_controlled,P1,42,LOCAL,external_BF-NEWS,specificity_bonafide_recall,0.156,,,real
stats_hgb_controlled__P1__seed42,stats_hgb_controlled,P1,42,LOCAL,external_BF-NEWS,f1_spoof,0.0,,,real
stats_hgb_controlled__P1__seed42,stats_hgb_controlled,P1,42,LOCAL,external_BF-NEWS,f1_macro,,,,real
stats_hgb_controlled__P1__seed42,stats_hgb_controlled,P1,42,LOCAL,external_BF-NEWS,auc,,,,real
stats_hgb_controlled__P1__seed42,stats_hgb_controlled,P1,42,LOCAL,external_BF-NEWS,eer,,,,real
stats_hgb_controlled__P1__seed42,stats_hgb_controlled,P1,42,LOCAL,external_BF-NEWS,fpr,0.844,,,real
stats_hgb_controlled__P1__seed42,stats_hgb_controlled,P1,42,LOCAL,external_BF-NEWS,fnr,,,,real
stats_hgb_controlled__P1__seed42,stats_hgb_controlled,P1,42,LOCAL,external_BF-NEWS,tp,0.0,,,real
stats_hgb_controlled__P1__seed42,stats_hgb_controlled,P1,42,LOCAL,external_BF-NEWS,tn,156.0,,,real
stats_hgb_controlled__P1__seed42,stats_hgb_controlled,P1,42,LOCAL,external_BF-NEWS,fp,844.0,,,real
stats_hgb_controlled__P1__seed42,stats_hgb_controlled,P1,42,LOCAL,external_BF-NEWS,fn,0.0,,,real
stats_hgb_controlled__P1__seed42,stats_hgb_controlled,P1,42,LOCAL,external_BF-NEWS,frac_pred_spoof,0.844,0.821637918694532,0.8660066866267465,real
stats_hgb_controlled__P1__seed42,stats_hgb_controlled,P1,42,LOCAL,external_BF-NEWS,n_clusters,997.0,,,real
stats_hgb_controlled__P1__seed42,stats_hgb_controlled,P1,42,LOCAL,external_MEN,n,4500.0,,,real
stats_hgb_controlled__P1__seed42,stats_hgb_controlled,P1,42,LOCAL,external_MEN,n_spoof,2250.0,,,real
stats_hgb_controlled__P1__seed42,stats_hgb_controlled,P1,42,LOCAL,external_MEN,n_bonafide,2250.0,,,real
stats_hgb_controlled__P1__seed42,stats_hgb_controlled,P1,42,LOCAL,external_MEN,threshold,-0.1385230822917337,,,real
stats_hgb_controlled__P1__seed42,stats_hgb_controlled,P1,42,LOCAL,external_MEN,accuracy,0.4955555555555556,0.4895555555555556,0.5,real
stats_hgb_controlled__P1__seed42,stats_hgb_controlled,P1,42,LOCAL,external_MEN,balanced_accuracy,0.4955555555555556,,,real
stats_hgb_controlled__P1__seed42,stats_hgb_controlled,P1,42,LOCAL,external_MEN,precision_spoof,0.25,,,real
stats_hgb_controlled__P1__seed42,stats_hgb_controlled,P1,42,LOCAL,external_MEN,recall_spoof_sensitivity,0.0044444444444444444,,,real
stats_hgb_controlled__P1__seed42,stats_hgb_controlled,P1,42,LOCAL,external_MEN,specificity_bonafide_recall,0.9866666666666667,,,real
stats_hgb_controlled__P1__seed42,stats_hgb_controlled,P1,42,LOCAL,external_MEN,f1_spoof,0.008733624454148471,,,real
stats_hgb_controlled__P1__seed42,stats_hgb_controlled,P1,42,LOCAL,external_MEN,f1_macro,0.3352162906175362,0.3312162854944371,0.3390906491278239,real
stats_hgb_controlled__P1__seed42,stats_hgb_controlled,P1,42,LOCAL,external_MEN,auc,0.4435342222222222,0.40126072345679015,0.48692571111111105,real
stats_hgb_controlled__P1__seed42,stats_hgb_controlled,P1,42,LOCAL,external_MEN,eer,0.5457777777777778,0.5124444444444445,0.5817888888888888,real
stats_hgb_controlled__P1__seed42,stats_hgb_controlled,P1,42,LOCAL,external_MEN,fpr,0.013333333333333334,,,real
stats_hgb_controlled__P1__seed42,stats_hgb_controlled,P1,42,LOCAL,external_MEN,fnr,0.9955555555555555,,,real
stats_hgb_controlled__P1__seed42,stats_hgb_controlled,P1,42,LOCAL,external_MEN,tp,10.0,,,real
stats_hgb_controlled__P1__seed42,stats_hgb_controlled,P1,42,LOCAL,external_MEN,tn,2220.0,,,real
stats_hgb_controlled__P1__seed42,stats_hgb_controlled,P1,42,LOCAL,external_MEN,fp,30.0,,,real
stats_hgb_controlled__P1__seed42,stats_hgb_controlled,P1,42,LOCAL,external_MEN,fn,2240.0,,,real
stats_hgb_controlled__P1__seed42,stats_hgb_controlled,P1,42,LOCAL,external_MEN,brier,0.4232627220026743,,,real
stats_hgb_controlled__P1__seed42,stats_hgb_controlled,P1,42,LOCAL,external_MEN,ece,0.40246105019187667,,,real
stats_hgb_controlled__P1__seed42,stats_hgb_controlled,P1,42,LOCAL,external_MEN,n_clusters,75.0,,,real
stats_hgb_controlled__P1__seed42,stats_hgb_controlled,P1,42,LOCAL,internal_test,n,2998.0,,,real
stats_hgb_controlled__P1__seed42,stats_hgb_controlled,P1,42,LOCAL,internal_test,n_spoof,1499.0,,,real
stats_hgb_controlled__P1__seed42,stats_hgb_controlled,P1,42,LOCAL,internal_test,n_bonafide,1499.0,,,real
stats_hgb_controlled__P1__seed42,stats_hgb_controlled,P1,42,LOCAL,internal_test,threshold,-0.1385230822917337,,,real
stats_hgb_controlled__P1__seed42,stats_hgb_controlled,P1,42,LOCAL,internal_test,accuracy,0.8482321547698466,0.8356639259506338,0.8607047872340425,real
stats_hgb_controlled__P1__seed42,stats_hgb_controlled,P1,42,LOCAL,internal_test,balanced_accuracy,0.8482321547698466,,,real
stats_hgb_controlled__P1__seed42,stats_hgb_controlled,P1,42,LOCAL,internal_test,precision_spoof,0.8489304812834224,,,real
stats_hgb_controlled__P1__seed42,stats_hgb_controlled,P1,42,LOCAL,internal_test,recall_spoof_sensitivity,0.8472314876584389,,,real
stats_hgb_controlled__P1__seed42,stats_hgb_controlled,P1,42,LOCAL,internal_test,specificity_bonafide_recall,0.8492328218812542,,,real
stats_hgb_controlled__P1__seed42,stats_hgb_controlled,P1,42,LOCAL,internal_test,f1_spoof,0.8480801335559266,,,real
stats_hgb_controlled__P1__seed42,stats_hgb_controlled,P1,42,LOCAL,internal_test,f1_macro,0.8482320027992896,0.8356421141216903,0.8606881986449713,real
stats_hgb_controlled__P1__seed42,stats_hgb_controlled,P1,42,LOCAL,internal_test,auc,0.9281802722829229,0.9193486733542893,0.9367873556798595,real
stats_hgb_controlled__P1__seed42,stats_hgb_controlled,P1,42,LOCAL,internal_test,eer,0.15276851234156108,0.13924050632911392,0.16510695187165775,real
stats_hgb_controlled__P1__seed42,stats_hgb_controlled,P1,42,LOCAL,internal_test,fpr,0.15076717811874582,,,real
stats_hgb_controlled__P1__seed42,stats_hgb_controlled,P1,42,LOCAL,internal_test,fnr,0.15276851234156105,,,real
stats_hgb_controlled__P1__seed42,stats_hgb_controlled,P1,42,LOCAL,internal_test,tp,1270.0,,,real
stats_hgb_controlled__P1__seed42,stats_hgb_controlled,P1,42,LOCAL,internal_test,tn,1273.0,,,real
stats_hgb_controlled__P1__seed42,stats_hgb_controlled,P1,42,LOCAL,internal_test,fp,226.0,,,real
stats_hgb_controlled__P1__seed42,stats_hgb_controlled,P1,42,LOCAL,internal_test,fn,229.0,,,real
stats_hgb_controlled__P1__seed42,stats_hgb_controlled,P1,42,LOCAL,internal_test,brier,0.10619808222516862,,,real
stats_hgb_controlled__P1__seed42,stats_hgb_controlled,P1,42,LOCAL,internal_test,ece,0.022792607349058736,,,real
stats_hgb_controlled__P1__seed42,stats_hgb_controlled,P1,42,LOCAL,internal_test,n_clusters,1494.0,,,real
stats_hgb_controlled__P1__seed42,stats_hgb_controlled,P1,42,LOCAL,validation,n,2998.0,,,real
stats_hgb_controlled__P1__seed42,stats_hgb_controlled,P1,42,LOCAL,validation,n_spoof,1499.0,,,real
stats_hgb_controlled__P1__seed42,stats_hgb_controlled,P1,42,LOCAL,validation,n_bonafide,1499.0,,,real
stats_hgb_controlled__P1__seed42,stats_hgb_controlled,P1,42,LOCAL,validation,threshold,-0.1385230822917337,,,real
stats_hgb_controlled__P1__seed42,stats_hgb_controlled,P1,42,LOCAL,validation,accuracy,0.8642428285523682,0.8517605452269089,0.8757535765790593,real
stats_hgb_controlled__P1__seed42,stats_hgb_controlled,P1,42,LOCAL,validation,balanced_accuracy,0.8642428285523682,,,real
stats_hgb_controlled__P1__seed42,stats_hgb_controlled,P1,42,LOCAL,validation,precision_spoof,0.8644859813084113,,,real
stats_hgb_controlled__P1__seed42,stats_hgb_controlled,P1,42,LOCAL,validation,recall_spoof_sensitivity,0.8639092728485657,,,real
stats_hgb_controlled__P1__seed42,stats_hgb_controlled,P1,42,LOCAL,validation,specificity_bonafide_recall,0.8645763842561708,,,real
stats_hgb_controlled__P1__seed42,stats_hgb_controlled,P1,42,LOCAL,validation,f1_spoof,0.8641975308641975,,,real
stats_hgb_controlled__P1__seed42,stats_hgb_controlled,P1,42,LOCAL,validation,f1_macro,0.864242813448104,0.8517569363205736,0.8757516083618004,real
stats_hgb_controlled__P1__seed42,stats_hgb_controlled,P1,42,LOCAL,validation,auc,0.9390463110608317,0.9309043681624973,0.9464600234262897,real
stats_hgb_controlled__P1__seed42,stats_hgb_controlled,P1,42,LOCAL,validation,eer,0.13609072715143433,0.1245836109260493,0.14906592902867477,real
stats_hgb_controlled__P1__seed42,stats_hgb_controlled,P1,42,LOCAL,validation,fpr,0.13542361574382922,,,real
stats_hgb_controlled__P1__seed42,stats_hgb_controlled,P1,42,LOCAL,validation,fnr,0.13609072715143428,,,real
stats_hgb_controlled__P1__seed42,stats_hgb_controlled,P1,42,LOCAL,validation,tp,1295.0,,,real
stats_hgb_controlled__P1__seed42,stats_hgb_controlled,P1,42,LOCAL,validation,tn,1296.0,,,real
stats_hgb_controlled__P1__seed42,stats_hgb_controlled,P1,42,LOCAL,validation,fp,203.0,,,real
stats_hgb_controlled__P1__seed42,stats_hgb_controlled,P1,42,LOCAL,validation,fn,204.0,,,real
stats_hgb_controlled__P1__seed42,stats_hgb_controlled,P1,42,LOCAL,validation,brier,0.09801880872619535,,,real
stats_hgb_controlled__P1__seed42,stats_hgb_controlled,P1,42,LOCAL,validation,ece,0.023573917112538124,,,real
stats_hgb_controlled__P1__seed42,stats_hgb_controlled,P1,42,LOCAL,validation,n_clusters,1495.0,,,real
stats_hgb_controlled__P2__seed42,stats_hgb_controlled,P2,42,LOCAL,external_BF-MOZ,n,5594.0,,,real
stats_hgb_controlled__P2__seed42,stats_hgb_controlled,P2,42,LOCAL,external_BF-MOZ,n_spoof,2797.0,,,real
stats_hgb_controlled__P2__seed42,stats_hgb_controlled,P2,42,LOCAL,external_BF-MOZ,n_bonafide,2797.0,,,real
stats_hgb_controlled__P2__seed42,stats_hgb_controlled,P2,42,LOCAL,external_BF-MOZ,threshold,4.048433120068398,,,real
stats_hgb_controlled__P2__seed42,stats_hgb_controlled,P2,42,LOCAL,external_BF-MOZ,accuracy,0.5337861994994637,0.5287808366106542,0.5386127994279585,real
stats_hgb_controlled__P2__seed42,stats_hgb_controlled,P2,42,LOCAL,external_BF-MOZ,balanced_accuracy,0.5337861994994637,,,real
stats_hgb_controlled__P2__seed42,stats_hgb_controlled,P2,42,LOCAL,external_BF-MOZ,precision_spoof,0.9315068493150684,,,real
stats_hgb_controlled__P2__seed42,stats_hgb_controlled,P2,42,LOCAL,external_BF-MOZ,recall_spoof_sensitivity,0.07293528780836611,,,real
stats_hgb_controlled__P2__seed42,stats_hgb_controlled,P2,42,LOCAL,external_BF-MOZ,specificity_bonafide_recall,0.9946371111905613,,,real
stats_hgb_controlled__P2__seed42,stats_hgb_controlled,P2,42,LOCAL,external_BF-MOZ,f1_spoof,0.13527851458885942,,,real
stats_hgb_controlled__P2__seed42,stats_hgb_controlled,P2,42,LOCAL,external_BF-MOZ,f1_macro,0.40806999640358294,0.39878233374435046,0.41747186415617377,real
stats_hgb_controlled__P2__seed42,stats_hgb_controlled,P2,42,LOCAL,external_BF-MOZ,auc,0.8864180287143036,0.8777738713103536,0.8956340534299928,real
stats_hgb_controlled__P2__seed42,stats_hgb_controlled,P2,42,LOCAL,external_BF-MOZ,eer,0.17661780479084735,0.16660707901322847,0.18735252055774038,real
stats_hgb_controlled__P2__seed42,stats_hgb_controlled,P2,42,LOCAL,external_BF-MOZ,fpr,0.005362888809438684,,,real
stats_hgb_controlled__P2__seed42,stats_hgb_controlled,P2,42,LOCAL,external_BF-MOZ,fnr,0.9270647121916339,,,real
stats_hgb_controlled__P2__seed42,stats_hgb_controlled,P2,42,LOCAL,external_BF-MOZ,tp,204.0,,,real
stats_hgb_controlled__P2__seed42,stats_hgb_controlled,P2,42,LOCAL,external_BF-MOZ,tn,2782.0,,,real
stats_hgb_controlled__P2__seed42,stats_hgb_controlled,P2,42,LOCAL,external_BF-MOZ,fp,15.0,,,real
stats_hgb_controlled__P2__seed42,stats_hgb_controlled,P2,42,LOCAL,external_BF-MOZ,fn,2593.0,,,real
stats_hgb_controlled__P2__seed42,stats_hgb_controlled,P2,42,LOCAL,external_BF-MOZ,brier,0.403015387279292,,,real
stats_hgb_controlled__P2__seed42,stats_hgb_controlled,P2,42,LOCAL,external_BF-MOZ,ece,0.40129021040651297,,,real
stats_hgb_controlled__P2__seed42,stats_hgb_controlled,P2,42,LOCAL,external_BF-MOZ,n_clusters,2797.0,,,real
stats_hgb_controlled__P2__seed42,stats_hgb_controlled,P2,42,LOCAL,external_BF-NEWS,n,1000.0,,,real
stats_hgb_controlled__P2__seed42,stats_hgb_controlled,P2,42,LOCAL,external_BF-NEWS,n_spoof,0.0,,,real
stats_hgb_controlled__P2__seed42,stats_hgb_controlled,P2,42,LOCAL,external_BF-NEWS,n_bonafide,1000.0,,,real
stats_hgb_controlled__P2__seed42,stats_hgb_controlled,P2,42,LOCAL,external_BF-NEWS,threshold,4.048433120068398,,,real
stats_hgb_controlled__P2__seed42,stats_hgb_controlled,P2,42,LOCAL,external_BF-NEWS,accuracy,0.869,,,real
stats_hgb_controlled__P2__seed42,stats_hgb_controlled,P2,42,LOCAL,external_BF-NEWS,balanced_accuracy,,,,real
stats_hgb_controlled__P2__seed42,stats_hgb_controlled,P2,42,LOCAL,external_BF-NEWS,precision_spoof,0.0,,,real
stats_hgb_controlled__P2__seed42,stats_hgb_controlled,P2,42,LOCAL,external_BF-NEWS,recall_spoof_sensitivity,,,,real
stats_hgb_controlled__P2__seed42,stats_hgb_controlled,P2,42,LOCAL,external_BF-NEWS,specificity_bonafide_recall,0.869,,,real
stats_hgb_controlled__P2__seed42,stats_hgb_controlled,P2,42,LOCAL,external_BF-NEWS,f1_spoof,0.0,,,real
stats_hgb_controlled__P2__seed42,stats_hgb_controlled,P2,42,LOCAL,external_BF-NEWS,f1_macro,,,,real
stats_hgb_controlled__P2__seed42,stats_hgb_controlled,P2,42,LOCAL,external_BF-NEWS,auc,,,,real
stats_hgb_controlled__P2__seed42,stats_hgb_controlled,P2,42,LOCAL,external_BF-NEWS,eer,,,,real
stats_hgb_controlled__P2__seed42,stats_hgb_controlled,P2,42,LOCAL,external_BF-NEWS,fpr,0.131,,,real
stats_hgb_controlled__P2__seed42,stats_hgb_controlled,P2,42,LOCAL,external_BF-NEWS,fnr,,,,real
stats_hgb_controlled__P2__seed42,stats_hgb_controlled,P2,42,LOCAL,external_BF-NEWS,tp,0.0,,,real
stats_hgb_controlled__P2__seed42,stats_hgb_controlled,P2,42,LOCAL,external_BF-NEWS,tn,869.0,,,real
stats_hgb_controlled__P2__seed42,stats_hgb_controlled,P2,42,LOCAL,external_BF-NEWS,fp,131.0,,,real
stats_hgb_controlled__P2__seed42,stats_hgb_controlled,P2,42,LOCAL,external_BF-NEWS,fn,0.0,,,real
stats_hgb_controlled__P2__seed42,stats_hgb_controlled,P2,42,LOCAL,external_BF-NEWS,frac_pred_spoof,0.131,0.1118853202685538,0.1528548028548028,real
stats_hgb_controlled__P2__seed42,stats_hgb_controlled,P2,42,LOCAL,external_BF-NEWS,n_clusters,997.0,,,real
stats_hgb_controlled__P2__seed42,stats_hgb_controlled,P2,42,LOCAL,external_BF-SUST,n,19998.0,,,real
stats_hgb_controlled__P2__seed42,stats_hgb_controlled,P2,42,LOCAL,external_BF-SUST,n_spoof,9999.0,,,real
stats_hgb_controlled__P2__seed42,stats_hgb_controlled,P2,42,LOCAL,external_BF-SUST,n_bonafide,9999.0,,,real
stats_hgb_controlled__P2__seed42,stats_hgb_controlled,P2,42,LOCAL,external_BF-SUST,threshold,4.048433120068398,,,real
stats_hgb_controlled__P2__seed42,stats_hgb_controlled,P2,42,LOCAL,external_BF-SUST,accuracy,0.489048904890489,0.48654317062955016,0.4919000404919016,real
stats_hgb_controlled__P2__seed42,stats_hgb_controlled,P2,42,LOCAL,external_BF-SUST,balanced_accuracy,0.489048904890489,,,real
stats_hgb_controlled__P2__seed42,stats_hgb_controlled,P2,42,LOCAL,external_BF-SUST,precision_spoof,0.396011396011396,,,real
stats_hgb_controlled__P2__seed42,stats_hgb_controlled,P2,42,LOCAL,external_BF-SUST,recall_spoof_sensitivity,0.041704170417041705,,,real
stats_hgb_controlled__P2__seed42,stats_hgb_controlled,P2,42,LOCAL,external_BF-SUST,specificity_bonafide_recall,0.9363936393639364,,,real
stats_hgb_controlled__P2__seed42,stats_hgb_controlled,P2,42,LOCAL,external_BF-SUST,f1_spoof,0.07546145494028231,,,real
stats_hgb_controlled__P2__seed42,stats_hgb_controlled,P2,42,LOCAL,external_BF-SUST,f1_macro,0.36121746047179953,0.35741388174264604,0.36525344297873613,real
stats_hgb_controlled__P2__seed42,stats_hgb_controlled,P2,42,LOCAL,external_BF-SUST,auc,0.5842822656102994,0.5777572508238414,0.5908966053458218,real
stats_hgb_controlled__P2__seed42,stats_hgb_controlled,P2,42,LOCAL,external_BF-SUST,eer,0.4254425442544254,0.4194082525052801,0.4311855318214654,real
stats_hgb_controlled__P2__seed42,stats_hgb_controlled,P2,42,LOCAL,external_BF-SUST,fpr,0.0636063606360636,,,real
stats_hgb_controlled__P2__seed42,stats_hgb_controlled,P2,42,LOCAL,external_BF-SUST,fnr,0.9582958295829583,,,real
stats_hgb_controlled__P2__seed42,stats_hgb_controlled,P2,42,LOCAL,external_BF-SUST,tp,417.0,,,real
stats_hgb_controlled__P2__seed42,stats_hgb_controlled,P2,42,LOCAL,external_BF-SUST,tn,9363.0,,,real
stats_hgb_controlled__P2__seed42,stats_hgb_controlled,P2,42,LOCAL,external_BF-SUST,fp,636.0,,,real
stats_hgb_controlled__P2__seed42,stats_hgb_controlled,P2,42,LOCAL,external_BF-SUST,fn,9582.0,,,real
stats_hgb_controlled__P2__seed42,stats_hgb_controlled,P2,42,LOCAL,external_BF-SUST,brier,0.48365231169389156,,,real
stats_hgb_controlled__P2__seed42,stats_hgb_controlled,P2,42,LOCAL,external_BF-SUST,ece,0.4766909208228234,,,real
stats_hgb_controlled__P2__seed42,stats_hgb_controlled,P2,42,LOCAL,external_BF-SUST,n_clusters,9962.0,,,real
stats_hgb_controlled__P2__seed42,stats_hgb_controlled,P2,42,LOCAL,internal_test,n,900.0,,,real
stats_hgb_controlled__P2__seed42,stats_hgb_controlled,P2,42,LOCAL,internal_test,n_spoof,450.0,,,real
stats_hgb_controlled__P2__seed42,stats_hgb_controlled,P2,42,LOCAL,internal_test,n_bonafide,450.0,,,real
stats_hgb_controlled__P2__seed42,stats_hgb_controlled,P2,42,LOCAL,internal_test,threshold,4.048433120068398,,,real
stats_hgb_controlled__P2__seed42,stats_hgb_controlled,P2,42,LOCAL,internal_test,accuracy,0.9433333333333334,0.9133333333333333,0.97,real
stats_hgb_controlled__P2__seed42,stats_hgb_controlled,P2,42,LOCAL,internal_test,balanced_accuracy,0.9433333333333334,,,real
stats_hgb_controlled__P2__seed42,stats_hgb_controlled,P2,42,LOCAL,internal_test,precision_spoof,0.9384615384615385,,,real
stats_hgb_controlled__P2__seed42,stats_hgb_controlled,P2,42,LOCAL,internal_test,recall_spoof_sensitivity,0.9488888888888889,,,real
stats_hgb_controlled__P2__seed42,stats_hgb_controlled,P2,42,LOCAL,internal_test,specificity_bonafide_recall,0.9377777777777778,,,real
stats_hgb_controlled__P2__seed42,stats_hgb_controlled,P2,42,LOCAL,internal_test,f1_spoof,0.943646408839779,,,real
stats_hgb_controlled__P2__seed42,stats_hgb_controlled,P2,42,LOCAL,internal_test,f1_macro,0.9433315843081577,0.9131785553505261,0.9699734947720207,real
stats_hgb_controlled__P2__seed42,stats_hgb_controlled,P2,42,LOCAL,internal_test,auc,0.989274074074074,0.9785974074074073,0.9999703703703704,real
stats_hgb_controlled__P2__seed42,stats_hgb_controlled,P2,42,LOCAL,internal_test,eer,0.05555555555555558,0.0022222222222222365,0.07777777777777772,real
stats_hgb_controlled__P2__seed42,stats_hgb_controlled,P2,42,LOCAL,internal_test,fpr,0.06222222222222222,,,real
stats_hgb_controlled__P2__seed42,stats_hgb_controlled,P2,42,LOCAL,internal_test,fnr,0.051111111111111114,,,real
stats_hgb_controlled__P2__seed42,stats_hgb_controlled,P2,42,LOCAL,internal_test,tp,427.0,,,real
stats_hgb_controlled__P2__seed42,stats_hgb_controlled,P2,42,LOCAL,internal_test,tn,422.0,,,real
stats_hgb_controlled__P2__seed42,stats_hgb_controlled,P2,42,LOCAL,internal_test,fp,28.0,,,real
stats_hgb_controlled__P2__seed42,stats_hgb_controlled,P2,42,LOCAL,internal_test,fn,23.0,,,real
stats_hgb_controlled__P2__seed42,stats_hgb_controlled,P2,42,LOCAL,internal_test,brier,0.0632932552786054,,,real
stats_hgb_controlled__P2__seed42,stats_hgb_controlled,P2,42,LOCAL,internal_test,ece,0.06347229955706996,,,real
stats_hgb_controlled__P2__seed42,stats_hgb_controlled,P2,42,LOCAL,internal_test,n_clusters,15.0,,,real
stats_hgb_controlled__P2__seed42,stats_hgb_controlled,P2,42,LOCAL,validation,n,900.0,,,real
stats_hgb_controlled__P2__seed42,stats_hgb_controlled,P2,42,LOCAL,validation,n_spoof,450.0,,,real
stats_hgb_controlled__P2__seed42,stats_hgb_controlled,P2,42,LOCAL,validation,n_bonafide,450.0,,,real
stats_hgb_controlled__P2__seed42,stats_hgb_controlled,P2,42,LOCAL,validation,threshold,4.048433120068398,,,real
stats_hgb_controlled__P2__seed42,stats_hgb_controlled,P2,42,LOCAL,validation,accuracy,0.9488888888888889,0.9022222222222223,0.9811111111111112,real
stats_hgb_controlled__P2__seed42,stats_hgb_controlled,P2,42,LOCAL,validation,balanced_accuracy,0.9488888888888889,,,real
stats_hgb_controlled__P2__seed42,stats_hgb_controlled,P2,42,LOCAL,validation,precision_spoof,0.9488888888888889,,,real
stats_hgb_controlled__P2__seed42,stats_hgb_controlled,P2,42,LOCAL,validation,recall_spoof_sensitivity,0.9488888888888889,,,real
stats_hgb_controlled__P2__seed42,stats_hgb_controlled,P2,42,LOCAL,validation,specificity_bonafide_recall,0.9488888888888889,,,real
stats_hgb_controlled__P2__seed42,stats_hgb_controlled,P2,42,LOCAL,validation,f1_spoof,0.9488888888888889,,,real
stats_hgb_controlled__P2__seed42,stats_hgb_controlled,P2,42,LOCAL,validation,f1_macro,0.9488888888888889,0.902065078911596,0.98110586273965,real
stats_hgb_controlled__P2__seed42,stats_hgb_controlled,P2,42,LOCAL,validation,auc,0.9833234567901235,0.9478551851851852,0.9998027160493828,real
stats_hgb_controlled__P2__seed42,stats_hgb_controlled,P2,42,LOCAL,validation,eer,0.051111111111111114,0.004444444444444473,0.11111111111111116,real
stats_hgb_controlled__P2__seed42,stats_hgb_controlled,P2,42,LOCAL,validation,fpr,0.051111111111111114,,,real
stats_hgb_controlled__P2__seed42,stats_hgb_controlled,P2,42,LOCAL,validation,fnr,0.051111111111111114,,,real
stats_hgb_controlled__P2__seed42,stats_hgb_controlled,P2,42,LOCAL,validation,tp,427.0,,,real
stats_hgb_controlled__P2__seed42,stats_hgb_controlled,P2,42,LOCAL,validation,tn,427.0,,,real
stats_hgb_controlled__P2__seed42,stats_hgb_controlled,P2,42,LOCAL,validation,fp,23.0,,,real
stats_hgb_controlled__P2__seed42,stats_hgb_controlled,P2,42,LOCAL,validation,fn,23.0,,,real
stats_hgb_controlled__P2__seed42,stats_hgb_controlled,P2,42,LOCAL,validation,brier,0.040125211364717694,,,real
stats_hgb_controlled__P2__seed42,stats_hgb_controlled,P2,42,LOCAL,validation,ece,0.040249393270494094,,,real
stats_hgb_controlled__P2__seed42,stats_hgb_controlled,P2,42,LOCAL,validation,n_clusters,15.0,,,real
stats_hgb_orig6s__P1__seed42,stats_hgb_orig6s,P1,42,LOCAL,external_BF-MOZ,n,5594.0,,,real
stats_hgb_orig6s__P1__seed42,stats_hgb_orig6s,P1,42,LOCAL,external_BF-MOZ,n_spoof,2797.0,,,real
stats_hgb_orig6s__P1__seed42,stats_hgb_orig6s,P1,42,LOCAL,external_BF-MOZ,n_bonafide,2797.0,,,real
stats_hgb_orig6s__P1__seed42,stats_hgb_orig6s,P1,42,LOCAL,external_BF-MOZ,threshold,-0.7840667699751618,,,real
stats_hgb_orig6s__P1__seed42,stats_hgb_orig6s,P1,42,LOCAL,external_BF-MOZ,accuracy,0.982481229889167,0.9790802645691813,0.9856989631748302,real
stats_hgb_orig6s__P1__seed42,stats_hgb_orig6s,P1,42,LOCAL,external_BF-MOZ,balanced_accuracy,0.982481229889167,,,real
stats_hgb_orig6s__P1__seed42,stats_hgb_orig6s,P1,42,LOCAL,external_BF-MOZ,precision_spoof,0.9753434307854878,,,real
stats_hgb_orig6s__P1__seed42,stats_hgb_orig6s,P1,42,LOCAL,external_BF-MOZ,recall_spoof_sensitivity,0.9899892742223811,,,real
stats_hgb_orig6s__P1__seed42,stats_hgb_orig6s,P1,42,LOCAL,external_BF-MOZ,specificity_bonafide_recall,0.9749731855559528,,,real
stats_hgb_orig6s__P1__seed42,stats_hgb_orig6s,P1,42,LOCAL,external_BF-MOZ,f1_spoof,0.982611781405252,,,real
stats_hgb_orig6s__P1__seed42,stats_hgb_orig6s,P1,42,LOCAL,external_BF-MOZ,f1_macro,0.9824802422876404,0.9790774752595411,0.9856985518569386,real
stats_hgb_orig6s__P1__seed42,stats_hgb_orig6s,P1,42,LOCAL,external_BF-MOZ,auc,0.998679442157304,0.9978547837594522,0.999309701428148,real
stats_hgb_orig6s__P1__seed42,stats_hgb_orig6s,P1,42,LOCAL,external_BF-MOZ,eer,0.012155881301394333,0.008938148015731118,0.01608866642831608,real
stats_hgb_orig6s__P1__seed42,stats_hgb_orig6s,P1,42,LOCAL,external_BF-MOZ,fpr,0.025026814444047193,,,real
stats_hgb_orig6s__P1__seed42,stats_hgb_orig6s,P1,42,LOCAL,external_BF-MOZ,fnr,0.010010725777618877,,,real
stats_hgb_orig6s__P1__seed42,stats_hgb_orig6s,P1,42,LOCAL,external_BF-MOZ,tp,2769.0,,,real
stats_hgb_orig6s__P1__seed42,stats_hgb_orig6s,P1,42,LOCAL,external_BF-MOZ,tn,2727.0,,,real
stats_hgb_orig6s__P1__seed42,stats_hgb_orig6s,P1,42,LOCAL,external_BF-MOZ,fp,70.0,,,real
stats_hgb_orig6s__P1__seed42,stats_hgb_orig6s,P1,42,LOCAL,external_BF-MOZ,fn,28.0,,,real
stats_hgb_orig6s__P1__seed42,stats_hgb_orig6s,P1,42,LOCAL,external_BF-MOZ,brier,0.009512765760513882,,,real
stats_hgb_orig6s__P1__seed42,stats_hgb_orig6s,P1,42,LOCAL,external_BF-MOZ,ece,0.0074727312153244465,,,real
stats_hgb_orig6s__P1__seed42,stats_hgb_orig6s,P1,42,LOCAL,external_BF-MOZ,n_clusters,2797.0,,,real
stats_hgb_orig6s__P1__seed42,stats_hgb_orig6s,P1,42,LOCAL,external_BF-NEWS,n,1000.0,,,real
stats_hgb_orig6s__P1__seed42,stats_hgb_orig6s,P1,42,LOCAL,external_BF-NEWS,n_spoof,0.0,,,real
stats_hgb_orig6s__P1__seed42,stats_hgb_orig6s,P1,42,LOCAL,external_BF-NEWS,n_bonafide,1000.0,,,real
stats_hgb_orig6s__P1__seed42,stats_hgb_orig6s,P1,42,LOCAL,external_BF-NEWS,threshold,-0.7840667699751618,,,real
stats_hgb_orig6s__P1__seed42,stats_hgb_orig6s,P1,42,LOCAL,external_BF-NEWS,accuracy,0.01,,,real
stats_hgb_orig6s__P1__seed42,stats_hgb_orig6s,P1,42,LOCAL,external_BF-NEWS,balanced_accuracy,,,,real
stats_hgb_orig6s__P1__seed42,stats_hgb_orig6s,P1,42,LOCAL,external_BF-NEWS,precision_spoof,0.0,,,real
stats_hgb_orig6s__P1__seed42,stats_hgb_orig6s,P1,42,LOCAL,external_BF-NEWS,recall_spoof_sensitivity,,,,real
stats_hgb_orig6s__P1__seed42,stats_hgb_orig6s,P1,42,LOCAL,external_BF-NEWS,specificity_bonafide_recall,0.01,,,real
stats_hgb_orig6s__P1__seed42,stats_hgb_orig6s,P1,42,LOCAL,external_BF-NEWS,f1_spoof,0.0,,,real
stats_hgb_orig6s__P1__seed42,stats_hgb_orig6s,P1,42,LOCAL,external_BF-NEWS,f1_macro,,,,real
stats_hgb_orig6s__P1__seed42,stats_hgb_orig6s,P1,42,LOCAL,external_BF-NEWS,auc,,,,real
stats_hgb_orig6s__P1__seed42,stats_hgb_orig6s,P1,42,LOCAL,external_BF-NEWS,eer,,,,real
stats_hgb_orig6s__P1__seed42,stats_hgb_orig6s,P1,42,LOCAL,external_BF-NEWS,fpr,0.99,,,real
stats_hgb_orig6s__P1__seed42,stats_hgb_orig6s,P1,42,LOCAL,external_BF-NEWS,fnr,,,,real
stats_hgb_orig6s__P1__seed42,stats_hgb_orig6s,P1,42,LOCAL,external_BF-NEWS,tp,0.0,,,real
stats_hgb_orig6s__P1__seed42,stats_hgb_orig6s,P1,42,LOCAL,external_BF-NEWS,tn,10.0,,,real
stats_hgb_orig6s__P1__seed42,stats_hgb_orig6s,P1,42,LOCAL,external_BF-NEWS,fp,990.0,,,real
stats_hgb_orig6s__P1__seed42,stats_hgb_orig6s,P1,42,LOCAL,external_BF-NEWS,fn,0.0,,,real
stats_hgb_orig6s__P1__seed42,stats_hgb_orig6s,P1,42,LOCAL,external_BF-NEWS,frac_pred_spoof,0.99,0.983016983016983,0.9959919839679359,real
stats_hgb_orig6s__P1__seed42,stats_hgb_orig6s,P1,42,LOCAL,external_BF-NEWS,n_clusters,997.0,,,real
stats_hgb_orig6s__P1__seed42,stats_hgb_orig6s,P1,42,LOCAL,external_MEN,n,4500.0,,,real
stats_hgb_orig6s__P1__seed42,stats_hgb_orig6s,P1,42,LOCAL,external_MEN,n_spoof,2250.0,,,real
stats_hgb_orig6s__P1__seed42,stats_hgb_orig6s,P1,42,LOCAL,external_MEN,n_bonafide,2250.0,,,real
stats_hgb_orig6s__P1__seed42,stats_hgb_orig6s,P1,42,LOCAL,external_MEN,threshold,-0.7840667699751618,,,real
stats_hgb_orig6s__P1__seed42,stats_hgb_orig6s,P1,42,LOCAL,external_MEN,accuracy,0.916,0.8842222222222222,0.9408944444444444,real
stats_hgb_orig6s__P1__seed42,stats_hgb_orig6s,P1,42,LOCAL,external_MEN,balanced_accuracy,0.9159999999999999,,,real
stats_hgb_orig6s__P1__seed42,stats_hgb_orig6s,P1,42,LOCAL,external_MEN,precision_spoof,0.9448669201520913,,,real
stats_hgb_orig6s__P1__seed42,stats_hgb_orig6s,P1,42,LOCAL,external_MEN,recall_spoof_sensitivity,0.8835555555555555,,,real
stats_hgb_orig6s__P1__seed42,stats_hgb_orig6s,P1,42,LOCAL,external_MEN,specificity_bonafide_recall,0.9484444444444444,,,real
stats_hgb_orig6s__P1__seed42,stats_hgb_orig6s,P1,42,LOCAL,external_MEN,f1_spoof,0.9131832797427653,,,real
stats_hgb_orig6s__P1__seed42,stats_hgb_orig6s,P1,42,LOCAL,external_MEN,f1_macro,0.9159114848993637,0.8839806457656335,0.9408698517308416,real
stats_hgb_orig6s__P1__seed42,stats_hgb_orig6s,P1,42,LOCAL,external_MEN,auc,0.9475361975308642,0.9210915753086419,0.9670631580246912,real
stats_hgb_orig6s__P1__seed42,stats_hgb_orig6s,P1,42,LOCAL,external_MEN,eer,0.10311111111111115,0.0755555555555556,0.13288888888888883,real
stats_hgb_orig6s__P1__seed42,stats_hgb_orig6s,P1,42,LOCAL,external_MEN,fpr,0.051555555555555556,,,real
stats_hgb_orig6s__P1__seed42,stats_hgb_orig6s,P1,42,LOCAL,external_MEN,fnr,0.11644444444444445,,,real
stats_hgb_orig6s__P1__seed42,stats_hgb_orig6s,P1,42,LOCAL,external_MEN,tp,1988.0,,,real
stats_hgb_orig6s__P1__seed42,stats_hgb_orig6s,P1,42,LOCAL,external_MEN,tn,2134.0,,,real
stats_hgb_orig6s__P1__seed42,stats_hgb_orig6s,P1,42,LOCAL,external_MEN,fp,116.0,,,real
stats_hgb_orig6s__P1__seed42,stats_hgb_orig6s,P1,42,LOCAL,external_MEN,fn,262.0,,,real
stats_hgb_orig6s__P1__seed42,stats_hgb_orig6s,P1,42,LOCAL,external_MEN,brier,0.07723345324047569,,,real
stats_hgb_orig6s__P1__seed42,stats_hgb_orig6s,P1,42,LOCAL,external_MEN,ece,0.07354282989084858,,,real
stats_hgb_orig6s__P1__seed42,stats_hgb_orig6s,P1,42,LOCAL,external_MEN,n_clusters,75.0,,,real
stats_hgb_orig6s__P1__seed42,stats_hgb_orig6s,P1,42,LOCAL,internal_test,n,2998.0,,,real
stats_hgb_orig6s__P1__seed42,stats_hgb_orig6s,P1,42,LOCAL,internal_test,n_spoof,1499.0,,,real
stats_hgb_orig6s__P1__seed42,stats_hgb_orig6s,P1,42,LOCAL,internal_test,n_bonafide,1499.0,,,real
stats_hgb_orig6s__P1__seed42,stats_hgb_orig6s,P1,42,LOCAL,internal_test,threshold,-0.7840667699751618,,,real
stats_hgb_orig6s__P1__seed42,stats_hgb_orig6s,P1,42,LOCAL,internal_test,accuracy,0.9906604402935291,0.9869913275517012,0.9936753101361305,real
stats_hgb_orig6s__P1__seed42,stats_hgb_orig6s,P1,42,LOCAL,internal_test,balanced_accuracy,0.9906604402935291,,,real
stats_hgb_orig6s__P1__seed42,stats_hgb_orig6s,P1,42,LOCAL,internal_test,precision_spoof,0.991315965263861,,,real
stats_hgb_orig6s__P1__seed42,stats_hgb_orig6s,P1,42,LOCAL,internal_test,recall_spoof_sensitivity,0.989993328885924,,,real
stats_hgb_orig6s__P1__seed42,stats_hgb_orig6s,P1,42,LOCAL,internal_test,specificity_bonafide_recall,0.9913275517011341,,,real
stats_hgb_orig6s__P1__seed42,stats_hgb_orig6s,P1,42,LOCAL,internal_test,f1_spoof,0.9906542056074766,,,real
stats_hgb_orig6s__P1__seed42,stats_hgb_orig6s,P1,42,LOCAL,internal_test,f1_macro,0.9906604361370717,0.9869912566317922,0.9936753073409638,real
stats_hgb_orig6s__P1__seed42,stats_hgb_orig6s,P1,42,LOCAL,internal_test,auc,0.999605696659681,0.9993275111111112,0.9998098678985693,real
stats_hgb_orig6s__P1__seed42,stats_hgb_orig6s,P1,42,LOCAL,internal_test,eer,0.010006671114076049,0.006008010680907876,0.014018691588784993,real
stats_hgb_orig6s__P1__seed42,stats_hgb_orig6s,P1,42,LOCAL,internal_test,fpr,0.00867244829886591,,,real
stats_hgb_orig6s__P1__seed42,stats_hgb_orig6s,P1,42,LOCAL,internal_test,fnr,0.01000667111407605,,,real
stats_hgb_orig6s__P1__seed42,stats_hgb_orig6s,P1,42,LOCAL,internal_test,tp,1484.0,,,real
stats_hgb_orig6s__P1__seed42,stats_hgb_orig6s,P1,42,LOCAL,internal_test,tn,1486.0,,,real
stats_hgb_orig6s__P1__seed42,stats_hgb_orig6s,P1,42,LOCAL,internal_test,fp,13.0,,,real
stats_hgb_orig6s__P1__seed42,stats_hgb_orig6s,P1,42,LOCAL,internal_test,fn,15.0,,,real
stats_hgb_orig6s__P1__seed42,stats_hgb_orig6s,P1,42,LOCAL,internal_test,brier,0.007166300430601332,,,real
stats_hgb_orig6s__P1__seed42,stats_hgb_orig6s,P1,42,LOCAL,internal_test,ece,0.004530133275735334,,,real
stats_hgb_orig6s__P1__seed42,stats_hgb_orig6s,P1,42,LOCAL,internal_test,n_clusters,1494.0,,,real
stats_hgb_orig6s__P1__seed42,stats_hgb_orig6s,P1,42,LOCAL,validation,n,2998.0,,,real
stats_hgb_orig6s__P1__seed42,stats_hgb_orig6s,P1,42,LOCAL,validation,n_spoof,1499.0,,,real
stats_hgb_orig6s__P1__seed42,stats_hgb_orig6s,P1,42,LOCAL,validation,n_bonafide,1499.0,,,real
stats_hgb_orig6s__P1__seed42,stats_hgb_orig6s,P1,42,LOCAL,validation,threshold,-0.7840667699751618,,,real
stats_hgb_orig6s__P1__seed42,stats_hgb_orig6s,P1,42,LOCAL,validation,accuracy,0.9929953302201467,0.9899797924726458,0.9956725087330887,real
stats_hgb_orig6s__P1__seed42,stats_hgb_orig6s,P1,42,LOCAL,validation,balanced_accuracy,0.9929953302201467,,,real
stats_hgb_orig6s__P1__seed42,stats_hgb_orig6s,P1,42,LOCAL,validation,precision_spoof,0.9933244325767691,,,real
stats_hgb_orig6s__P1__seed42,stats_hgb_orig6s,P1,42,LOCAL,validation,recall_spoof_sensitivity,0.9926617745163442,,,real
stats_hgb_orig6s__P1__seed42,stats_hgb_orig6s,P1,42,LOCAL,validation,specificity_bonafide_recall,0.9933288859239493,,,real
stats_hgb_orig6s__P1__seed42,stats_hgb_orig6s,P1,42,LOCAL,validation,f1_spoof,0.992992992992993,,,real
stats_hgb_orig6s__P1__seed42,stats_hgb_orig6s,P1,42,LOCAL,validation,f1_macro,0.9929953294408114,0.989979775034864,0.9956725044172534,real
stats_hgb_orig6s__P1__seed42,stats_hgb_orig6s,P1,42,LOCAL,validation,auc,0.9992883848293792,0.9981630659953815,0.9999015723635951,real
stats_hgb_orig6s__P1__seed42,stats_hgb_orig6s,P1,42,LOCAL,validation,eer,0.0066711140760507,0.004002668445630463,0.010013351134846462,real
stats_hgb_orig6s__P1__seed42,stats_hgb_orig6s,P1,42,LOCAL,validation,fpr,0.0066711140760507,,,real
stats_hgb_orig6s__P1__seed42,stats_hgb_orig6s,P1,42,LOCAL,validation,fnr,0.00733822548365577,,,real
stats_hgb_orig6s__P1__seed42,stats_hgb_orig6s,P1,42,LOCAL,validation,tp,1488.0,,,real
stats_hgb_orig6s__P1__seed42,stats_hgb_orig6s,P1,42,LOCAL,validation,tn,1489.0,,,real
stats_hgb_orig6s__P1__seed42,stats_hgb_orig6s,P1,42,LOCAL,validation,fp,10.0,,,real
stats_hgb_orig6s__P1__seed42,stats_hgb_orig6s,P1,42,LOCAL,validation,fn,11.0,,,real
stats_hgb_orig6s__P1__seed42,stats_hgb_orig6s,P1,42,LOCAL,validation,brier,0.005697566961932575,,,real
stats_hgb_orig6s__P1__seed42,stats_hgb_orig6s,P1,42,LOCAL,validation,ece,0.004624604905474288,,,real
stats_hgb_orig6s__P1__seed42,stats_hgb_orig6s,P1,42,LOCAL,validation,n_clusters,1495.0,,,real
stats_hgb_orig6s__P2__seed42,stats_hgb_orig6s,P2,42,LOCAL,external_BF-MOZ,n,5594.0,,,real
stats_hgb_orig6s__P2__seed42,stats_hgb_orig6s,P2,42,LOCAL,external_BF-MOZ,n_spoof,2797.0,,,real
stats_hgb_orig6s__P2__seed42,stats_hgb_orig6s,P2,42,LOCAL,external_BF-MOZ,n_bonafide,2797.0,,,real
stats_hgb_orig6s__P2__seed42,stats_hgb_orig6s,P2,42,LOCAL,external_BF-MOZ,threshold,3.6246307708469065,,,real
stats_hgb_orig6s__P2__seed42,stats_hgb_orig6s,P2,42,LOCAL,external_BF-MOZ,accuracy,0.8562745799070433,0.8480514837325707,0.8645021451555238,real
stats_hgb_orig6s__P2__seed42,stats_hgb_orig6s,P2,42,LOCAL,external_BF-MOZ,balanced_accuracy,0.8562745799070433,,,real
stats_hgb_orig6s__P2__seed42,stats_hgb_orig6s,P2,42,LOCAL,external_BF-MOZ,precision_spoof,1.0,,,real
stats_hgb_orig6s__P2__seed42,stats_hgb_orig6s,P2,42,LOCAL,external_BF-MOZ,recall_spoof_sensitivity,0.7125491598140865,,,real
stats_hgb_orig6s__P2__seed42,stats_hgb_orig6s,P2,42,LOCAL,external_BF-MOZ,specificity_bonafide_recall,1.0,,,real
stats_hgb_orig6s__P2__seed42,stats_hgb_orig6s,P2,42,LOCAL,external_BF-MOZ,f1_spoof,0.8321503131524008,,,real
stats_hgb_orig6s__P2__seed42,stats_hgb_orig6s,P2,42,LOCAL,external_BF-MOZ,f1_macro,0.8532430215339997,0.8444603291242857,0.8619679216001817,real
stats_hgb_orig6s__P2__seed42,stats_hgb_orig6s,P2,42,LOCAL,external_BF-MOZ,auc,0.9920670660850299,0.9896934525205706,0.9941706849452698,real
stats_hgb_orig6s__P2__seed42,stats_hgb_orig6s,P2,42,LOCAL,external_BF-MOZ,eer,0.027887021809081203,0.02216660707901319,0.033249910618519896,real
stats_hgb_orig6s__P2__seed42,stats_hgb_orig6s,P2,42,LOCAL,external_BF-MOZ,fpr,0.0,,,real
stats_hgb_orig6s__P2__seed42,stats_hgb_orig6s,P2,42,LOCAL,external_BF-MOZ,fnr,0.2874508401859135,,,real
stats_hgb_orig6s__P2__seed42,stats_hgb_orig6s,P2,42,LOCAL,external_BF-MOZ,tp,1993.0,,,real
stats_hgb_orig6s__P2__seed42,stats_hgb_orig6s,P2,42,LOCAL,external_BF-MOZ,tn,2797.0,,,real
stats_hgb_orig6s__P2__seed42,stats_hgb_orig6s,P2,42,LOCAL,external_BF-MOZ,fp,0.0,,,real
stats_hgb_orig6s__P2__seed42,stats_hgb_orig6s,P2,42,LOCAL,external_BF-MOZ,fn,804.0,,,real
stats_hgb_orig6s__P2__seed42,stats_hgb_orig6s,P2,42,LOCAL,external_BF-MOZ,brier,0.1070700577493786,,,real
stats_hgb_orig6s__P2__seed42,stats_hgb_orig6s,P2,42,LOCAL,external_BF-MOZ,ece,0.11956329406434679,,,real
stats_hgb_orig6s__P2__seed42,stats_hgb_orig6s,P2,42,LOCAL,external_BF-MOZ,n_clusters,2797.0,,,real
stats_hgb_orig6s__P2__seed42,stats_hgb_orig6s,P2,42,LOCAL,external_BF-NEWS,n,1000.0,,,real
stats_hgb_orig6s__P2__seed42,stats_hgb_orig6s,P2,42,LOCAL,external_BF-NEWS,n_spoof,0.0,,,real
stats_hgb_orig6s__P2__seed42,stats_hgb_orig6s,P2,42,LOCAL,external_BF-NEWS,n_bonafide,1000.0,,,real
stats_hgb_orig6s__P2__seed42,stats_hgb_orig6s,P2,42,LOCAL,external_BF-NEWS,threshold,3.6246307708469065,,,real
stats_hgb_orig6s__P2__seed42,stats_hgb_orig6s,P2,42,LOCAL,external_BF-NEWS,accuracy,0.554,,,real
stats_hgb_orig6s__P2__seed42,stats_hgb_orig6s,P2,42,LOCAL,external_BF-NEWS,balanced_accuracy,,,,real
stats_hgb_orig6s__P2__seed42,stats_hgb_orig6s,P2,42,LOCAL,external_BF-NEWS,precision_spoof,0.0,,,real
stats_hgb_orig6s__P2__seed42,stats_hgb_orig6s,P2,42,LOCAL,external_BF-NEWS,recall_spoof_sensitivity,,,,real
stats_hgb_orig6s__P2__seed42,stats_hgb_orig6s,P2,42,LOCAL,external_BF-NEWS,specificity_bonafide_recall,0.554,,,real
stats_hgb_orig6s__P2__seed42,stats_hgb_orig6s,P2,42,LOCAL,external_BF-NEWS,f1_spoof,0.0,,,real
stats_hgb_orig6s__P2__seed42,stats_hgb_orig6s,P2,42,LOCAL,external_BF-NEWS,f1_macro,,,,real
stats_hgb_orig6s__P2__seed42,stats_hgb_orig6s,P2,42,LOCAL,external_BF-NEWS,auc,,,,real
stats_hgb_orig6s__P2__seed42,stats_hgb_orig6s,P2,42,LOCAL,external_BF-NEWS,eer,,,,real
stats_hgb_orig6s__P2__seed42,stats_hgb_orig6s,P2,42,LOCAL,external_BF-NEWS,fpr,0.446,,,real
stats_hgb_orig6s__P2__seed42,stats_hgb_orig6s,P2,42,LOCAL,external_BF-NEWS,fnr,,,,real
stats_hgb_orig6s__P2__seed42,stats_hgb_orig6s,P2,42,LOCAL,external_BF-NEWS,tp,0.0,,,real
stats_hgb_orig6s__P2__seed42,stats_hgb_orig6s,P2,42,LOCAL,external_BF-NEWS,tn,554.0,,,real
stats_hgb_orig6s__P2__seed42,stats_hgb_orig6s,P2,42,LOCAL,external_BF-NEWS,fp,446.0,,,real
stats_hgb_orig6s__P2__seed42,stats_hgb_orig6s,P2,42,LOCAL,external_BF-NEWS,fn,0.0,,,real
stats_hgb_orig6s__P2__seed42,stats_hgb_orig6s,P2,42,LOCAL,external_BF-NEWS,frac_pred_spoof,0.446,0.4124124124124124,0.4759531062124248,real
stats_hgb_orig6s__P2__seed42,stats_hgb_orig6s,P2,42,LOCAL,external_BF-NEWS,n_clusters,997.0,,,real
stats_hgb_orig6s__P2__seed42,stats_hgb_orig6s,P2,42,LOCAL,external_BF-SUST,n,19998.0,,,real
stats_hgb_orig6s__P2__seed42,stats_hgb_orig6s,P2,42,LOCAL,external_BF-SUST,n_spoof,9999.0,,,real
stats_hgb_orig6s__P2__seed42,stats_hgb_orig6s,P2,42,LOCAL,external_BF-SUST,n_bonafide,9999.0,,,real
stats_hgb_orig6s__P2__seed42,stats_hgb_orig6s,P2,42,LOCAL,external_BF-SUST,threshold,3.6246307708469065,,,real
stats_hgb_orig6s__P2__seed42,stats_hgb_orig6s,P2,42,LOCAL,external_BF-SUST,accuracy,0.834033403340334,0.829530902268797,0.8387292192664362,real
stats_hgb_orig6s__P2__seed42,stats_hgb_orig6s,P2,42,LOCAL,external_BF-SUST,balanced_accuracy,0.834033403340334,,,real
stats_hgb_orig6s__P2__seed42,stats_hgb_orig6s,P2,42,LOCAL,external_BF-SUST,precision_spoof,0.9985074626865672,,,real
stats_hgb_orig6s__P2__seed42,stats_hgb_orig6s,P2,42,LOCAL,external_BF-SUST,recall_spoof_sensitivity,0.669066906690669,,,real
stats_hgb_orig6s__P2__seed42,stats_hgb_orig6s,P2,42,LOCAL,external_BF-SUST,specificity_bonafide_recall,0.998999899989999,,,real
stats_hgb_orig6s__P2__seed42,stats_hgb_orig6s,P2,42,LOCAL,external_BF-SUST,f1_spoof,0.8012455835678783,,,real
stats_hgb_orig6s__P2__seed42,stats_hgb_orig6s,P2,42,LOCAL,external_BF-SUST,f1_macro,0.829390444271384,0.824484046282894,0.8344529809378255,real
stats_hgb_orig6s__P2__seed42,stats_hgb_orig6s,P2,42,LOCAL,external_BF-SUST,auc,0.9694932789608594,0.9669913962385801,0.9717958758829984,real
stats_hgb_orig6s__P2__seed42,stats_hgb_orig6s,P2,42,LOCAL,external_BF-SUST,eer,0.08270827082708265,0.07848515708449884,0.08752625787736323,real
stats_hgb_orig6s__P2__seed42,stats_hgb_orig6s,P2,42,LOCAL,external_BF-SUST,fpr,0.001000100010001,,,real
stats_hgb_orig6s__P2__seed42,stats_hgb_orig6s,P2,42,LOCAL,external_BF-SUST,fnr,0.3309330933093309,,,real
stats_hgb_orig6s__P2__seed42,stats_hgb_orig6s,P2,42,LOCAL,external_BF-SUST,tp,6690.0,,,real
stats_hgb_orig6s__P2__seed42,stats_hgb_orig6s,P2,42,LOCAL,external_BF-SUST,tn,9989.0,,,real
stats_hgb_orig6s__P2__seed42,stats_hgb_orig6s,P2,42,LOCAL,external_BF-SUST,fp,10.0,,,real
stats_hgb_orig6s__P2__seed42,stats_hgb_orig6s,P2,42,LOCAL,external_BF-SUST,fn,3309.0,,,real
stats_hgb_orig6s__P2__seed42,stats_hgb_orig6s,P2,42,LOCAL,external_BF-SUST,brier,0.12698464564618078,,,real
stats_hgb_orig6s__P2__seed42,stats_hgb_orig6s,P2,42,LOCAL,external_BF-SUST,ece,0.13890841025625733,,,real
stats_hgb_orig6s__P2__seed42,stats_hgb_orig6s,P2,42,LOCAL,external_BF-SUST,n_clusters,9962.0,,,real
stats_hgb_orig6s__P2__seed42,stats_hgb_orig6s,P2,42,LOCAL,internal_test,n,900.0,,,real
stats_hgb_orig6s__P2__seed42,stats_hgb_orig6s,P2,42,LOCAL,internal_test,n_spoof,450.0,,,real
stats_hgb_orig6s__P2__seed42,stats_hgb_orig6s,P2,42,LOCAL,internal_test,n_bonafide,450.0,,,real
stats_hgb_orig6s__P2__seed42,stats_hgb_orig6s,P2,42,LOCAL,internal_test,threshold,3.6246307708469065,,,real
stats_hgb_orig6s__P2__seed42,stats_hgb_orig6s,P2,42,LOCAL,internal_test,accuracy,0.9711111111111111,0.96,0.9822222222222222,real
stats_hgb_orig6s__P2__seed42,stats_hgb_orig6s,P2,42,LOCAL,internal_test,balanced_accuracy,0.971111111111111,,,real
stats_hgb_orig6s__P2__seed42,stats_hgb_orig6s,P2,42,LOCAL,internal_test,precision_spoof,0.9930232558139535,,,real
stats_hgb_orig6s__P2__seed42,stats_hgb_orig6s,P2,42,LOCAL,internal_test,recall_spoof_sensitivity,0.9488888888888889,,,real
stats_hgb_orig6s__P2__seed42,stats_hgb_orig6s,P2,42,LOCAL,internal_test,specificity_bonafide_recall,0.9933333333333333,,,real
stats_hgb_orig6s__P2__seed42,stats_hgb_orig6s,P2,42,LOCAL,internal_test,f1_spoof,0.9704545454545455,,,real
stats_hgb_orig6s__P2__seed42,stats_hgb_orig6s,P2,42,LOCAL,internal_test,f1_macro,0.9710968379446641,0.9599801333371756,0.9822166017901954,real
stats_hgb_orig6s__P2__seed42,stats_hgb_orig6s,P2,42,LOCAL,internal_test,auc,0.997748148148148,0.9952339506172839,0.9996691358024691,real
stats_hgb_orig6s__P2__seed42,stats_hgb_orig6s,P2,42,LOCAL,internal_test,eer,0.02666666666666667,0.008888888888888835,0.04222222222222227,real
stats_hgb_orig6s__P2__seed42,stats_hgb_orig6s,P2,42,LOCAL,internal_test,fpr,0.006666666666666667,,,real
stats_hgb_orig6s__P2__seed42,stats_hgb_orig6s,P2,42,LOCAL,internal_test,fnr,0.051111111111111114,,,real
stats_hgb_orig6s__P2__seed42,stats_hgb_orig6s,P2,42,LOCAL,internal_test,tp,427.0,,,real
stats_hgb_orig6s__P2__seed42,stats_hgb_orig6s,P2,42,LOCAL,internal_test,tn,447.0,,,real
stats_hgb_orig6s__P2__seed42,stats_hgb_orig6s,P2,42,LOCAL,internal_test,fp,3.0,,,real
stats_hgb_orig6s__P2__seed42,stats_hgb_orig6s,P2,42,LOCAL,internal_test,fn,23.0,,,real
stats_hgb_orig6s__P2__seed42,stats_hgb_orig6s,P2,42,LOCAL,internal_test,brier,0.02144456136285731,,,real
stats_hgb_orig6s__P2__seed42,stats_hgb_orig6s,P2,42,LOCAL,internal_test,ece,0.022344036762920055,,,real
stats_hgb_orig6s__P2__seed42,stats_hgb_orig6s,P2,42,LOCAL,internal_test,n_clusters,15.0,,,real
stats_hgb_orig6s__P2__seed42,stats_hgb_orig6s,P2,42,LOCAL,validation,n,900.0,,,real
stats_hgb_orig6s__P2__seed42,stats_hgb_orig6s,P2,42,LOCAL,validation,n_spoof,450.0,,,real
stats_hgb_orig6s__P2__seed42,stats_hgb_orig6s,P2,42,LOCAL,validation,n_bonafide,450.0,,,real
stats_hgb_orig6s__P2__seed42,stats_hgb_orig6s,P2,42,LOCAL,validation,threshold,3.6246307708469065,,,real
stats_hgb_orig6s__P2__seed42,stats_hgb_orig6s,P2,42,LOCAL,validation,accuracy,0.9677777777777777,0.9377777777777778,0.9877777777777778,real
stats_hgb_orig6s__P2__seed42,stats_hgb_orig6s,P2,42,LOCAL,validation,balanced_accuracy,0.9677777777777778,,,real
stats_hgb_orig6s__P2__seed42,stats_hgb_orig6s,P2,42,LOCAL,validation,precision_spoof,0.9688195991091314,,,real
stats_hgb_orig6s__P2__seed42,stats_hgb_orig6s,P2,42,LOCAL,validation,recall_spoof_sensitivity,0.9666666666666667,,,real
stats_hgb_orig6s__P2__seed42,stats_hgb_orig6s,P2,42,LOCAL,validation,specificity_bonafide_recall,0.9688888888888889,,,real
stats_hgb_orig6s__P2__seed42,stats_hgb_orig6s,P2,42,LOCAL,validation,f1_spoof,0.967741935483871,,,real
stats_hgb_orig6s__P2__seed42,stats_hgb_orig6s,P2,42,LOCAL,validation,f1_macro,0.9677777379972075,0.9377581062656839,0.9877759517162441,real
stats_hgb_orig6s__P2__seed42,stats_hgb_orig6s,P2,42,LOCAL,validation,auc,0.9976641975308641,0.9930024691358025,0.9998814814814816,real
stats_hgb_orig6s__P2__seed42,stats_hgb_orig6s,P2,42,LOCAL,validation,eer,0.033333333333333326,0.00666666666666671,0.05555555555555555,real
stats_hgb_orig6s__P2__seed42,stats_hgb_orig6s,P2,42,LOCAL,validation,fpr,0.03111111111111111,,,real
stats_hgb_orig6s__P2__seed42,stats_hgb_orig6s,P2,42,LOCAL,validation,fnr,0.03333333333333333,,,real
stats_hgb_orig6s__P2__seed42,stats_hgb_orig6s,P2,42,LOCAL,validation,tp,435.0,,,real
stats_hgb_orig6s__P2__seed42,stats_hgb_orig6s,P2,42,LOCAL,validation,tn,436.0,,,real
stats_hgb_orig6s__P2__seed42,stats_hgb_orig6s,P2,42,LOCAL,validation,fp,14.0,,,real
stats_hgb_orig6s__P2__seed42,stats_hgb_orig6s,P2,42,LOCAL,validation,fn,15.0,,,real
stats_hgb_orig6s__P2__seed42,stats_hgb_orig6s,P2,42,LOCAL,validation,brier,0.03409040995601457,,,real
stats_hgb_orig6s__P2__seed42,stats_hgb_orig6s,P2,42,LOCAL,validation,ece,0.03445188028020252,,,real
stats_hgb_orig6s__P2__seed42,stats_hgb_orig6s,P2,42,LOCAL,validation,n_clusters,15.0,,,real
lfcc_gmm_controlled__P1__seed42,lfcc_gmm_controlled,P1,42,LOCAL,validation,n,2998.0,,,real
lfcc_gmm_controlled__P1__seed42,lfcc_gmm_controlled,P1,42,LOCAL,validation,n_spoof,1499.0,,,real
lfcc_gmm_controlled__P1__seed42,lfcc_gmm_controlled,P1,42,LOCAL,validation,n_bonafide,1499.0,,,real
lfcc_gmm_controlled__P1__seed42,lfcc_gmm_controlled,P1,42,LOCAL,validation,threshold,-0.43967378139495916,,,real
lfcc_gmm_controlled__P1__seed42,lfcc_gmm_controlled,P1,42,LOCAL,validation,accuracy,0.9953302201467645,0.9923434144214555,0.9976666666666667,real
lfcc_gmm_controlled__P1__seed42,lfcc_gmm_controlled,P1,42,LOCAL,validation,balanced_accuracy,0.9953302201467645,,,real
lfcc_gmm_controlled__P1__seed42,lfcc_gmm_controlled,P1,42,LOCAL,validation,precision_spoof,0.9953302201467645,,,real
lfcc_gmm_controlled__P1__seed42,lfcc_gmm_controlled,P1,42,LOCAL,validation,recall_spoof_sensitivity,0.9953302201467645,,,real
lfcc_gmm_controlled__P1__seed42,lfcc_gmm_controlled,P1,42,LOCAL,validation,specificity_bonafide_recall,0.9953302201467645,,,real
lfcc_gmm_controlled__P1__seed42,lfcc_gmm_controlled,P1,42,LOCAL,validation,f1_spoof,0.9953302201467645,,,real
lfcc_gmm_controlled__P1__seed42,lfcc_gmm_controlled,P1,42,LOCAL,validation,f1_macro,0.9953302201467645,0.992343346372798,0.9976666664074074,real
lfcc_gmm_controlled__P1__seed42,lfcc_gmm_controlled,P1,42,LOCAL,validation,auc,0.9988682693065113,0.9972246003936626,0.999964498209924,real
lfcc_gmm_controlled__P1__seed42,lfcc_gmm_controlled,P1,42,LOCAL,validation,eer,0.004669779853235491,0.002001334222815232,0.007338225483655814,real
lfcc_gmm_controlled__P1__seed42,lfcc_gmm_controlled,P1,42,LOCAL,validation,fpr,0.004669779853235491,,,real
lfcc_gmm_controlled__P1__seed42,lfcc_gmm_controlled,P1,42,LOCAL,validation,fnr,0.004669779853235491,,,real
lfcc_gmm_controlled__P1__seed42,lfcc_gmm_controlled,P1,42,LOCAL,validation,tp,1492.0,,,real
lfcc_gmm_controlled__P1__seed42,lfcc_gmm_controlled,P1,42,LOCAL,validation,tn,1492.0,,,real
lfcc_gmm_controlled__P1__seed42,lfcc_gmm_controlled,P1,42,LOCAL,validation,fp,7.0,,,real
lfcc_gmm_controlled__P1__seed42,lfcc_gmm_controlled,P1,42,LOCAL,validation,fn,7.0,,,real
lfcc_gmm_controlled__P1__seed42,lfcc_gmm_controlled,P1,42,LOCAL,validation,brier,0.014421566213890702,,,real
lfcc_gmm_controlled__P1__seed42,lfcc_gmm_controlled,P1,42,LOCAL,validation,ece,0.08270042312468137,,,real
lfcc_gmm_controlled__P1__seed42,lfcc_gmm_controlled,P1,42,LOCAL,validation,n_clusters,1495.0,,,real
lfcc_gmm_controlled__P1__seed42,lfcc_gmm_controlled,P1,42,LOCAL,internal_test,n,2998.0,,,real
lfcc_gmm_controlled__P1__seed42,lfcc_gmm_controlled,P1,42,LOCAL,internal_test,n_spoof,1499.0,,,real
lfcc_gmm_controlled__P1__seed42,lfcc_gmm_controlled,P1,42,LOCAL,internal_test,n_bonafide,1499.0,,,real
lfcc_gmm_controlled__P1__seed42,lfcc_gmm_controlled,P1,42,LOCAL,internal_test,threshold,-0.43967378139495916,,,real
lfcc_gmm_controlled__P1__seed42,lfcc_gmm_controlled,P1,42,LOCAL,internal_test,accuracy,0.9969979986657772,0.9949866310160428,0.9986702127659575,real
lfcc_gmm_controlled__P1__seed42,lfcc_gmm_controlled,P1,42,LOCAL,internal_test,balanced_accuracy,0.9969979986657772,,,real
lfcc_gmm_controlled__P1__seed42,lfcc_gmm_controlled,P1,42,LOCAL,internal_test,precision_spoof,0.995345744680851,,,real
lfcc_gmm_controlled__P1__seed42,lfcc_gmm_controlled,P1,42,LOCAL,internal_test,recall_spoof_sensitivity,0.9986657771847899,,,real
lfcc_gmm_controlled__P1__seed42,lfcc_gmm_controlled,P1,42,LOCAL,internal_test,specificity_bonafide_recall,0.9953302201467645,,,real
lfcc_gmm_controlled__P1__seed42,lfcc_gmm_controlled,P1,42,LOCAL,internal_test,f1_spoof,0.997002997002997,,,real
lfcc_gmm_controlled__P1__seed42,lfcc_gmm_controlled,P1,42,LOCAL,internal_test,f1_macro,0.9969979903157318,0.9949866031267004,0.998670210458536,real
lfcc_gmm_controlled__P1__seed42,lfcc_gmm_controlled,P1,42,LOCAL,internal_test,auc,0.9999207833018321,0.9997896743968961,0.999991968171748,real
lfcc_gmm_controlled__P1__seed42,lfcc_gmm_controlled,P1,42,LOCAL,internal_test,eer,0.00333555703802535,0.0013333333333333333,0.005351170568561826,real
lfcc_gmm_controlled__P1__seed42,lfcc_gmm_controlled,P1,42,LOCAL,internal_test,fpr,0.004669779853235491,,,real
lfcc_gmm_controlled__P1__seed42,lfcc_gmm_controlled,P1,42,LOCAL,internal_test,fnr,0.00133422281521014,,,real
lfcc_gmm_controlled__P1__seed42,lfcc_gmm_controlled,P1,42,LOCAL,internal_test,tp,1497.0,,,real
lfcc_gmm_controlled__P1__seed42,lfcc_gmm_controlled,P1,42,LOCAL,internal_test,tn,1492.0,,,real
lfcc_gmm_controlled__P1__seed42,lfcc_gmm_controlled,P1,42,LOCAL,internal_test,fp,7.0,,,real
lfcc_gmm_controlled__P1__seed42,lfcc_gmm_controlled,P1,42,LOCAL,internal_test,fn,2.0,,,real
lfcc_gmm_controlled__P1__seed42,lfcc_gmm_controlled,P1,42,LOCAL,internal_test,brier,0.014396235281898498,,,real
lfcc_gmm_controlled__P1__seed42,lfcc_gmm_controlled,P1,42,LOCAL,internal_test,ece,0.08466257297004755,,,real
lfcc_gmm_controlled__P1__seed42,lfcc_gmm_controlled,P1,42,LOCAL,internal_test,n_clusters,1494.0,,,real
lfcc_gmm_controlled__P1__seed42,lfcc_gmm_controlled,P1,42,LOCAL,external_BF-MOZ,n,5594.0,,,real
lfcc_gmm_controlled__P1__seed42,lfcc_gmm_controlled,P1,42,LOCAL,external_BF-MOZ,n_spoof,2797.0,,,real
lfcc_gmm_controlled__P1__seed42,lfcc_gmm_controlled,P1,42,LOCAL,external_BF-MOZ,n_bonafide,2797.0,,,real
lfcc_gmm_controlled__P1__seed42,lfcc_gmm_controlled,P1,42,LOCAL,external_BF-MOZ,threshold,-0.43967378139495916,,,real
lfcc_gmm_controlled__P1__seed42,lfcc_gmm_controlled,P1,42,LOCAL,external_BF-MOZ,accuracy,0.9946371111905613,0.9926707186271004,0.9964247407937076,real
lfcc_gmm_controlled__P1__seed42,lfcc_gmm_controlled,P1,42,LOCAL,external_BF-MOZ,balanced_accuracy,0.9946371111905613,,,real
lfcc_gmm_controlled__P1__seed42,lfcc_gmm_controlled,P1,42,LOCAL,external_BF-MOZ,precision_spoof,1.0,,,real
lfcc_gmm_controlled__P1__seed42,lfcc_gmm_controlled,P1,42,LOCAL,external_BF-MOZ,recall_spoof_sensitivity,0.9892742223811226,,,real
lfcc_gmm_controlled__P1__seed42,lfcc_gmm_controlled,P1,42,LOCAL,external_BF-MOZ,specificity_bonafide_recall,1.0,,,real
lfcc_gmm_controlled__P1__seed42,lfcc_gmm_controlled,P1,42,LOCAL,external_BF-MOZ,f1_spoof,0.994608195542775,,,real
lfcc_gmm_controlled__P1__seed42,lfcc_gmm_controlled,P1,42,LOCAL,external_BF-MOZ,f1_macro,0.994636956946352,0.9926703248889343,0.9964246950924498,real
lfcc_gmm_controlled__P1__seed42,lfcc_gmm_controlled,P1,42,LOCAL,external_BF-MOZ,auc,0.9993672673195871,0.9990098244850676,0.9996695761291817,real
lfcc_gmm_controlled__P1__seed42,lfcc_gmm_controlled,P1,42,LOCAL,external_BF-MOZ,eer,0.00750804433321417,0.0046478369681801635,0.010368251698248176,real
lfcc_gmm_controlled__P1__seed42,lfcc_gmm_controlled,P1,42,LOCAL,external_BF-MOZ,fpr,0.0,,,real
lfcc_gmm_controlled__P1__seed42,lfcc_gmm_controlled,P1,42,LOCAL,external_BF-MOZ,fnr,0.010725777618877368,,,real
lfcc_gmm_controlled__P1__seed42,lfcc_gmm_controlled,P1,42,LOCAL,external_BF-MOZ,tp,2767.0,,,real
lfcc_gmm_controlled__P1__seed42,lfcc_gmm_controlled,P1,42,LOCAL,external_BF-MOZ,tn,2797.0,,,real
lfcc_gmm_controlled__P1__seed42,lfcc_gmm_controlled,P1,42,LOCAL,external_BF-MOZ,fp,0.0,,,real
lfcc_gmm_controlled__P1__seed42,lfcc_gmm_controlled,P1,42,LOCAL,external_BF-MOZ,fn,30.0,,,real
lfcc_gmm_controlled__P1__seed42,lfcc_gmm_controlled,P1,42,LOCAL,external_BF-MOZ,brier,0.009128889500874312,,,real
lfcc_gmm_controlled__P1__seed42,lfcc_gmm_controlled,P1,42,LOCAL,external_BF-MOZ,ece,0.039180956590144464,,,real
lfcc_gmm_controlled__P1__seed42,lfcc_gmm_controlled,P1,42,LOCAL,external_BF-MOZ,n_clusters,2797.0,,,real
lfcc_gmm_controlled__P1__seed42,lfcc_gmm_controlled,P1,42,LOCAL,external_MEN,n,4500.0,,,real
lfcc_gmm_controlled__P1__seed42,lfcc_gmm_controlled,P1,42,LOCAL,external_MEN,n_spoof,2250.0,,,real
lfcc_gmm_controlled__P1__seed42,lfcc_gmm_controlled,P1,42,LOCAL,external_MEN,n_bonafide,2250.0,,,real
lfcc_gmm_controlled__P1__seed42,lfcc_gmm_controlled,P1,42,LOCAL,external_MEN,threshold,-0.43967378139495916,,,real
lfcc_gmm_controlled__P1__seed42,lfcc_gmm_controlled,P1,42,LOCAL,external_MEN,accuracy,0.4951111111111111,0.49044444444444446,0.49844444444444447,real
lfcc_gmm_controlled__P1__seed42,lfcc_gmm_controlled,P1,42,LOCAL,external_MEN,balanced_accuracy,0.4951111111111111,,,real
lfcc_gmm_controlled__P1__seed42,lfcc_gmm_controlled,P1,42,LOCAL,external_MEN,precision_spoof,0.0,,,real
lfcc_gmm_controlled__P1__seed42,lfcc_gmm_controlled,P1,42,LOCAL,external_MEN,recall_spoof_sensitivity,0.0,,,real
lfcc_gmm_controlled__P1__seed42,lfcc_gmm_controlled,P1,42,LOCAL,external_MEN,specificity_bonafide_recall,0.9902222222222222,,,real
lfcc_gmm_controlled__P1__seed42,lfcc_gmm_controlled,P1,42,LOCAL,external_MEN,f1_spoof,0.0,,,real
lfcc_gmm_controlled__P1__seed42,lfcc_gmm_controlled,P1,42,LOCAL,external_MEN,f1_macro,0.33115338882282996,0.3290591918890711,0.3326412576004746,real
lfcc_gmm_controlled__P1__seed42,lfcc_gmm_controlled,P1,42,LOCAL,external_MEN,auc,0.2862127407407407,0.2163410567901235,0.36016900740740737,real
lfcc_gmm_controlled__P1__seed42,lfcc_gmm_controlled,P1,42,LOCAL,external_MEN,eer,0.6817777777777778,0.6177444444444444,0.7426666666666666,real
lfcc_gmm_controlled__P1__seed42,lfcc_gmm_controlled,P1,42,LOCAL,external_MEN,fpr,0.009777777777777778,,,real
lfcc_gmm_controlled__P1__seed42,lfcc_gmm_controlled,P1,42,LOCAL,external_MEN,fnr,1.0,,,real
lfcc_gmm_controlled__P1__seed42,lfcc_gmm_controlled,P1,42,LOCAL,external_MEN,tp,0.0,,,real
lfcc_gmm_controlled__P1__seed42,lfcc_gmm_controlled,P1,42,LOCAL,external_MEN,tn,2228.0,,,real
lfcc_gmm_controlled__P1__seed42,lfcc_gmm_controlled,P1,42,LOCAL,external_MEN,fp,22.0,,,real
lfcc_gmm_controlled__P1__seed42,lfcc_gmm_controlled,P1,42,LOCAL,external_MEN,fn,2250.0,,,real
lfcc_gmm_controlled__P1__seed42,lfcc_gmm_controlled,P1,42,LOCAL,external_MEN,brier,0.49015978950938777,,,real
lfcc_gmm_controlled__P1__seed42,lfcc_gmm_controlled,P1,42,LOCAL,external_MEN,ece,0.49168685879301766,,,real
lfcc_gmm_controlled__P1__seed42,lfcc_gmm_controlled,P1,42,LOCAL,external_MEN,n_clusters,75.0,,,real
lfcc_gmm_controlled__P1__seed42,lfcc_gmm_controlled,P1,42,LOCAL,external_BF-NEWS,n,1000.0,,,real
lfcc_gmm_controlled__P1__seed42,lfcc_gmm_controlled,P1,42,LOCAL,external_BF-NEWS,n_spoof,0.0,,,real
lfcc_gmm_controlled__P1__seed42,lfcc_gmm_controlled,P1,42,LOCAL,external_BF-NEWS,n_bonafide,1000.0,,,real
lfcc_gmm_controlled__P1__seed42,lfcc_gmm_controlled,P1,42,LOCAL,external_BF-NEWS,threshold,-0.43967378139495916,,,real
lfcc_gmm_controlled__P1__seed42,lfcc_gmm_controlled,P1,42,LOCAL,external_BF-NEWS,accuracy,0.002,,,real
lfcc_gmm_controlled__P1__seed42,lfcc_gmm_controlled,P1,42,LOCAL,external_BF-NEWS,balanced_accuracy,,,,real
lfcc_gmm_controlled__P1__seed42,lfcc_gmm_controlled,P1,42,LOCAL,external_BF-NEWS,precision_spoof,0.0,,,real
lfcc_gmm_controlled__P1__seed42,lfcc_gmm_controlled,P1,42,LOCAL,external_BF-NEWS,recall_spoof_sensitivity,,,,real
lfcc_gmm_controlled__P1__seed42,lfcc_gmm_controlled,P1,42,LOCAL,external_BF-NEWS,specificity_bonafide_recall,0.002,,,real
lfcc_gmm_controlled__P1__seed42,lfcc_gmm_controlled,P1,42,LOCAL,external_BF-NEWS,f1_spoof,0.0,,,real
lfcc_gmm_controlled__P1__seed42,lfcc_gmm_controlled,P1,42,LOCAL,external_BF-NEWS,f1_macro,,,,real
lfcc_gmm_controlled__P1__seed42,lfcc_gmm_controlled,P1,42,LOCAL,external_BF-NEWS,auc,,,,real
lfcc_gmm_controlled__P1__seed42,lfcc_gmm_controlled,P1,42,LOCAL,external_BF-NEWS,eer,,,,real
lfcc_gmm_controlled__P1__seed42,lfcc_gmm_controlled,P1,42,LOCAL,external_BF-NEWS,fpr,0.998,,,real
lfcc_gmm_controlled__P1__seed42,lfcc_gmm_controlled,P1,42,LOCAL,external_BF-NEWS,fnr,,,,real
lfcc_gmm_controlled__P1__seed42,lfcc_gmm_controlled,P1,42,LOCAL,external_BF-NEWS,tp,0.0,,,real
lfcc_gmm_controlled__P1__seed42,lfcc_gmm_controlled,P1,42,LOCAL,external_BF-NEWS,tn,2.0,,,real
lfcc_gmm_controlled__P1__seed42,lfcc_gmm_controlled,P1,42,LOCAL,external_BF-NEWS,fp,998.0,,,real
lfcc_gmm_controlled__P1__seed42,lfcc_gmm_controlled,P1,42,LOCAL,external_BF-NEWS,fn,0.0,,,real
lfcc_gmm_controlled__P1__seed42,lfcc_gmm_controlled,P1,42,LOCAL,external_BF-NEWS,frac_pred_spoof,0.998,0.9949899799599199,1.0,real
lfcc_gmm_controlled__P1__seed42,lfcc_gmm_controlled,P1,42,LOCAL,external_BF-NEWS,n_clusters,997.0,,,real
lfcc_gmm_controlled__P2__seed42,lfcc_gmm_controlled,P2,42,LOCAL,validation,n,900.0,,,real
lfcc_gmm_controlled__P2__seed42,lfcc_gmm_controlled,P2,42,LOCAL,validation,n_spoof,450.0,,,real
lfcc_gmm_controlled__P2__seed42,lfcc_gmm_controlled,P2,42,LOCAL,validation,n_bonafide,450.0,,,real
lfcc_gmm_controlled__P2__seed42,lfcc_gmm_controlled,P2,42,LOCAL,validation,threshold,5.184383869171143,,,real
lfcc_gmm_controlled__P2__seed42,lfcc_gmm_controlled,P2,42,LOCAL,validation,accuracy,1.0,1.0,1.0,real
lfcc_gmm_controlled__P2__seed42,lfcc_gmm_controlled,P2,42,LOCAL,validation,balanced_accuracy,1.0,,,real
lfcc_gmm_controlled__P2__seed42,lfcc_gmm_controlled,P2,42,LOCAL,validation,precision_spoof,1.0,,,real
lfcc_gmm_controlled__P2__seed42,lfcc_gmm_controlled,P2,42,LOCAL,validation,recall_spoof_sensitivity,1.0,,,real
lfcc_gmm_controlled__P2__seed42,lfcc_gmm_controlled,P2,42,LOCAL,validation,specificity_bonafide_recall,1.0,,,real
lfcc_gmm_controlled__P2__seed42,lfcc_gmm_controlled,P2,42,LOCAL,validation,f1_spoof,1.0,,,real
lfcc_gmm_controlled__P2__seed42,lfcc_gmm_controlled,P2,42,LOCAL,validation,f1_macro,1.0,1.0,1.0,real
lfcc_gmm_controlled__P2__seed42,lfcc_gmm_controlled,P2,42,LOCAL,validation,auc,1.0,0.9999999999999999,1.0,real
lfcc_gmm_controlled__P2__seed42,lfcc_gmm_controlled,P2,42,LOCAL,validation,eer,0.0,0.0,0.0,real
lfcc_gmm_controlled__P2__seed42,lfcc_gmm_controlled,P2,42,LOCAL,validation,fpr,0.0,,,real
lfcc_gmm_controlled__P2__seed42,lfcc_gmm_controlled,P2,42,LOCAL,validation,fnr,0.0,,,real
lfcc_gmm_controlled__P2__seed42,lfcc_gmm_controlled,P2,42,LOCAL,validation,tp,450.0,,,real
lfcc_gmm_controlled__P2__seed42,lfcc_gmm_controlled,P2,42,LOCAL,validation,tn,450.0,,,real
lfcc_gmm_controlled__P2__seed42,lfcc_gmm_controlled,P2,42,LOCAL,validation,fp,0.0,,,real
lfcc_gmm_controlled__P2__seed42,lfcc_gmm_controlled,P2,42,LOCAL,validation,fn,0.0,,,real
lfcc_gmm_controlled__P2__seed42,lfcc_gmm_controlled,P2,42,LOCAL,validation,brier,0.0034795865168638844,,,real
lfcc_gmm_controlled__P2__seed42,lfcc_gmm_controlled,P2,42,LOCAL,validation,ece,0.01078539162432832,,,real
lfcc_gmm_controlled__P2__seed42,lfcc_gmm_controlled,P2,42,LOCAL,validation,n_clusters,15.0,,,real
lfcc_gmm_controlled__P2__seed42,lfcc_gmm_controlled,P2,42,LOCAL,internal_test,n,900.0,,,real
lfcc_gmm_controlled__P2__seed42,lfcc_gmm_controlled,P2,42,LOCAL,internal_test,n_spoof,450.0,,,real
lfcc_gmm_controlled__P2__seed42,lfcc_gmm_controlled,P2,42,LOCAL,internal_test,n_bonafide,450.0,,,real
lfcc_gmm_controlled__P2__seed42,lfcc_gmm_controlled,P2,42,LOCAL,internal_test,threshold,5.184383869171143,,,real
lfcc_gmm_controlled__P2__seed42,lfcc_gmm_controlled,P2,42,LOCAL,internal_test,accuracy,0.9966666666666667,0.9933333333333333,1.0,real
lfcc_gmm_controlled__P2__seed42,lfcc_gmm_controlled,P2,42,LOCAL,internal_test,balanced_accuracy,0.9966666666666666,,,real
lfcc_gmm_controlled__P2__seed42,lfcc_gmm_controlled,P2,42,LOCAL,internal_test,precision_spoof,1.0,,,real
lfcc_gmm_controlled__P2__seed42,lfcc_gmm_controlled,P2,42,LOCAL,internal_test,recall_spoof_sensitivity,0.9933333333333333,,,real
lfcc_gmm_controlled__P2__seed42,lfcc_gmm_controlled,P2,42,LOCAL,internal_test,specificity_bonafide_recall,1.0,,,real
lfcc_gmm_controlled__P2__seed42,lfcc_gmm_controlled,P2,42,LOCAL,internal_test,f1_spoof,0.9966555183946488,,,real
lfcc_gmm_controlled__P2__seed42,lfcc_gmm_controlled,P2,42,LOCAL,internal_test,f1_macro,0.9966666296292181,0.9933330370238678,1.0,real
lfcc_gmm_controlled__P2__seed42,lfcc_gmm_controlled,P2,42,LOCAL,internal_test,auc,1.0,0.9999999999999999,1.0,real
lfcc_gmm_controlled__P2__seed42,lfcc_gmm_controlled,P2,42,LOCAL,internal_test,eer,0.0,0.0,0.0,real
lfcc_gmm_controlled__P2__seed42,lfcc_gmm_controlled,P2,42,LOCAL,internal_test,fpr,0.0,,,real
lfcc_gmm_controlled__P2__seed42,lfcc_gmm_controlled,P2,42,LOCAL,internal_test,fnr,0.006666666666666667,,,real
lfcc_gmm_controlled__P2__seed42,lfcc_gmm_controlled,P2,42,LOCAL,internal_test,tp,447.0,,,real
lfcc_gmm_controlled__P2__seed42,lfcc_gmm_controlled,P2,42,LOCAL,internal_test,tn,450.0,,,real
lfcc_gmm_controlled__P2__seed42,lfcc_gmm_controlled,P2,42,LOCAL,internal_test,fp,0.0,,,real
lfcc_gmm_controlled__P2__seed42,lfcc_gmm_controlled,P2,42,LOCAL,internal_test,fn,3.0,,,real
lfcc_gmm_controlled__P2__seed42,lfcc_gmm_controlled,P2,42,LOCAL,internal_test,brier,0.00702291477658171,,,real
lfcc_gmm_controlled__P2__seed42,lfcc_gmm_controlled,P2,42,LOCAL,internal_test,ece,0.01141147391839715,,,real
lfcc_gmm_controlled__P2__seed42,lfcc_gmm_controlled,P2,42,LOCAL,internal_test,n_clusters,15.0,,,real
lfcc_gmm_controlled__P2__seed42,lfcc_gmm_controlled,P2,42,LOCAL,external_BF-MOZ,n,5594.0,,,real
lfcc_gmm_controlled__P2__seed42,lfcc_gmm_controlled,P2,42,LOCAL,external_BF-MOZ,n_spoof,2797.0,,,real
lfcc_gmm_controlled__P2__seed42,lfcc_gmm_controlled,P2,42,LOCAL,external_BF-MOZ,n_bonafide,2797.0,,,real
lfcc_gmm_controlled__P2__seed42,lfcc_gmm_controlled,P2,42,LOCAL,external_BF-MOZ,threshold,5.184383869171143,,,real
lfcc_gmm_controlled__P2__seed42,lfcc_gmm_controlled,P2,42,LOCAL,external_BF-MOZ,accuracy,0.5736503396496246,0.5670316410439757,0.5802690382552735,real
lfcc_gmm_controlled__P2__seed42,lfcc_gmm_controlled,P2,42,LOCAL,external_BF-MOZ,balanced_accuracy,0.5736503396496246,,,real
lfcc_gmm_controlled__P2__seed42,lfcc_gmm_controlled,P2,42,LOCAL,external_BF-MOZ,precision_spoof,0.9975845410628019,,,real
lfcc_gmm_controlled__P2__seed42,lfcc_gmm_controlled,P2,42,LOCAL,external_BF-MOZ,recall_spoof_sensitivity,0.14765820521987844,,,real
lfcc_gmm_controlled__P2__seed42,lfcc_gmm_controlled,P2,42,LOCAL,external_BF-MOZ,specificity_bonafide_recall,0.9996424740793708,,,real
lfcc_gmm_controlled__P2__seed42,lfcc_gmm_controlled,P2,42,LOCAL,external_BF-MOZ,f1_spoof,0.2572407349735285,,,real
lfcc_gmm_controlled__P2__seed42,lfcc_gmm_controlled,P2,42,LOCAL,external_BF-MOZ,f1_macro,0.47912807715205197,0.46714908770101665,0.49081210918512946,real
lfcc_gmm_controlled__P2__seed42,lfcc_gmm_controlled,P2,42,LOCAL,external_BF-MOZ,auc,0.9917584970566425,0.9895657587570522,0.9937637068113608,real
lfcc_gmm_controlled__P2__seed42,lfcc_gmm_controlled,P2,42,LOCAL,external_BF-MOZ,eer,0.032892384697890596,0.02860207365033965,0.038264211655344965,real
lfcc_gmm_controlled__P2__seed42,lfcc_gmm_controlled,P2,42,LOCAL,external_BF-MOZ,fpr,0.0003575259206292456,,,real
lfcc_gmm_controlled__P2__seed42,lfcc_gmm_controlled,P2,42,LOCAL,external_BF-MOZ,fnr,0.8523417947801215,,,real
lfcc_gmm_controlled__P2__seed42,lfcc_gmm_controlled,P2,42,LOCAL,external_BF-MOZ,tp,413.0,,,real
lfcc_gmm_controlled__P2__seed42,lfcc_gmm_controlled,P2,42,LOCAL,external_BF-MOZ,tn,2796.0,,,real
lfcc_gmm_controlled__P2__seed42,lfcc_gmm_controlled,P2,42,LOCAL,external_BF-MOZ,fp,1.0,,,real
lfcc_gmm_controlled__P2__seed42,lfcc_gmm_controlled,P2,42,LOCAL,external_BF-MOZ,fn,2384.0,,,real
lfcc_gmm_controlled__P2__seed42,lfcc_gmm_controlled,P2,42,LOCAL,external_BF-MOZ,brier,0.037386550711081934,,,real
lfcc_gmm_controlled__P2__seed42,lfcc_gmm_controlled,P2,42,LOCAL,external_BF-MOZ,ece,0.05660371109168247,,,real
lfcc_gmm_controlled__P2__seed42,lfcc_gmm_controlled,P2,42,LOCAL,external_BF-MOZ,n_clusters,2797.0,,,real
lfcc_gmm_controlled__P2__seed42,lfcc_gmm_controlled,P2,42,LOCAL,external_BF-SUST,n,19998.0,,,real
lfcc_gmm_controlled__P2__seed42,lfcc_gmm_controlled,P2,42,LOCAL,external_BF-SUST,n_spoof,9999.0,,,real
lfcc_gmm_controlled__P2__seed42,lfcc_gmm_controlled,P2,42,LOCAL,external_BF-SUST,n_bonafide,9999.0,,,real
lfcc_gmm_controlled__P2__seed42,lfcc_gmm_controlled,P2,42,LOCAL,external_BF-SUST,threshold,5.184383869171143,,,real
lfcc_gmm_controlled__P2__seed42,lfcc_gmm_controlled,P2,42,LOCAL,external_BF-SUST,accuracy,0.5816081608160816,0.5779498383059671,0.585324432554199,real
lfcc_gmm_controlled__P2__seed42,lfcc_gmm_controlled,P2,42,LOCAL,external_BF-SUST,balanced_accuracy,0.5816081608160817,,,real
lfcc_gmm_controlled__P2__seed42,lfcc_gmm_controlled,P2,42,LOCAL,external_BF-SUST,precision_spoof,0.9548494983277592,,,real
lfcc_gmm_controlled__P2__seed42,lfcc_gmm_controlled,P2,42,LOCAL,external_BF-SUST,recall_spoof_sensitivity,0.1713171317131713,,,real
lfcc_gmm_controlled__P2__seed42,lfcc_gmm_controlled,P2,42,LOCAL,external_BF-SUST,specificity_bonafide_recall,0.991899189918992,,,real
lfcc_gmm_controlled__P2__seed42,lfcc_gmm_controlled,P2,42,LOCAL,external_BF-SUST,f1_spoof,0.29051132027473925,,,real
lfcc_gmm_controlled__P2__seed42,lfcc_gmm_controlled,P2,42,LOCAL,external_BF-SUST,f1_macro,0.4969203766568888,0.49069012517034116,0.503282465133239,real
lfcc_gmm_controlled__P2__seed42,lfcc_gmm_controlled,P2,42,LOCAL,external_BF-SUST,auc,0.8895332277502177,0.8856917968319975,0.8933937752735738,real
lfcc_gmm_controlled__P2__seed42,lfcc_gmm_controlled,P2,42,LOCAL,external_BF-SUST,eer,0.1894189418941894,0.1846338295534019,0.1944367303363104,real
lfcc_gmm_controlled__P2__seed42,lfcc_gmm_controlled,P2,42,LOCAL,external_BF-SUST,fpr,0.008100810081008101,,,real
lfcc_gmm_controlled__P2__seed42,lfcc_gmm_controlled,P2,42,LOCAL,external_BF-SUST,fnr,0.8286828682868287,,,real
lfcc_gmm_controlled__P2__seed42,lfcc_gmm_controlled,P2,42,LOCAL,external_BF-SUST,tp,1713.0,,,real
lfcc_gmm_controlled__P2__seed42,lfcc_gmm_controlled,P2,42,LOCAL,external_BF-SUST,tn,9918.0,,,real
lfcc_gmm_controlled__P2__seed42,lfcc_gmm_controlled,P2,42,LOCAL,external_BF-SUST,fp,81.0,,,real
lfcc_gmm_controlled__P2__seed42,lfcc_gmm_controlled,P2,42,LOCAL,external_BF-SUST,fn,8286.0,,,real
lfcc_gmm_controlled__P2__seed42,lfcc_gmm_controlled,P2,42,LOCAL,external_BF-SUST,brier,0.24267094751381382,,,real
lfcc_gmm_controlled__P2__seed42,lfcc_gmm_controlled,P2,42,LOCAL,external_BF-SUST,ece,0.28138889832612557,,,real
lfcc_gmm_controlled__P2__seed42,lfcc_gmm_controlled,P2,42,LOCAL,external_BF-SUST,n_clusters,9962.0,,,real
lfcc_gmm_controlled__P2__seed42,lfcc_gmm_controlled,P2,42,LOCAL,external_BF-NEWS,n,1000.0,,,real
lfcc_gmm_controlled__P2__seed42,lfcc_gmm_controlled,P2,42,LOCAL,external_BF-NEWS,n_spoof,0.0,,,real
lfcc_gmm_controlled__P2__seed42,lfcc_gmm_controlled,P2,42,LOCAL,external_BF-NEWS,n_bonafide,1000.0,,,real
lfcc_gmm_controlled__P2__seed42,lfcc_gmm_controlled,P2,42,LOCAL,external_BF-NEWS,threshold,5.184383869171143,,,real
lfcc_gmm_controlled__P2__seed42,lfcc_gmm_controlled,P2,42,LOCAL,external_BF-NEWS,accuracy,0.794,,,real
lfcc_gmm_controlled__P2__seed42,lfcc_gmm_controlled,P2,42,LOCAL,external_BF-NEWS,balanced_accuracy,,,,real
lfcc_gmm_controlled__P2__seed42,lfcc_gmm_controlled,P2,42,LOCAL,external_BF-NEWS,precision_spoof,0.0,,,real
lfcc_gmm_controlled__P2__seed42,lfcc_gmm_controlled,P2,42,LOCAL,external_BF-NEWS,recall_spoof_sensitivity,,,,real
lfcc_gmm_controlled__P2__seed42,lfcc_gmm_controlled,P2,42,LOCAL,external_BF-NEWS,specificity_bonafide_recall,0.794,,,real
lfcc_gmm_controlled__P2__seed42,lfcc_gmm_controlled,P2,42,LOCAL,external_BF-NEWS,f1_spoof,0.0,,,real
lfcc_gmm_controlled__P2__seed42,lfcc_gmm_controlled,P2,42,LOCAL,external_BF-NEWS,f1_macro,,,,real
lfcc_gmm_controlled__P2__seed42,lfcc_gmm_controlled,P2,42,LOCAL,external_BF-NEWS,auc,,,,real
lfcc_gmm_controlled__P2__seed42,lfcc_gmm_controlled,P2,42,LOCAL,external_BF-NEWS,eer,,,,real
lfcc_gmm_controlled__P2__seed42,lfcc_gmm_controlled,P2,42,LOCAL,external_BF-NEWS,fpr,0.206,,,real
lfcc_gmm_controlled__P2__seed42,lfcc_gmm_controlled,P2,42,LOCAL,external_BF-NEWS,fnr,,,,real
lfcc_gmm_controlled__P2__seed42,lfcc_gmm_controlled,P2,42,LOCAL,external_BF-NEWS,tp,0.0,,,real
lfcc_gmm_controlled__P2__seed42,lfcc_gmm_controlled,P2,42,LOCAL,external_BF-NEWS,tn,794.0,,,real
lfcc_gmm_controlled__P2__seed42,lfcc_gmm_controlled,P2,42,LOCAL,external_BF-NEWS,fp,206.0,,,real
lfcc_gmm_controlled__P2__seed42,lfcc_gmm_controlled,P2,42,LOCAL,external_BF-NEWS,fn,0.0,,,real
lfcc_gmm_controlled__P2__seed42,lfcc_gmm_controlled,P2,42,LOCAL,external_BF-NEWS,frac_pred_spoof,0.206,0.181453310409453,0.2320058058058058,real
lfcc_gmm_controlled__P2__seed42,lfcc_gmm_controlled,P2,42,LOCAL,external_BF-NEWS,n_clusters,997.0,,,real
